{"last_tab":"2","enable_preloader":"0","preloader_style":"text","preloader_color":"","loading_text":"H,O,S,P,A","preloader_small_typo":{"font-family":"","font-options":"","google":"1","font-weight":"","font-style":"","subsets":"","font-size":"","line-height":""},"preloader_image":{"url":"https:\/\/themes.hibootstrap.com\/hospa\/wp-content\/uploads\/2024\/05\/status.gif","id":"1725","height":"256","width":"256","thumbnail":"https:\/\/themes.hibootstrap.com\/hospa\/wp-content\/uploads\/2024\/05\/status-150x150.gif"},"main_logo":{"url":"https:\/\/themes.hibootstrap.com\/hospa\/wp-content\/uploads\/2024\/04\/Hospa_Logo_Black.svg","id":"767","height":"61","width":"151","thumbnail":"https:\/\/themes.hibootstrap.com\/hospa\/wp-content\/uploads\/2024\/04\/Hospa_Logo_Black.svg"},"logo_dimensions":{"width":"","height":"","units":"px"},"mobile_logo":{"url":"https:\/\/themes.hibootstrap.com\/hospa\/wp-content\/uploads\/2024\/04\/Hospa_Logo_Black.svg","id":"767","height":"61","width":"151","thumbnail":"https:\/\/themes.hibootstrap.com\/hospa\/wp-content\/uploads\/2024\/04\/Hospa_Logo_Black.svg"},"mobile_logo_dimensions":{"width":"","height":"","units":"px"},"enable_back_to_top":"1","process_arrow":{"url":"https:\/\/themes.hibootstrap.com\/hospa\/wp-content\/uploads\/2024\/04\/arrow-1.png","id":"1077","height":"9","width":"46","thumbnail":"https:\/\/themes.hibootstrap.com\/hospa\/wp-content\/uploads\/2024\/04\/arrow-1.png"},"ser_card_hicon":{"url":"","id":"","height":"","width":"","thumbnail":""},"hospa_enable_rtl":"disable","hide_top_header":"1","top_header_text":"Learn what to expect when visiting the Emergency Department. ","top_header_link_text":"Learn More","th_arrow_icon":"ti ti-arrow-right","th_linktext_link_type":"internal_link","th_btn_link_external":"#","top_header_link":"\/our-services\/","top_header_btn":"Request An Appointment","th_appbtn_link_type":"internal_link","th_appbtn_link_external":"#","top_header_btn_link":"\/book-an-appointment\/","top_header_btn_icon":"ti ti-calendar-plus","th_bg_color":"","th_color":"","topheader_text_typog":{"font-family":"","font-options":"","google":"1","font-backup":"","subsets":""},"th_btnbg_color":"","th_btncolor":"","th_btnbg_hcolor":"","th_btnhcolor":"","topheader_btntext_typog":{"font-family":"","font-options":"","google":"1","font-backup":"","subsets":""},"th_menucolor":"","th_menuhcolor":"","topheader_menutext_typog":{"font-family":"","font-options":"","google":"1","font-backup":"","subsets":""},"th_res_text":"Top Pages","nav_style_from":"indiv_pages","choose_nav_width":"container-fluid","choose_nav_style":"1","headerbg_color":"","headermenu_color":"","headermenu_hcolor":"","navheader_menutext_typog":{"font-family":"","font-options":"","google":"1","font-backup":"","subsets":""},"dropdownrmenubg_color":"","dropdownrmenu_color":"","dropdownrmenu_hcolor":"","navdropdown_menutext_typog":{"font-family":"","font-options":"","google":"1","font-backup":"","subsets":""},"nav_btn_social":"btn_display","header_btn_text":"Emergency","hbtn_link_type":"internal_link","hbtn_link_external":"https:\/\/wa.me\/92000000000 ","header_btn_link":"\/contact-us\/","header_btn_icon":"ti ti-alarm-plus-filled","social_icon_shortcode":"","enable_search":"1","search_ph_text":"Search","search_icon":"ti ti-search","headerbtnbg_color":"","headerbtn_color":"","headerbtn_bcolor":"","headerbtnhbg_color":"","headerbtnh_color":"","header_btn_typo":{"font-family":"","font-options":"","google":"1","font-backup":"","subsets":""},"logo_bg_color":"","logo_padding":{"units":"px","padding-top":"","padding-right":"","padding-bottom":"","padding-left":""},"enable_page_bannerimg":"0","enable_page_banner":"0","enable_page_breadcrumb":"0","enable_page_call":"0","header_phnicon":"ti ti-phone-call","header_call_text":"CALL:","header_call_num":"+011 3253 4567","header_call_num_link":"tel:01132534567","enable_page_meta":"","header_mail_link":"mailto:info@hospa.com","pagebanner_title_typo":{"font-family":"","font-options":"","google":"1","font-weight":"","font-style":"","subsets":"","text-align":"","font-size":"","line-height":"","color":""},"pagebanner_breadcrumb_typo":{"font-family":"","font-options":"","google":"1","font-weight":"","font-style":"","subsets":"","text-align":"","font-size":"","line-height":"","color":""},"pagebanner_breadcrumb_linktypo":{"font-family":"","font-options":"","google":"1","font-weight":"","font-style":"","subsets":"","text-align":"","font-size":"","line-height":"","color":""},"breadcrumb_arrowicon_color":"","banner_padding":{"units":"px","padding-top":"","padding-right":"","padding-bottom":"","padding-left":""},"page_banner_bg_color":"","phn_bgcolor":"","phn_ibgcolor":"","phn_icolor":"","pagebanner_calltext_typo":{"font-family":"","font-options":"","google":"1","font-weight":"","font-style":"","subsets":"","text-align":"","font-size":"","line-height":"","color":""},"pagebanner_callnum_typo":{"font-family":"","font-options":"","google":"1","font-weight":"","font-style":"","subsets":"","text-align":"","font-size":"","line-height":"","color":""},"meta_cardbgcolor":"","meta_ibgcolor":"","page_title_tag":"h1","enable_banner_share":"1","primary_color":"#9588E8","optional_color":"#0B55E5","footer_bgcolor":"#020D2B","hospa_single_blog_sidebar":"hospa_with_sidebar_right","hospa_blog_sidebar":"hospa_with_sidebar_right","hospa_blog_grid":"col-lg-12 col-md-12","form_comment_ph":"Type Your Comments","form_name_place":"Name","form_email_place":"Email","form_web_place":"Website","is_post_meta":"1","next_post_txt":"Next Post","previous_post_txt":"Previous Post","min_text":"MINS READ","read_more":"Read More","side_read_more":"Read More","enable_blog_post_share":"1","share_text":"SHARE THIS ARTICLE","enable_blog_post_fb":"1","enable_blog_post_twit":"1","enable_blog_post_linked":"1","labtest_permalink":"labtest-post","doctors_permalink":"doctors-post","services_permalink":"services-post","career_permalink":"career-post","event_permalink":"event-post","ser_post_title":"Services","ser_post_rm":"Read More","car_post_title":"Career","event_post_title":"Event","lab_post_title":"Labtest","lt_post_rm":"Read More","doc_post_title":"Doctor","doc_post_rm":"Read More","opt-typographyopt-body":{"font-family":"Libre Franklin","font-options":"","google":"1","font-backup":"","subsets":""},"opt-body_fontsize":{"font-size":"16px"},"para_typo":{"font-family":"","font-options":"","google":"1","font-weight":"","font-style":"","subsets":"","text-align":"","font-size":"","line-height":"","color":""},"enable_cart_btn":"1","default_cart":"0","products_page_count":"8","product_sidebar":"hospa_product_no_sidebar","enable_product_share":"1","enable_product_fb":"1","enable_product_tw":"1","enable_product_ld":"1","enable_product_wp":"1","enable_product_meta":"1","enable_product_review":"1","css_code":"","js_code":"","img_404":{"url":"https:\/\/themes.hibootstrap.com\/hospa\/wp-content\/uploads\/2024\/04\/error.png","id":"1121","height":"199","width":"500","thumbnail":"https:\/\/themes.hibootstrap.com\/hospa\/wp-content\/uploads\/2024\/04\/error-150x150.png"},"content_not_found":"Oops! That page can&#039;t be found","button_not_found":"Go To Home","fc_error_shortcode":"[hospa_block id=\"772\"]","redux-backup":1}