<wpml-config>
    <admin-texts>
        <key name="hospa_opt">
        	<key name="hospa_enable_rtl" />
            <key name="loading_text" />
            <key name="top_header_text" />
            <key name="top_header_link_text" />
            <key name="top_header_btn" />
            <key name="th_res_text" />
            <key name="header_btn_text" />
            <key name="search_ph_text" />
            <key name="header_phnicon" />
            <key name="header_call_text" />
            <key name="header_call_num" />
            <key name="header_call_num_link" />
            <key name="form_comment_ph" />
            <key name="form_name_place" />
            <key name="form_email_place" />
            <key name="form_web_place" />
            <key name="next_post_txt" />
            <key name="previous_post_txt" />
            <key name="min_text" />
            <key name="read_more" />
            <key name="side_read_more" />
            <key name="share_text" />
            <key name="labtest_permalink" />
            <key name="doctors_permalink" />
            <key name="services_permalink" />
            <key name="career_permalink" />
            <key name="ser_post_title" />
            <key name="ser_post_rm" />
            <key name="car_post_title" />
            <key name="lab_post_title" />
            <key name="lt_post_rm" />
            <key name="doc_post_title" />
            <key name="doc_post_rm" />
            <key name="products_page_count" />
            <key name="content_not_found" />
            <key name="button_not_found" />
            <key name="fc_error_shortcode" />
        </key>
    </admin-texts>
</wpml-config>