<wpml-config>
  <custom-types>
    <custom-type translate="1">shadepro_header</custom-type>
    <custom-type translate="1">shadepro_footer</custom-type>
    <custom-type translate="1">team</custom-type>
    <custom-type translate="1">job</custom-type>
    <custom-type translate="1">service</custom-type>
    <custom-type translate="1">portfolio</custom-type>
  </custom-types>
  <taxonomies>
    <taxonomy translate="1">team-category</taxonomy>
    <taxonomy translate="1">team-tag</taxonomy>
    <taxonomy translate="1">job-category</taxonomy>
    <taxonomy translate="1">job-type</taxonomy>
    <taxonomy translate="1">job-location</taxonomy>
    <taxonomy translate="1">service-category</taxonomy>
    <taxonomy translate="1">service-tag</taxonomy>
    <taxonomy translate="1">portfolio-category</taxonomy>
    <taxonomy translate="1">portfolio-tag</taxonomy>
  </taxonomies>
  <custom-fields>
    <custom-field action="ignore">_form</custom-field>
  </custom-fields>
</wpml-config>