[
    {
        "name": "facebook/graph-sdk",
        "version": "5.7.0",
        "version_normalized": "5.7.0.0",
        "source": {
            "type": "git",
            "url": "https://github.com/facebook/php-graph-sdk.git",
            "reference": "2d8250638b33d73e7a87add65f47fabf91f8ad9b"
        },
        "dist": {
            "type": "zip",
            "url": "https://api.github.com/repos/facebook/php-graph-sdk/zipball/2d8250638b33d73e7a87add65f47fabf91f8ad9b",
            "reference": "2d8250638b33d73e7a87add65f47fabf91f8ad9b",
            "shasum": ""
        },
        "require": {
            "php": "^5.4|^7.0"
        },
        "require-dev": {
            "guzzlehttp/guzzle": "~5.0",
            "mockery/mockery": "~0.8",
            "phpunit/phpunit": "~4.0"
        },
        "suggest": {
            "guzzlehttp/guzzle": "Allows for implementation of the Guzzle HTTP client",
            "paragonie/random_compat": "Provides a better CSPRNG option in PHP 5"
        },
        "time": "2018-12-11T22:56:31+00:00",
        "type": "library",
        "extra": {
            "branch-alias": {
                "dev-master": "5.x-dev"
            }
        },
        "installation-source": "dist",
        "autoload": {
            "psr-4": {
                "Facebook\\": "src/Facebook/"
            },
            "files": [
                "src/Facebook/polyfills.php"
            ]
        },
        "notification-url": "https://packagist.org/downloads/",
        "license": [
            "Facebook Platform"
        ],
        "authors": [
            {
                "name": "Facebook",
                "homepage": "https://github.com/facebook/php-graph-sdk/contributors"
            }
        ],
        "description": "Facebook SDK for PHP",
        "homepage": "https://github.com/facebook/php-graph-sdk",
        "keywords": [
            "facebook",
            "sdk"
        ]
    }
]
