<wpml-config>
    <custom-types>
        <custom-type translate="1">property</custom-type>
        <custom-type translate="1">agent</custom-type>
        <custom-type translate="1">partners</custom-type>
        <custom-type translate="1">slide</custom-type>
    </custom-types>
    <taxonomies>
        <taxonomy translate="1">property-feature</taxonomy>
        <taxonomy translate="1">property-type</taxonomy>
        <taxonomy translate="1">property-city</taxonomy>
        <taxonomy translate="1">property-status</taxonomy>
    </taxonomies>
    <custom-fields>
        <custom-field action="translate">REAL_HOMES_embed_code</custom-field>
        <custom-field action="copy">REAL_HOMES_gallery</custom-field>
        <custom-field action="translate">REAL_HOMES_gallery_slider_type</custom-field>
        <custom-field action="copy">REAL_HOMES_property_images</custom-field>
        <custom-field action="translate">REAL_HOMES_property_price</custom-field>
        <custom-field action="translate">REAL_HOMES_property_price_postfix</custom-field>
        <custom-field action="translate">REAL_HOMES_property_size</custom-field>
        <custom-field action="translate">REAL_HOMES_property_size_postfix</custom-field>
        <custom-field action="copy">REAL_HOMES_property_bedrooms</custom-field>
        <custom-field action="copy">REAL_HOMES_property_bathrooms</custom-field>
        <custom-field action="copy">REAL_HOMES_property_garage</custom-field>
        <custom-field action="translate">REAL_HOMES_property_id</custom-field>
        <custom-field action="translate">REAL_HOMES_property_address</custom-field>
        <custom-field action="translate">REAL_HOMES_property_location</custom-field>
        <custom-field action="translate">REAL_HOMES_tour_video_url</custom-field>
        <custom-field action="translate">REAL_HOMES_tour_video_image</custom-field>
        <custom-field action="translate">REAL_HOMES_featured</custom-field>
        <custom-field action="translate">REAL_HOMES_add_in_slider</custom-field>
        <custom-field action="copy">REAL_HOMES_slider_image</custom-field>
        <custom-field action="translate">REAL_HOMES_agent_display_option</custom-field>
        <custom-field action="translate">REAL_HOMES_agents</custom-field>
        <custom-field action="translate">REAL_HOMES_attachments</custom-field>
        <custom-field action="translate">REAL_HOMES_property_private_note</custom-field>
        <custom-field action="translate">REAL_HOMES_detail_titles</custom-field>
        <custom-field action="translate">REAL_HOMES_detail_values</custom-field>
        <custom-field action="translate">REAL_HOMES_partner_url</custom-field>
        <custom-field action="translate">REAL_HOMES_agent_email</custom-field>
        <custom-field action="translate">REAL_HOMES_mobile_number</custom-field>
        <custom-field action="translate">REAL_HOMES_office_number</custom-field>
        <custom-field action="translate">REAL_HOMES_fax_number</custom-field>
        <custom-field action="translate">REAL_HOMES_facebook_url</custom-field>
        <custom-field action="translate">REAL_HOMES_twitter_url</custom-field>
        <custom-field action="translate">REAL_HOMES_google_plus_url</custom-field>
        <custom-field action="translate">REAL_HOMES_linked_in_url</custom-field>
        <custom-field action="translate">REAL_HOMES_banner_title</custom-field>
        <custom-field action="translate">REAL_HOMES_banner_sub_title</custom-field>
        <custom-field action="translate">REAL_HOMES_page_banner_image</custom-field>
        <custom-field action="translate">REAL_HOMES_rev_slider_alias</custom-field>
        <custom-field action="translate">slide_sub_text</custom-field>
        <custom-field action="translate">REAL_HOMES_slide_url</custom-field>
    </custom-fields>
    <admin-texts>
        <key name="theme_sitelogo" />
        <key name="theme_general_banner_image" />
        <key name="theme_search_url" />
        <key name="theme_header_email" />
        <key name="theme_header_phone" />
        <key name="theme_home_advance_search_title" />
        <key name="theme_location_select_number" />
        <key name="theme_location_title_1" />
        <key name="theme_location_title_2" />
        <key name="theme_location_title_3" />
        <key name="theme_location_title_4" />
        <key name="theme_area_unit" />
        <key name="theme_slogan_title" />
        <key name="theme_slogan_text" />
        <key name="theme_news_posts_title" />
        <key name="theme_news_posts_text" />
        <key name="theme_featured_prop_title" />
        <key name="theme_featured_prop_text" />
        <key name="theme_additional_details_title" />
        <key name="theme_property_features_title" />
        <key name="theme_property_video_title" />
        <key name="theme_property_map_title" />
        <key name="theme_property_attachments_title" />
        <key name="theme_child_properties_title" />
        <key name="theme_similar_properties_title" />
        <key name="theme_news_banner_title" />
        <key name="theme_news_banner_sub_title" />
        <key name="theme_gallery_banner_title" />
        <key name="theme_gallery_banner_sub_title" />
        <key name="theme_currency_sign" />
        <key name="theme_currency_position" />
        <key name="theme_decimals" />
        <key name="theme_dec_point" />
        <key name="theme_thousands_sep" />
        <key name="theme_minimum_price_values" />
        <key name="theme_maximum_price_values" />
        <key name="theme_status_for_rent" />
        <key name="theme_banner_titles" />
        <key name="theme_message_copy_email" />
        <key name="theme_map_lati" />
        <key name="theme_map_longi" />
        <key name="theme_map_zoom" />
        <key name="theme_contact_details_title" />
        <key name="theme_contact_address" />
        <key name="theme_contact_cell" />
        <key name="theme_contact_phone" />
        <key name="theme_contact_fax" />
        <key name="theme_contact_display_email" />
        <key name="theme_contact_form_heading" />
        <key name="theme_contact_email" />
        <key name="theme_partners_title" />
        <key name="theme_copyright_text" />
        <key name="theme_designed_by_text" />
        <key name="theme_login_url" />
        <key name="theme_profile_url" />
        <key name="theme_submit_url" />
        <key name="theme_submit_default_address" />
        <key name="theme_submit_default_location" />
        <key name="theme_submit_message" />
        <key name="theme_submit_notice_email" />
        <key name="theme_favorites_url" />
        <key name="theme_my_properties_url" />
        <key name="theme_payment_amount" />
        <key name="theme_currency_code" />
    </admin-texts>
</wpml-config>