[
    {
        "nome": "Dheniell",
        "posicao": "Pivô",
        "pedra": "1"
    },
    {
        "nome": "Dario",
        "posicao": "Pivô",
        "pedra": "2"
    },
    {
        "nome": "Papel",
        "posicao": "Lateral Direito",
        "pedra": "2"
    },
    {
        "nome": "MP",
        "posicao": "Lateral Direito",
        "pedra": "2"
    },
    {
        "nome": "Matheus",
        "posicao": "Meia",
        "pedra": "1"
    },
    {
        "nome": "Malaca",
        "posicao": "Meia",
        "pedra": "3"
    },
    {
        "nome": "Igor",
        "posicao": "Lateral Esquerdo",
        "pedra": "3"
    },
    {
        "nome": "Bebeto",
        "posicao": "Fixo",
        "pedra": "1"
    },
    {
        "nome": "Diego",
        "posicao": "Lateral Esquerdo",
        "pedra": "2"
    },
    {
        "nome": "Geisel",
        "posicao": "Fixo",
        "pedra": "4"
    },
    {
        "nome": "Rondy",
        "posicao": "Meia",
        "pedra": "3"
    },
    {
        "nome": "Bolo",
        "posicao": "Pivô",
        "pedra": "3"
    },
    {
        "nome": "Samuel",
        "posicao": "Pivô",
        "pedra": "4"
    },
    {
        "nome": "Kloh",
        "posicao": "Fixo",
        "pedra": "1"
    },
    {
        "nome": "Andim",
        "posicao": "Fixo",
        "pedra": "2"
    },
    {
        "nome": "Darlan",
        "posicao": "Goleiro",
        "pedra": "1"
    },
    {
        "nome": "Baiano",
        "posicao": "Goleiro",
        "pedra": "2"
    }
]