<?xml version="1.0" encoding="UTF-8" ?>
<!-- This is a WordPress eXtended RSS file generated by WordPress as an export of your site. -->
<!-- It contains information about your site's posts, pages, comments, categories, and other content. -->
<!-- You may use this file to transfer that content from one site to another. -->
<!-- This file is not intended to serve as a complete backup of your site. -->

<!-- To import this information into a WordPress site follow these steps: -->
<!-- 1. Log in to that site as an administrator. -->
<!-- 2. Go to Tools: Import in the WordPress admin panel. -->
<!-- 3. Install the "WordPress" importer from the list. -->
<!-- 4. Activate & Run Importer. -->
<!-- 5. Upload this file using the form provided on that page. -->
<!-- 6. You will first be asked to map the authors in this export file to users -->
<!--    on the site. For each author, you may choose to map to an -->
<!--    existing user on the site or to create a new user. -->
<!-- 7. WordPress will then import each of the posts, pages, comments, categories, etc. -->
<!--    contained in this file into your site. -->

<!-- generator="WordPress/5.7" created="2021-04-07 06:26" -->
<rss version="2.0"
	xmlns:excerpt="http://wordpress.org/export/1.1/excerpt/"
	xmlns:content="http://purl.org/rss/1.0/modules/content/"
	xmlns:wfw="http://wellformedweb.org/CommentAPI/"
	xmlns:dc="http://purl.org/dc/elements/1.1/"
	xmlns:wp="http://wordpress.org/export/1.1/"
>
<channel>
	<title>ShadePro</title>
	<link>https://finestdevs.com/demos/wp/shadepro</link>
	<description>A Premium WordPress Theme</description>
	<pubDate>Wed, 07 Apr 2021 06:26:27 +0000</pubDate>
	<language></language>
	<wp:wxr_version>1.1</wp:wxr_version>
	<wp:base_site_url>https://finestdevs.com/demos/wp/shadepro</wp:base_site_url>
	<wp:base_blog_url>https://finestdevs.com/demos/wp/shadepro</wp:base_blog_url>

			
			<generator>https://wordpress.org/?v=5.7</generator>

<image>
	<url>https://finestdevs.com/demos/wp/shadepro/wp-content/uploads/2020/09/favicon.png</url>
	<title>ShadePro</title>
	<link>https://finestdevs.com/demos/wp/shadepro</link>
	<width>32</width>
	<height>32</height>
</image> 

									<item>
							<title>Email Marketing</title>
							<link>https://finestdevs.com/demos/wp/shadepro/</link>
							<pubDate>Mon, 05 Apr 2021 05:58:54 +0000</pubDate>
							<dc:creator>shadepro-admin</dc:creator>
							<guid isPermaLink="false">https://finestdevs.com/demos/wp/shadepro/?page_id=14193</guid>
							<description></description>
							<content:encoded><![CDATA[<img width="1230" height="967" src="https://finestdevs.com/demos/wp/shadepro/wp-content/uploads/2021/04/dashboard-web-app.png" alt="" loading="lazy" srcset="https://finestdevs.com/demos/wp/shadepro/wp-content/uploads/2021/04/dashboard-web-app.png 1230w, https://finestdevs.com/demos/wp/shadepro/wp-content/uploads/2021/04/dashboard-web-app-300x236.png 300w, https://finestdevs.com/demos/wp/shadepro/wp-content/uploads/2021/04/dashboard-web-app-1024x805.png 1024w, https://finestdevs.com/demos/wp/shadepro/wp-content/uploads/2021/04/dashboard-web-app-768x604.png 768w, https://finestdevs.com/demos/wp/shadepro/wp-content/uploads/2021/04/dashboard-web-app-492x387.png 492w" sizes="(max-width: 1230px) 100vw, 1230px" />											
			<h2>Create email campaigns for your fans.</h2>		
		<p>With lots of unique blocks, you can easily build a page without coding. Build your next landing page.</p>		
                            <a href="https://finestdevs.com/demos/wp/shadepro/contact/"  >
                    Start Free Trial
                                                        </a>
			No credit card required		
			<h2>Get started within minutes</h2>		
			<h2>We make your journey useful and friendly.</h2>		
										<img width="196" height="37" src="https://finestdevs.com/demos/wp/shadepro/wp-content/uploads/2021/04/Vector-11.png" alt="" loading="lazy" />											
					<svg xmlns="http://www.w3.org/2000/svg" width="94" height="94" viewBox="0 0 94 94" fill="none"><g clip-path="url(#clip0)"><path d="M38.0145 32.0189C43.0503 32.0189 47.0012 37.6338 47.0012 37.6338C47.0012 37.6338 50.728 32.0189 55.9902 32.0189C61.1084 32.0189 65.2879 36.2403 65.5615 41.3515C65.7155 44.2391 64.7847 46.4365 63.4733 48.4269C60.8525 52.4033 46.9845 61.6073 46.9845 61.6073C46.9845 61.6073 33.1687 52.4382 30.5305 48.4269C29.2163 46.4275 28.2879 44.2389 28.4426 41.3515C28.7162 36.2403 32.8959 32.0189 38.0145 32.0189Z" fill="#FFBDBC"></path><path d="M1.83594 68.6578H3.55859V15.7183C3.55859 11.5933 6.91451 8.23743 11.0395 8.23743H82.9605C87.0855 8.23743 90.4414 11.5933 90.4414 15.7183V68.658H92.1641C93.1781 68.658 94 69.4799 94 70.4939V77.3614C94 81.9938 90.2314 85.7626 85.5989 85.7626H8.40125C3.76881 85.7626 0 81.994 0 77.3616V70.4941C0 69.4797 0.822136 68.6578 1.83594 68.6578ZM82.9605 11.9093H11.0395C8.93918 11.9093 7.23047 13.618 7.23047 15.7181V20.8288H86.7695V15.7183C86.7695 13.618 85.0608 11.9093 82.9605 11.9093ZM86.7695 24.5007H7.23047V68.6578H33.7109C34.7247 68.6578 35.5469 69.4797 35.5469 70.4937C35.5469 71.6663 36.5008 72.6201 37.6734 72.6201H56.3266C57.4992 72.6201 58.4531 71.6661 58.4531 70.4937C58.4531 69.4797 59.2751 68.6578 60.2891 68.6578H86.7695V24.5007ZM3.67188 77.3614C3.67188 79.9692 5.79349 82.0906 8.40125 82.0906H85.5989C88.2067 82.0906 90.3281 79.969 90.3281 77.3612V72.3296H61.8272C61.0574 74.6297 58.8824 76.292 56.3267 76.292H37.6736C35.1178 76.292 32.9428 74.6297 32.173 72.3296H3.67188V77.3614Z" fill="#161C2D"></path><path d="M48.0312 17.9882H45.9688C44.9549 17.9882 44.1328 17.1662 44.1328 16.1522C44.1328 15.1382 44.9549 14.3163 45.9688 14.3163H48.0312C49.0452 14.3163 49.8672 15.1382 49.8672 16.1522C49.8672 17.1662 49.0452 17.9882 48.0312 17.9882Z" fill="#020288"></path><path d="M19.2578 45.4805H17.3271C16.3133 45.4805 15.4912 44.6585 15.4912 43.6445C15.4912 42.6305 16.3133 41.8086 17.3271 41.8086H19.2578C20.2716 41.8086 21.0938 42.6305 21.0938 43.6445C21.0938 44.6585 20.2716 45.4805 19.2578 45.4805Z" fill="#020288"></path><path d="M23.8944 35.0809C23.4244 35.0809 22.9546 34.9015 22.5962 34.5431L21.2312 33.1781C20.5143 32.4612 20.5143 31.2987 21.2312 30.5817C21.9483 29.8648 23.1108 29.8648 23.8278 30.5819L25.1928 31.9469C25.9097 32.6639 25.9097 33.8264 25.1928 34.5433C24.834 34.9015 24.3642 35.0809 23.8944 35.0809Z" fill="#020288"></path><path d="M23.8276 56.7072C23.469 57.0658 22.9992 57.245 22.5294 57.245C22.0596 57.245 21.5898 57.0656 21.2312 56.7072C20.5143 55.9903 20.5143 54.8278 21.2312 54.1109L22.5962 52.7458C23.3131 52.0289 24.4753 52.0289 25.1928 52.7458C25.9097 53.4628 25.9097 54.6253 25.1928 55.3422L23.8276 56.7072Z" fill="#020288"></path><path d="M74.7414 41.8086H76.6719C77.6859 41.8086 78.5078 42.6305 78.5078 43.6445C78.5078 44.6585 77.6859 45.4805 76.6719 45.4805H74.7414C73.7274 45.4805 72.9054 44.6585 72.9054 43.6445C72.9054 42.6305 73.7274 41.8086 74.7414 41.8086Z" fill="#020288"></path><path d="M71.4059 52.7458L72.7709 54.1109C73.4878 54.8278 73.4878 55.9903 72.7709 56.7074C72.4123 57.066 71.9425 57.2452 71.4727 57.2452C71.0029 57.2452 70.5329 57.066 70.1745 56.7074L68.8095 55.3424C68.0926 54.6255 68.0926 53.4629 68.8095 52.7458C69.5262 52.0289 70.6888 52.0289 71.4059 52.7458Z" fill="#020288"></path><path d="M70.1743 30.5815C70.8913 29.8646 72.0538 29.8646 72.7709 30.5815C73.4878 31.2985 73.4878 32.461 72.7709 33.1781L71.4059 34.5431C71.0473 34.9017 70.5775 35.0809 70.1077 35.0809C69.6379 35.0809 69.1679 34.9017 68.8095 34.5431C68.0926 33.8262 68.0926 32.6637 68.8095 31.9465L70.1743 30.5815Z" fill="#020288"></path></g><defs><clipPath id="clip0"><rect width="94" height="94" fill="white" transform="matrix(-1 0 0 1 94 0)"></rect></clipPath></defs></svg>
					<h4>Create free account</h4>
					<p>Lorem ipsum dolor sit amet, consect etur adipiscing elit, sed do.</p>
										<img width="217" height="38" src="https://finestdevs.com/demos/wp/shadepro/wp-content/uploads/2021/04/Vector-12.png" alt="" loading="lazy" />											
					<svg xmlns="http://www.w3.org/2000/svg" width="88" height="88" viewBox="0 0 88 88" fill="none"><g clip-path="url(#clip0)"><path d="M47.5201 32.0089V35.2482L16.4766 45.3773V55.1749L20.7982 56.3562V72.5279H26.7504C28.442 72.5279 29.8132 71.1567 29.8132 69.4651V58.8204L47.5201 63.6607V66.9H55.0352V32.0089H47.5201Z" fill="#B2F0FB"></path><path d="M81.6912 4.89514H6.30884C2.83009 4.89514 0 7.73125 0 11.2174V77.8738C0 80.7582 2.33767 83.1048 5.21073 83.1048H82.7891C85.6623 83.1048 87.9998 80.7582 87.9998 77.8738V11.2174C88 7.73125 85.1699 4.89514 81.6912 4.89514ZM3.4375 11.2174C3.4375 9.62686 4.72553 8.33281 6.30884 8.33281H81.6912C83.2745 8.33281 84.5625 9.62686 84.5625 11.2174V21.4323H3.4375V11.2174ZM84.5625 77.8736C84.5625 78.8626 83.7671 79.6671 82.7893 79.6671H5.21073C4.23294 79.6671 3.4375 78.8626 3.4375 77.8736V24.8696H84.5625V77.8736Z" fill="#161C2D"></path><path d="M56.5432 13.1637H54.2344C53.2851 13.1637 52.5156 13.9332 52.5156 14.8824C52.5156 15.8317 53.2851 16.6012 54.2344 16.6012H56.5432C57.4924 16.6012 58.2619 15.8317 58.2619 14.8824C58.2619 13.9332 57.4924 13.1637 56.5432 13.1637Z" fill="#020288"></path><path d="M67.219 13.1637H64.9102C63.9609 13.1637 63.1914 13.9332 63.1914 14.8824C63.1914 15.8317 63.9609 16.6012 64.9102 16.6012H67.219C68.1682 16.6012 68.9377 15.8317 68.9377 14.8824C68.9377 13.9332 68.1682 13.1637 67.219 13.1637Z" fill="#020288"></path><path d="M77.8986 13.1637H75.5898C74.6406 13.1637 73.8711 13.9332 73.8711 14.8824C73.8711 15.8317 74.6406 16.6012 75.5898 16.6012H77.8986C78.8479 16.6012 79.6174 15.8317 79.6174 14.8824C79.6174 13.9332 78.8479 13.1637 77.8986 13.1637Z" fill="#020288"></path><path d="M28.9131 13.1637H12.25C11.3007 13.1637 10.5312 13.9332 10.5312 14.8824C10.5312 15.8317 11.3007 16.6012 12.25 16.6012H28.9131C29.8624 16.6012 30.6319 15.8317 30.6319 14.8824C30.6319 13.9332 29.8624 13.1637 28.9131 13.1637Z" fill="#020288"></path><path d="M68.0871 49.4544C68.0871 51.7041 67.214 53.8162 65.6284 55.4016C64.9573 56.0728 64.9571 57.1611 65.6284 57.8323C65.9641 58.1679 66.4039 58.3357 66.8438 58.3357C67.2836 58.3357 67.7236 58.1678 68.0591 57.8323C70.294 55.5974 71.5248 52.6221 71.5248 49.4542C71.5248 46.2864 70.294 43.3109 68.0593 41.076C67.3881 40.4048 66.2998 40.4048 65.6286 41.076C64.9574 41.7472 64.9574 42.8355 65.6286 43.5068C67.214 45.0926 68.0871 47.2049 68.0871 49.4544Z" fill="#020288"></path><path d="M60.2807 52.4852C60.6164 52.8208 61.0562 52.9886 61.4961 52.9886C61.9359 52.9886 62.3759 52.8208 62.7114 52.4852C64.3823 50.814 64.3823 48.0949 62.7114 46.4238C62.0402 45.7526 60.9519 45.7526 60.2807 46.4238C59.6096 47.095 59.6096 48.1833 60.2807 48.8546C60.4969 49.0708 60.5293 49.3233 60.5293 49.4545C60.5293 49.5858 60.4969 49.8381 60.2807 50.0543C59.6096 50.7257 59.6096 51.814 60.2807 52.4852Z" fill="#020288"></path></g><defs><clipPath id="clip0"><rect width="88" height="88" fill="white"></rect></clipPath></defs></svg>
					<h4>Add a campaign</h4>
					<p>Lorem ipsum dolor sit amet, consect etur adipiscing elit, sed do.</p>
					<svg xmlns="http://www.w3.org/2000/svg" width="101" height="101" viewBox="0 0 101 101" fill="none"><g clip-path="url(#clip0)"><path d="M99.0273 77.7666H93.9383V22.1278C93.9383 18.8015 91.2322 16.0955 87.9059 16.0955H60.9886C59.8991 16.0955 59.016 16.9788 59.016 18.0681C59.016 19.1574 59.8991 20.0408 60.9886 20.0408H87.9059C89.0568 20.0408 89.993 20.977 89.993 22.1278V77.7666H67.0046C63.5901 77.7666 60.7063 80.0815 59.8399 83.2243H41.1601C40.2937 80.0815 37.4098 77.7666 33.9954 77.7666H11.007V22.1278C11.007 20.977 11.9432 20.0408 13.0941 20.0408H37.2161C38.3056 20.0408 39.1888 19.1574 39.1888 18.0681C39.1888 16.9788 38.3056 16.0955 37.2161 16.0955H13.0941C9.7678 16.0955 7.06172 18.8015 7.06172 22.1278V77.7666H1.97266C0.883158 77.7666 0 78.65 0 79.7393V89.2974C0 92.7531 2.81143 95.5645 6.26713 95.5645H94.7329C98.1886 95.5645 101 92.7531 101 89.2974V79.7393C101 78.6498 100.117 77.7666 99.0273 77.7666ZM97.0547 89.2974C97.0547 90.5776 96.0131 91.6192 94.7329 91.6192H6.26713C4.98688 91.6192 3.94531 90.5778 3.94531 89.2974V81.7119H33.9954C35.9171 81.7119 37.4805 83.2754 37.4805 85.197C37.4805 86.2863 38.3636 87.1697 39.4531 87.1697H61.5469C62.6364 87.1697 63.5195 86.2863 63.5195 85.197C63.5195 83.2754 65.0829 81.7119 67.0046 81.7119H97.0547V89.2974Z" fill="#161C2D"></path><path d="M37.9733 58.3259L21.3527 70.2123C20.4664 70.8462 20.2618 72.0783 20.8957 72.9644C21.2807 73.5027 21.8867 73.7897 22.5018 73.7897C22.8991 73.7897 23.2999 73.6702 23.6477 73.4215L39.4256 62.1379L56.2204 68.2008C56.8773 68.4377 57.6111 68.3099 58.1491 67.8641L75.2167 53.7182C75.3717 54.4027 75.888 54.9824 76.6116 55.1844C76.7887 55.2338 76.967 55.2574 77.1424 55.2574C78.0056 55.2572 78.7982 54.6862 79.0415 53.8142L80.4006 48.9404C80.5798 48.2981 80.4223 47.6091 79.9822 47.1082C79.5421 46.6075 78.8799 46.3623 78.2191 46.458L73.2073 47.1806C72.1291 47.336 71.3809 48.3362 71.5365 49.4144C71.6263 50.0374 71.9983 50.5503 72.5043 50.8422L56.4997 64.107L39.7909 58.075C39.18 57.8546 38.5008 57.9485 37.9733 58.3259Z" fill="#161C2D"></path><path d="M50.3523 52.5778C63.3703 52.5778 73.9234 42.0247 73.9234 29.0067C73.9234 15.9888 63.3703 5.43567 50.3523 5.43567C37.3344 5.43567 26.7812 15.9888 26.7812 29.0067C26.7812 42.0247 37.3344 52.5778 50.3523 52.5778Z" fill="#C2FED2"></path><path d="M53.4194 27.4104C53.0882 27.2934 52.7738 27.1812 52.4757 27.0737V20.7351C53.2565 20.973 53.7974 21.3707 54.0627 21.7491C54.6884 22.6409 55.9186 22.8565 56.8106 22.2306C57.7024 21.6049 57.9181 20.3747 57.2921 19.4827C56.362 18.1571 54.6758 17.0508 52.4755 16.6924V16.2758C52.4755 15.1865 51.5923 14.3031 50.5028 14.3031C49.4133 14.3031 48.5302 15.1865 48.5302 16.2758V16.8425C48.2305 16.909 47.926 16.9885 47.617 17.0814C45.1419 17.8271 43.2734 20.2317 43.0736 22.9287C42.8762 25.592 44.2943 27.9061 46.8668 29.1193C47.2318 29.2915 47.8033 29.529 48.5302 29.8125V37.4031C47.5153 37.0999 46.5832 36.5916 45.9778 35.8396C45.2944 34.9913 44.0526 34.8574 43.204 35.5407C42.3556 36.2242 42.2218 37.466 42.9052 38.3147C44.3426 40.0991 46.4644 41.0535 48.5302 41.4591V41.7374C48.5302 42.8267 49.4133 43.7101 50.5028 43.7101C51.5923 43.7101 52.4755 42.8267 52.4755 41.7374V41.6096C56.8345 41.0578 58.7373 38.2225 59.0588 35.6912C59.509 32.1485 57.1899 28.7433 53.4194 27.4104ZM47.0083 23.2205C47.0811 22.2395 47.7184 21.3047 48.5304 20.9433V25.5417C47.1787 24.8961 46.9562 23.9239 47.0083 23.2205ZM55.1453 35.1941C54.9883 36.4298 54.0294 37.2861 52.4757 37.6122V31.2752C54.5363 32.1592 55.3106 33.8918 55.1453 35.1941Z" fill="#161C2D"></path></g><defs><clipPath id="clip0"><rect width="101" height="101" fill="white"></rect></clipPath></defs></svg>
					<h4>Get results</h4>
					<p>Lorem ipsum dolor sit amet, consect etur adipiscing elit, sed do.</p>
										<img width="736" height="638" src="https://finestdevs.com/demos/wp/shadepro/wp-content/uploads/2021/04/Image-1-1.png" alt="" loading="lazy" srcset="https://finestdevs.com/demos/wp/shadepro/wp-content/uploads/2021/04/Image-1-1.png 736w, https://finestdevs.com/demos/wp/shadepro/wp-content/uploads/2021/04/Image-1-1-300x260.png 300w, https://finestdevs.com/demos/wp/shadepro/wp-content/uploads/2021/04/Image-1-1-492x426.png 492w" sizes="(max-width: 736px) 100vw, 736px" />											
										<img width="360" height="437" src="https://finestdevs.com/demos/wp/shadepro/wp-content/uploads/2021/04/email-merketing-3.png" alt="" loading="lazy" srcset="https://finestdevs.com/demos/wp/shadepro/wp-content/uploads/2021/04/email-merketing-3.png 360w, https://finestdevs.com/demos/wp/shadepro/wp-content/uploads/2021/04/email-merketing-3-247x300.png 247w" sizes="(max-width: 360px) 100vw, 360px" />											
										<img width="243" height="224" src="https://finestdevs.com/demos/wp/shadepro/wp-content/uploads/2021/04/email-merketing-4.png" alt="" loading="lazy" />											
			<h2>Create campaigns that converts high.</h2>		
		Lorem ipsum dolor sit amet, consectetur adipiscing elit, sed do eiusmod tempor incididunt ut labore et dolore tempor incididunt ut.		
                            <a href=""  >
                    Create your first campaign
                                                        </a>
			<h2>Send bulk emails to your customers fast.</h2>		
		Lorem ipsum dolor sit amet, consectetur adipiscing elit, sed do eiusmod tempor incididunt ut labore et dolore tempor incididunt ut.		
                            <a href=""  >
                    Connect with people now
                                                        </a>
										<img width="662" height="475" src="https://finestdevs.com/demos/wp/shadepro/wp-content/uploads/2021/04/Image-1.png" alt="" loading="lazy" srcset="https://finestdevs.com/demos/wp/shadepro/wp-content/uploads/2021/04/Image-1.png 662w, https://finestdevs.com/demos/wp/shadepro/wp-content/uploads/2021/04/Image-1-300x215.png 300w, https://finestdevs.com/demos/wp/shadepro/wp-content/uploads/2021/04/Image-1-492x353.png 492w" sizes="(max-width: 662px) 100vw, 662px" />											
										<img width="359" height="442" src="https://finestdevs.com/demos/wp/shadepro/wp-content/uploads/2021/04/Image-2.png" alt="" loading="lazy" srcset="https://finestdevs.com/demos/wp/shadepro/wp-content/uploads/2021/04/Image-2.png 359w, https://finestdevs.com/demos/wp/shadepro/wp-content/uploads/2021/04/Image-2-244x300.png 244w" sizes="(max-width: 359px) 100vw, 359px" />											
										<img width="224" height="197" src="https://finestdevs.com/demos/wp/shadepro/wp-content/uploads/2021/04/Ellipse-9-1.png" alt="" loading="lazy" />											
										<img width="478" height="539" src="https://finestdevs.com/demos/wp/shadepro/wp-content/uploads/2021/04/email-merketing-5.png" alt="" loading="lazy" srcset="https://finestdevs.com/demos/wp/shadepro/wp-content/uploads/2021/04/email-merketing-5.png 478w, https://finestdevs.com/demos/wp/shadepro/wp-content/uploads/2021/04/email-merketing-5-266x300.png 266w" sizes="(max-width: 478px) 100vw, 478px" />											
			<h2>Integrate with popular tools without hassle.</h2>		
		Lorem ipsum dolor sit amet, consectetur adipiscing elit, sed do eiusmod tempor incididunt ut labore et dolore tempor incididunt ut.		
                            <a href=""  >
                    See all integrations
                                                        </a>
			<h2>40,000+ Happy customers</h2>		
			<h2>Read what our customers say about ShadePro</h2>		
							<p>“You made it so simple. My new site is so much faster and easier to work with than my old site. I just choose the page, make the change and click save.</p>
									<img src="https://finestdevs.com/demos/wp/shadepro/wp-content/uploads/2020/12/reviw-1.png" title="reviw-1.png" alt="reviw-1.png" />								
								<h4>Kevin Muro</h4>
								DIgital Marketer
							<p>“Simply the best. Better than all the rest. I’d recommend this product to beginners and advanced users.”</p>
									<img src="https://finestdevs.com/demos/wp/shadepro/wp-content/uploads/2020/12/reviw-4.png" title="reviw-4.png" alt="reviw-4.png" />								
								<h4>Cora Boone</h4>
								Fitness Blogger
							<p>“Simply the best. Better than all the rest. I’d recommend this product to beginners and advanced users.”</p>
									<img src="https://finestdevs.com/demos/wp/shadepro/wp-content/uploads/2020/12/reviw-2.png" title="reviw-2.png" alt="reviw-2.png" />								
								<h4>Matthew Grant</h4>
								Web Developer
							<p>“You made it so simple. My new site is so much faster and easier to work with than my old site. I just choose the page, make the change and click save.</p>
									<img src="https://finestdevs.com/demos/wp/shadepro/wp-content/uploads/2020/12/reviw-5.png" title="reviw-5.png" alt="reviw-5.png" />								
								<h4>Ronald Braver</h4>
								Digital Marketer
							<p>“Simply the best. Better than all the rest. I’d recommend this product to beginners and advanced users.”</p>
									<img src="https://finestdevs.com/demos/wp/shadepro/wp-content/uploads/2020/12/reviw-3.png" title="reviw-3.png" alt="reviw-3.png" />								
								<h4>Stephen Weaver</h4>
								Affiliate Marketer
							<p>Must have book for students, who want to be Product Designer, UX Designer, or Interaction Designer.</p>
									<img src="https://finestdevs.com/demos/wp/shadepro/wp-content/uploads/2020/12/reviw-6.png" title="reviw-6.png" alt="reviw-6.png" />								
								<h4>John Martin</h4>
								Agency
										<img width="124" height="116" src="https://finestdevs.com/demos/wp/shadepro/wp-content/uploads/2021/04/Ellipse-8.png" alt="" loading="lazy" />											
										<img width="123" height="122" src="https://finestdevs.com/demos/wp/shadepro/wp-content/uploads/2021/04/Ellipse-9.png" alt="" loading="lazy" srcset="https://finestdevs.com/demos/wp/shadepro/wp-content/uploads/2021/04/Ellipse-9.png 123w, https://finestdevs.com/demos/wp/shadepro/wp-content/uploads/2021/04/Ellipse-9-100x100.png 100w" sizes="(max-width: 123px) 100vw, 123px" />											
			<h2>Grow your business with email marketing</h2>		
		Lorem ipsum dolor sit amet, consectetur adipiscing elit, sed do eiusmod tempor incididunt ut labore et dolore tempor incididunt ut.		
                            <a href="https://finestdevs.com/demos/wp/shadepro/contact/"  >
                    Start Free Trial
                                                        </a>
			No credit card required		
										<img width="1130" height="863" src="https://finestdevs.com/demos/wp/shadepro/wp-content/uploads/2021/04/IMG.png" alt="" loading="lazy" srcset="https://finestdevs.com/demos/wp/shadepro/wp-content/uploads/2021/04/IMG.png 1130w, https://finestdevs.com/demos/wp/shadepro/wp-content/uploads/2021/04/IMG-300x229.png 300w, https://finestdevs.com/demos/wp/shadepro/wp-content/uploads/2021/04/IMG-1024x782.png 1024w, https://finestdevs.com/demos/wp/shadepro/wp-content/uploads/2021/04/IMG-768x587.png 768w, https://finestdevs.com/demos/wp/shadepro/wp-content/uploads/2021/04/IMG-492x376.png 492w" sizes="(max-width: 1130px) 100vw, 1130px" />]]></content:encoded>
							<excerpt:encoded><![CDATA[]]></excerpt:encoded>
							<wp:post_id>14193</wp:post_id>
							<wp:post_date>2021-04-05 05:58:54</wp:post_date>
							<wp:post_date_gmt>2021-04-05 05:58:54</wp:post_date_gmt>
							<wp:comment_status>closed</wp:comment_status>
							<wp:ping_status>closed</wp:ping_status>
							<wp:post_name>email-marketing</wp:post_name>
							<wp:status>publish</wp:status>
							<wp:post_parent>0</wp:post_parent>
							<wp:menu_order>0</wp:menu_order>
							<wp:post_type>page</wp:post_type>
							<wp:post_password></wp:post_password>
							<wp:is_sticky>0</wp:is_sticky>
																															<wp:postmeta>
											<wp:meta_key>_wp_page_template</wp:meta_key>
											<wp:meta_value><![CDATA[elementor_header_footer]]></wp:meta_value>
										</wp:postmeta>
																				<wp:postmeta>
											<wp:meta_key>_edit_last</wp:meta_key>
											<wp:meta_value><![CDATA[1]]></wp:meta_value>
										</wp:postmeta>
																				<wp:postmeta>
											<wp:meta_key>body_background_color</wp:meta_key>
											<wp:meta_value><![CDATA[]]></wp:meta_value>
										</wp:postmeta>
																				<wp:postmeta>
											<wp:meta_key>_body_background_color</wp:meta_key>
											<wp:meta_value><![CDATA[field_5c721ec24addf]]></wp:meta_value>
										</wp:postmeta>
																				<wp:postmeta>
											<wp:meta_key>_elementor_edit_mode</wp:meta_key>
											<wp:meta_value><![CDATA[builder]]></wp:meta_value>
										</wp:postmeta>
																				<wp:postmeta>
											<wp:meta_key>_elementor_template_type</wp:meta_key>
											<wp:meta_value><![CDATA[wp-page]]></wp:meta_value>
										</wp:postmeta>
																				<wp:postmeta>
											<wp:meta_key>_elementor_version</wp:meta_key>
											<wp:meta_value><![CDATA[3.1.4]]></wp:meta_value>
										</wp:postmeta>
																				<wp:postmeta>
											<wp:meta_key>_elementor_data</wp:meta_key>
											<wp:meta_value><![CDATA[[{"id":"ddad1a1","elType":"section","settings":{"shadepro_enable_gradient":"yes","shadepro_gradient_1":"#473BF0","shadepro_gradient_2":"#E6BA49","shadepro_gradient_3":"#F03B5C","shadepro_gradient_4":"#E6BA49","height":"min-height","custom_height":{"unit":"px","size":1,"sizes":[]},"shape_divider_bottom_height":{"unit":"px","size":500,"sizes":[]},"shape_divider_bottom_flip":"yes","shape_divider_bottom_width":{"unit":"%","size":148,"sizes":[]},"padding":{"unit":"px","top":"215","right":"0","bottom":"0","left":"0","isLinked":false},"__globals__":{"shadepro_gradient_4":""},"margin":{"unit":"px","top":"-101","right":0,"bottom":"175","left":0,"isLinked":false},"padding_tablet":{"unit":"px","top":"200","right":"0","bottom":"0","left":"0","isLinked":false},"content_width":{"unit":"px","size":1320,"sizes":[]},"shape_divider_bottom_height_tablet":{"unit":"px","size":398,"sizes":[]},"shape_divider_bottom_height_mobile":{"unit":"px","size":500,"sizes":[]},"css_classes":"shadepro-gradient-till","fd_addons_custom_css":"selector {\n    color:#rgb(#,0,0);\n}\n\nselector .shadepro-heading-title{\n    color: unset!important;\n}"},"elements":[{"id":"856da9f","elType":"column","settings":{"_column_size":100,"_inline_size":null},"elements":[{"id":"4167b03","elType":"widget","settings":{"image":{"url":"https:\/\/finestdevs.com\/demos\/wp\/shadepro\/wp-content\/uploads\/2021\/04\/dashboard-web-app.png","id":14436},"_element_width":"initial","_element_custom_width":{"unit":"px","size":1024},"_position":"absolute","_offset_x":{"size":625,"unit":"px"},"_offset_x_end":{"size":-24.056000000000000937916411203332245349884033203125,"unit":"vw"},"_offset_y":{"size":-125,"unit":"px"},"_offset_x_tablet":{"unit":"px","size":270,"sizes":[]},"_offset_x_end_tablet":{"size":-477.79700000000002546585164964199066162109375,"unit":"px"},"align":"right","_animation":"fadeInRight","_offset_y_end":{"size":0,"unit":"px"},"image_size":"full","_z_index":0,"_element_width_tablet":"initial","_element_custom_width_tablet":{"unit":"px","size":861},"_offset_y_tablet":{"size":-133,"unit":"px"},"_element_width_mobile":"initial","_element_custom_width_mobile":{"unit":"px","size":346},"_offset_x_end_mobile":{"size":22.187999999999998834709913353435695171356201171875,"unit":"px"},"_offset_y_mobile":{"size":-83,"unit":"px"}},"elements":[],"widgetType":"image"},{"id":"3eaaddf","elType":"section","settings":{"structure":"20","margin":{"unit":"px","top":"0","right":0,"bottom":"-175","left":0,"isLinked":false},"margin_tablet":{"unit":"px","top":"","right":0,"bottom":"","left":0,"isLinked":true},"margin_mobile":{"unit":"px","top":"0","right":0,"bottom":"-233","left":0,"isLinked":false},"padding_mobile":{"unit":"px","top":"181","right":"0","bottom":"0","left":"0","isLinked":false},"background_color":"#D77979"},"elements":[{"id":"8d1a0be","elType":"column","settings":{"_column_size":50,"_inline_size":56.25,"animation":"fadeInLeft"},"elements":[{"id":"776f0b8","elType":"widget","settings":{"title":"Create email campaigns for your fans.","title_color":"#000000","typography_typography":"custom","typography_font_family":"DM Sans","typography_font_size":{"unit":"px","size":90,"sizes":[]},"typography_font_size_tablet":{"unit":"px","size":60,"sizes":[]},"typography_font_size_mobile":{"unit":"px","size":51,"sizes":[]},"typography_font_weight":"700","blend_mode":"color-burn","_margin":{"unit":"px","top":"0","right":"0","bottom":"40","left":"0","isLinked":false},"__globals__":{"title_color":""},"typography_line_height":{"unit":"em","size":1.100000000000000088817841970012523233890533447265625,"sizes":[]},"typography_letter_spacing":{"unit":"px","size":-2.5,"sizes":[]}},"elements":[],"widgetType":"shadepro-heading"},{"id":"5db6934","elType":"widget","settings":{"editor":"<p>With lots of unique blocks, you can easily build a page without coding. Build your next landing page.<\/p>","text_color":"#7A7A7A","typography_typography":"custom","typography_font_family":"DM Sans","typography_font_size":{"unit":"px","size":17,"sizes":[]},"typography_font_weight":"400","typography_line_height":{"unit":"em","size":1.7050000000000000710542735760100185871124267578125,"sizes":[]},"typography_letter_spacing":{"unit":"px","size":-0.200000000000000011102230246251565404236316680908203125,"sizes":[]},"_margin":{"unit":"px","top":"0","right":"200","bottom":"0","left":"0","isLinked":false},"__globals__":{"typography_typography":""},"_margin_tablet":{"unit":"px","top":"0","right":"0","bottom":"0","left":"0","isLinked":false}},"elements":[],"widgetType":"text-editor"},{"id":"41cc9ad","elType":"widget","settings":{"button_label":"Start Free Trial","button_type":"boxed","boxed_btn_background":"#473BF0","heading_typography_typography":"custom","heading_typography_font_family":"DM Sans","heading_typography_font_size":{"unit":"px","size":15,"sizes":[]},"heading_typography_font_weight":"600","heading_typography_line_height":{"unit":"em","size":1,"sizes":[]},"button_padding":{"unit":"px","top":"20","right":"30","bottom":"20","left":"30","isLinked":false},"button_url":{"url":"https:\/\/finestdevs.com\/demos\/wp\/shadepro\/contact\/","is_external":"","nofollow":"","custom_attributes":""},"button_border_width":{"unit":"px","top":"2","right":"2","bottom":"2","left":"2","isLinked":true},"button_border_color":"#FFFFFF","button_radius":{"unit":"px","top":"50","right":"50","bottom":"50","left":"50","isLinked":true},"heading_typography_letter_spacing":{"unit":"px","size":0,"sizes":[]},"_margin":{"unit":"px","top":"30","right":"0","bottom":"15","left":"0","isLinked":false},"__globals__":{"boxed_btn_background":""},"btn_hover_background":"#4844EC","btn_hover_animation":"float"},"elements":[],"widgetType":"shadepro-btn"},{"id":"477280b","elType":"widget","settings":{"title":"No credit card required","header_size":"span","title_color":"#7A7A7A","typography_typography":"custom","typography_font_family":"DM Sans","typography_font_size":{"unit":"px","size":14,"sizes":[]},"typography_font_weight":"300","typography_line_height":{"unit":"em","size":1.600000000000000088817841970012523233890533447265625,"sizes":[]},"typography_letter_spacing":{"unit":"px","size":-0.200000000000000011102230246251565404236316680908203125,"sizes":[]},"__globals__":{"title_color":"","typography_typography":""}},"elements":[],"widgetType":"heading"}],"isInner":true},{"id":"737292e","elType":"column","settings":{"_column_size":50,"_inline_size":43.70700000000000073896444519050419330596923828125},"elements":[],"isInner":true}],"isInner":true}],"isInner":false}],"isInner":false},{"id":"2f3fc10","elType":"section","settings":{"padding":{"unit":"px","top":"120","right":"0","bottom":"95","left":"0","isLinked":false},"padding_tablet":{"unit":"px","top":"60","right":"0","bottom":"60","left":"0","isLinked":false},"z_index_tablet":1,"padding_mobile":{"unit":"px","top":"84","right":"0","bottom":"40","left":"0","isLinked":false}},"elements":[{"id":"a8fa9fe","elType":"column","settings":{"_column_size":100,"_inline_size":null},"elements":[{"id":"3845397","elType":"section","settings":{"content_width":{"unit":"px","size":643,"sizes":[]},"padding":{"unit":"px","top":"0","right":"0","bottom":"80","left":"0","isLinked":false},"padding_tablet":{"unit":"px","top":"0","right":"0","bottom":"16","left":"0","isLinked":false}},"elements":[{"id":"bf84bc5","elType":"column","settings":{"_column_size":100,"_inline_size":null},"elements":[{"id":"eb6ae40","elType":"widget","settings":{"title":"Get started within minutes","align":"center","title_color":"#F64B4B","typography_typography":"custom","typography_font_family":"DM Sans","typography_font_size":{"unit":"px","size":13,"sizes":[]},"typography_font_weight":"700","typography_text_transform":"uppercase","typography_letter_spacing":{"unit":"px","size":4,"sizes":[]},"_margin":{"unit":"px","top":"0","right":"0","bottom":"30","left":"0","isLinked":false},"__globals__":{"title_color":""}},"elements":[],"widgetType":"heading"},{"id":"8148eb9","elType":"widget","settings":{"title":"We make your journey useful and friendly.","align":"center","title_color":"#161C2D","typography_typography":"custom","typography_font_family":"DM Sans","typography_font_size":{"unit":"px","size":48,"sizes":[]},"typography_font_weight":"700","typography_line_height":{"unit":"em","size":1.125,"sizes":[]},"typography_letter_spacing":{"unit":"px","size":-1,"sizes":[]},"__globals__":{"typography_typography":""},"typography_font_size_mobile":{"unit":"px","size":40,"sizes":[]}},"elements":[],"widgetType":"heading"}],"isInner":true}],"isInner":true},{"id":"529ac9e","elType":"section","settings":{"structure":"30"},"elements":[{"id":"ec06a4e","elType":"column","settings":{"_column_size":33,"_inline_size":null},"elements":[{"id":"ddb87d9","elType":"widget","settings":{"image":{"url":"https:\/\/finestdevs.com\/demos\/wp\/shadepro\/wp-content\/uploads\/2021\/04\/Vector-11.png","id":14261},"_element_width":"auto","_position":"absolute","_offset_orientation_h":"end","_offset_x_end":{"unit":"px","size":-105.7000000000000028421709430404007434844970703125,"sizes":[]},"_offset_y":{"unit":"px","size":65,"sizes":[]},"_element_width_tablet":"initial","_element_custom_width_tablet":{"unit":"px","size":164},"_offset_x_end_tablet":{"unit":"px","size":-95.400000000000005684341886080801486968994140625,"sizes":[]},"_offset_x_end_mobile":{"size":69.59399999999999408828443847596645355224609375,"unit":"px"},"_offset_y_mobile":{"size":226,"unit":"px"},"hide_mobile":"hidden-phone"},"elements":[],"widgetType":"image"},{"id":"24b8ba1","elType":"widget","settings":{"icon":{"value":{"url":"https:\/\/finestdevs.com\/demos\/wp\/shadepro\/wp-content\/uploads\/2021\/04\/laptop-1.svg","id":14256},"library":"svg"},"title":"Create free account","description":"Lorem ipsum dolor sit amet, consect etur adipiscing elit, sed do.","button_text":"Learn more","enable_icon_box":"","title_gap":{"unit":"px","size":15,"sizes":[]},"heading_typography_typography":"custom","heading_typography_font_family":"DM Sans","heading_typography_font_size":{"unit":"px","size":24,"sizes":[]},"heading_typography_font_weight":"700","description_typography_typography":"custom","description_typography_font_family":"DM Sans","description_typography_font_size":{"unit":"px","size":16,"sizes":[]},"description_typography_font_weight":"400","description_typography_line_height":{"unit":"em","size":1.75,"sizes":[]},"box_shadow_box_shadow_type":"","__globals__":{"description_typography_typography":""},"icon_size_tablet":{"unit":"px","size":68,"sizes":[]},"space_between_icon_tablet":{"unit":"px","size":19,"sizes":[]},"space_between_icon_mobile":{"unit":"px","size":5,"sizes":[]},"_margin_mobile":{"unit":"px","top":"0","right":"0","bottom":"0","left":"0","isLinked":false}},"elements":[],"widgetType":"shadepro-feature-box"}],"isInner":true},{"id":"aa4e842","elType":"column","settings":{"_column_size":33,"_inline_size":null,"margin":{"unit":"px","top":"30","right":"0","bottom":"0","left":"0","isLinked":false},"margin_mobile":{"unit":"px","top":"0","right":"0","bottom":"0","left":"0","isLinked":false}},"elements":[{"id":"d6be15e","elType":"widget","settings":{"image":{"url":"https:\/\/finestdevs.com\/demos\/wp\/shadepro\/wp-content\/uploads\/2021\/04\/Vector-12.png","id":14260},"_element_width":"auto","_position":"absolute","_offset_orientation_h":"end","_offset_x_end":{"unit":"px","size":-122,"sizes":[]},"_offset_y":{"unit":"px","size":0,"sizes":[]},"_element_width_tablet":"initial","_element_custom_width_tablet":{"unit":"px","size":164,"sizes":[]},"_offset_x_end_tablet":{"size":-96,"unit":"px"},"_offset_y_tablet":{"size":20,"unit":"px"},"_offset_x_end_mobile":{"size":77,"unit":"px"},"_offset_y_mobile":{"size":211,"unit":"px"},"hide_mobile":"hidden-phone"},"elements":[],"widgetType":"image"},{"id":"759d8ce","elType":"widget","settings":{"icon":{"value":{"url":"https:\/\/finestdevs.com\/demos\/wp\/shadepro\/wp-content\/uploads\/2021\/04\/window-1.svg","id":14255},"library":"svg"},"title":"Add a campaign","description":"Lorem ipsum dolor sit amet, consect etur adipiscing elit, sed do.","button_text":"Learn more","enable_icon_box":"","title_gap":{"unit":"px","size":15,"sizes":[]},"heading_typography_typography":"custom","heading_typography_font_family":"DM Sans","heading_typography_font_size":{"unit":"px","size":24,"sizes":[]},"heading_typography_font_weight":"700","description_typography_typography":"custom","description_typography_font_family":"DM Sans","description_typography_font_size":{"unit":"px","size":16,"sizes":[]},"description_typography_font_weight":"400","description_typography_line_height":{"unit":"em","size":1.75,"sizes":[]},"box_shadow_box_shadow_type":"","__globals__":{"description_typography_typography":""},"icon_size_tablet":{"unit":"px","size":68,"sizes":[]},"space_between_icon_tablet":{"unit":"px","size":19,"sizes":[]},"space_between_icon_mobile":{"unit":"px","size":5,"sizes":[]},"_margin_mobile":{"unit":"px","top":"0","right":"0","bottom":"0","left":"0","isLinked":false}},"elements":[],"widgetType":"shadepro-feature-box"}],"isInner":true},{"id":"8b334ef","elType":"column","settings":{"_column_size":33,"_inline_size":null},"elements":[{"id":"17e0e07","elType":"widget","settings":{"icon":{"value":{"url":"https:\/\/finestdevs.com\/demos\/wp\/shadepro\/wp-content\/uploads\/2021\/04\/laptop-1-1.svg","id":14254},"library":"svg"},"title":"Get results","description":"Lorem ipsum dolor sit amet, consect etur adipiscing elit, sed do.","button_text":"Learn more","enable_icon_box":"","title_gap":{"unit":"px","size":15,"sizes":[]},"heading_typography_typography":"custom","heading_typography_font_family":"DM Sans","heading_typography_font_size":{"unit":"px","size":24,"sizes":[]},"heading_typography_font_weight":"700","description_typography_typography":"custom","description_typography_font_family":"DM Sans","description_typography_font_size":{"unit":"px","size":16,"sizes":[]},"description_typography_font_weight":"400","description_typography_line_height":{"unit":"em","size":1.75,"sizes":[]},"box_shadow_box_shadow_type":"","__globals__":{"description_typography_typography":""},"icon_size_tablet":{"unit":"px","size":68,"sizes":[]},"space_between_icon_tablet":{"unit":"px","size":19,"sizes":[]},"space_between_icon_mobile":{"unit":"px","size":5,"sizes":[]}},"elements":[],"widgetType":"shadepro-feature-box"}],"isInner":true}],"isInner":true}],"isInner":false}],"isInner":false},{"id":"f263cfb","elType":"section","settings":{"background_background":"gradient","background_color":"#FAF9FD","background_color_b":"#FAF9FD00","padding":{"unit":"px","top":"100","right":"0","bottom":"40","left":"0","isLinked":false},"padding_tablet":{"unit":"px","top":"90","right":"0","bottom":"60","left":"0","isLinked":false},"content_width":{"unit":"px","size":1320,"sizes":[]},"padding_mobile":{"unit":"px","top":"70","right":"0","bottom":"40","left":"0","isLinked":false}},"elements":[{"id":"cbb5a99","elType":"column","settings":{"_column_size":100,"_inline_size":null},"elements":[{"id":"d5227bd","elType":"section","settings":{"structure":"20","content_position":"middle","padding_mobile":{"unit":"px","top":"0","right":"0","bottom":"40","left":"0","isLinked":false}},"elements":[{"id":"b99ed94","elType":"column","settings":{"_column_size":50,"_inline_size":57.0679999999999978399500832892954349517822265625},"elements":[{"id":"42fa76b","elType":"widget","settings":{"image":{"url":"https:\/\/finestdevs.com\/demos\/wp\/shadepro\/wp-content\/uploads\/2021\/04\/Image-1-1.png","id":14443},"align":"left","_margin":{"unit":"px","top":"0","right":"0","bottom":"0","left":"-87","isLinked":false},"_z_index":2,"_animation":"fadeInLeft"},"elements":[],"widgetType":"image"},{"id":"1dac8d5","elType":"widget","settings":{"image":{"url":"https:\/\/finestdevs.com\/demos\/wp\/shadepro\/wp-content\/uploads\/2021\/04\/email-merketing-3.png","id":14271},"image_size":"full","_z_index":2,"_element_width":"auto","_position":"absolute","_offset_orientation_h":"end","_offset_x":{"size":169,"unit":"px"},"_offset_x_end":{"size":8.17099999999999937472239253111183643341064453125,"unit":"px"},"_offset_y":{"size":151,"unit":"px"},"_element_width_tablet":"initial","_element_custom_width_tablet":{"unit":"px","size":290},"_offset_x_end_tablet":{"size":11.172000000000000596855898038484156131744384765625,"unit":"px"},"_offset_y_tablet":{"size":50,"unit":"px"},"_element_width_mobile":"initial","_element_custom_width_mobile":{"unit":"px","size":222},"_animation":"fadeInRight","_animation_delay":1},"elements":[],"widgetType":"image"},{"id":"ef54786","elType":"widget","settings":{"image":{"url":"https:\/\/finestdevs.com\/demos\/wp\/shadepro\/wp-content\/uploads\/2021\/04\/email-merketing-4.png","id":14270},"image_size":"full","_element_width":"auto","_position":"absolute","_offset_x":{"size":-81,"unit":"px"},"_offset_x_end":{"size":-118.09399999999999408828443847596645355224609375,"unit":"px"},"_offset_y":{"size":-60,"unit":"px"},"_element_width_mobile":"initial","_element_custom_width_mobile":{"unit":"px","size":172},"_offset_x_mobile":{"size":-45,"unit":"px"},"_offset_y_mobile":{"size":-82,"unit":"px"},"_animation":"fadeInUp","_animation_delay":2},"elements":[],"widgetType":"image"}],"isInner":true},{"id":"d90db36","elType":"column","settings":{"_column_size":50,"_inline_size":42.88900000000000289901436190120875835418701171875,"margin":{"unit":"px","top":"0","right":"0","bottom":"0","left":"34","isLinked":false},"margin_tablet":{"unit":"px","top":"0","right":"0","bottom":"0","left":"0","isLinked":false},"animation":"fadeInRight"},"elements":[{"id":"059f0f3","elType":"widget","settings":{"title":"Create campaigns that converts high.","title_color":"#150A29","typography_typography":"custom","typography_font_family":"DM Sans","typography_font_size":{"unit":"px","size":48,"sizes":[]},"typography_font_weight":"700","typography_line_height":{"unit":"em","size":1.208333300000000054552629080717451870441436767578125,"sizes":[]},"typography_letter_spacing":{"unit":"px","size":-1,"sizes":[]},"__globals__":{"typography_typography":""},"typography_font_size_tablet":{"unit":"px","size":39,"sizes":[]},"_margin":{"unit":"px","top":"-60","right":"0","bottom":"0","left":"0","isLinked":false}},"elements":[],"widgetType":"heading"},{"id":"7d30c6d","elType":"widget","settings":{"editor":"Lorem ipsum dolor sit amet, consectetur adipiscing elit, sed do eiusmod tempor incididunt ut labore et dolore tempor incididunt ut.","text_color":"#7A7A7A","typography_typography":"custom","typography_font_family":"DM Sans","typography_font_size":{"unit":"px","size":17,"sizes":[]},"typography_font_weight":"400","typography_line_height":{"unit":"em","size":1.7050000000000000710542735760100185871124267578125,"sizes":[]},"typography_letter_spacing":{"unit":"px","size":-0.200000000000000011102230246251565404236316680908203125,"sizes":[]},"_margin":{"unit":"px","top":"25","right":"0","bottom":"35","left":"0","isLinked":false},"__globals__":{"typography_typography":""}},"elements":[],"widgetType":"text-editor"},{"id":"d057c2c","elType":"widget","settings":{"button_type":"boxed","button_label":"Create your first campaign","heading_typography_typography":"custom","heading_typography_font_family":"DM Sans","heading_typography_font_size":{"unit":"px","size":15,"sizes":[]},"heading_typography_font_weight":"700","heading_typography_letter_spacing":{"unit":"px","size":0,"sizes":[]},"boxed_btn_color":"#473BF0","boxed_btn_background":"#473BF026","button_padding":{"unit":"px","top":"17","right":"30","bottom":"17","left":"30","isLinked":false},"button_radius":{"unit":"px","top":"50","right":"50","bottom":"50","left":"50","isLinked":true},"__globals__":{"boxed_btn_color":""}},"elements":[],"widgetType":"shadepro-btn"}],"isInner":true}],"isInner":true},{"id":"950c012","elType":"section","settings":{"structure":"20","content_position":"middle","padding":{"unit":"px","top":"040","right":"0","bottom":"179","left":"0","isLinked":false},"padding_tablet":{"unit":"px","top":"0","right":"0","bottom":"86","left":"0","isLinked":false},"padding_mobile":{"unit":"px","top":"0","right":"0","bottom":"40","left":"0","isLinked":false},"reverse_order_mobile":"reverse-mobile"},"elements":[{"id":"7507367","elType":"column","settings":{"_column_size":50,"_inline_size":42.63499999999999801048033987171947956085205078125,"animation":"fadeInLeft"},"elements":[{"id":"83e7619","elType":"widget","settings":{"title":"Send bulk emails to your customers fast.","title_color":"#150A29","typography_typography":"custom","typography_font_family":"DM Sans","typography_font_size":{"unit":"px","size":48,"sizes":[]},"typography_font_weight":"700","typography_line_height":{"unit":"em","size":1.208333300000000054552629080717451870441436767578125,"sizes":[]},"typography_letter_spacing":{"unit":"px","size":-1,"sizes":[]},"__globals__":{"typography_typography":""},"typography_font_size_tablet":{"unit":"px","size":39,"sizes":[]}},"elements":[],"widgetType":"heading"},{"id":"f5947a0","elType":"widget","settings":{"editor":"Lorem ipsum dolor sit amet, consectetur adipiscing elit, sed do eiusmod tempor incididunt ut labore et dolore tempor incididunt ut.","text_color":"#7A7A7A","typography_typography":"custom","typography_font_family":"DM Sans","typography_font_size":{"unit":"px","size":17,"sizes":[]},"typography_font_weight":"400","typography_line_height":{"unit":"em","size":1.7050000000000000710542735760100185871124267578125,"sizes":[]},"typography_letter_spacing":{"unit":"px","size":-0.200000000000000011102230246251565404236316680908203125,"sizes":[]},"_margin":{"unit":"px","top":"25","right":"0","bottom":"35","left":"0","isLinked":false},"__globals__":{"typography_typography":""}},"elements":[],"widgetType":"text-editor"},{"id":"2a47c8b","elType":"widget","settings":{"button_type":"boxed","button_label":"Connect with people now","heading_typography_typography":"custom","heading_typography_font_family":"DM Sans","heading_typography_font_size":{"unit":"px","size":15,"sizes":[]},"heading_typography_font_weight":"700","heading_typography_letter_spacing":{"unit":"px","size":0,"sizes":[]},"boxed_btn_color":"#F64B4B","boxed_btn_background":"#F64B4B1F","button_padding":{"unit":"px","top":"17","right":"30","bottom":"17","left":"30","isLinked":false},"button_radius":{"unit":"px","top":"50","right":"50","bottom":"50","left":"50","isLinked":true},"__globals__":{"boxed_btn_color":"","boxed_btn_background":""}},"elements":[],"widgetType":"shadepro-btn"}],"isInner":true},{"id":"b6ec553","elType":"column","settings":{"_column_size":50,"_inline_size":57.3220000000000027284841053187847137451171875},"elements":[{"id":"e200e98","elType":"widget","settings":{"image":{"url":"https:\/\/finestdevs.com\/demos\/wp\/shadepro\/wp-content\/uploads\/2021\/04\/Image-1.png","id":14282},"align":"right","_margin":{"unit":"px","top":"0","right":"-87","bottom":"0","left":"0","isLinked":false},"_z_index":2,"image_size":"full","space_mobile":{"unit":"%","size":100,"sizes":[]},"_margin_mobile":{"unit":"px","top":"0","right":"0","bottom":"0","left":"0","isLinked":false},"_animation":"fadeInRight"},"elements":[],"widgetType":"image"},{"id":"7670344","elType":"widget","settings":{"image":{"url":"https:\/\/finestdevs.com\/demos\/wp\/shadepro\/wp-content\/uploads\/2021\/04\/Image-2.png","id":14281},"image_size":"full","_z_index":2,"_element_width":"auto","_position":"absolute","_offset_orientation_h":"end","_offset_x":{"size":169,"unit":"px"},"_offset_x_end":{"size":8.172000000000000596855898038484156131744384765625,"unit":"px"},"_offset_y":{"size":127,"unit":"px"},"_element_width_tablet":"initial","_element_custom_width_tablet":{"unit":"px","size":268},"_offset_x_end_tablet":{"size":-0.82799999999999995825561427409411408007144927978515625,"unit":"px"},"_offset_y_tablet":{"size":100,"unit":"px"},"_element_width_mobile":"initial","_element_custom_width_mobile":{"unit":"px","size":175},"_offset_x_end_mobile":{"size":32.1880000000000023874235921539366245269775390625,"unit":"px"},"_offset_y_mobile":{"size":31,"unit":"px"},"_animation":"fadeInUp"},"elements":[],"widgetType":"image"},{"id":"3f71a75","elType":"widget","settings":{"image":{"url":"https:\/\/finestdevs.com\/demos\/wp\/shadepro\/wp-content\/uploads\/2021\/04\/Ellipse-9-1.png","id":14294},"image_size":"full","_element_width":"auto","_position":"absolute","_offset_x":{"size":417,"unit":"px"},"_offset_x_end":{"size":-118.0619999999999976125764078460633754730224609375,"unit":"px"},"_offset_y":{"size":-35,"unit":"px"},"_z_index":3,"_offset_orientation_h":"end","_element_width_tablet":"initial","_element_custom_width_tablet":{"unit":"px","size":135},"_offset_x_end_tablet":{"size":-20.077999999999999403144101961515843868255615234375,"unit":"px"},"_offset_y_tablet":{"size":-18,"unit":"px"},"_element_width_mobile":"initial","_element_custom_width_mobile":{"unit":"px","size":106,"sizes":[]},"_offset_x_end_mobile":{"size":3.952999999999999847233311811578460037708282470703125,"unit":"px"},"_offset_y_mobile":{"size":-53,"unit":"px"},"_animation":"fadeInDown"},"elements":[],"widgetType":"image"}],"isInner":true}],"isInner":true},{"id":"c3ec530","elType":"section","settings":{"structure":"20","content_position":"middle"},"elements":[{"id":"4837cd6","elType":"column","settings":{"_column_size":50,"_inline_size":50.08800000000000096633812063373625278472900390625},"elements":[{"id":"37630b7","elType":"widget","settings":{"image":{"url":"https:\/\/finestdevs.com\/demos\/wp\/shadepro\/wp-content\/uploads\/2021\/04\/email-merketing-5.png","id":14297},"align":"left","_animation":"fadeInLeft"},"elements":[],"widgetType":"image"}],"isInner":true},{"id":"726267d","elType":"column","settings":{"_column_size":50,"_inline_size":49.868999999999999772626324556767940521240234375,"margin":{"unit":"px","top":"0","right":"0","bottom":"0","left":"34","isLinked":false},"margin_mobile":{"unit":"px","top":"0","right":"0","bottom":"0","left":"0","isLinked":false},"animation":"fadeInRight"},"elements":[{"id":"fac8ca6","elType":"widget","settings":{"title":"Integrate with popular tools without hassle.","title_color":"#150A29","typography_typography":"custom","typography_font_family":"DM Sans","typography_font_size":{"unit":"px","size":48,"sizes":[]},"typography_font_weight":"700","typography_line_height":{"unit":"em","size":1.208333300000000054552629080717451870441436767578125,"sizes":[]},"typography_letter_spacing":{"unit":"px","size":-1,"sizes":[]},"__globals__":{"typography_typography":""},"typography_font_size_tablet":{"unit":"px","size":39,"sizes":[]}},"elements":[],"widgetType":"heading"},{"id":"e09922d","elType":"widget","settings":{"editor":"Lorem ipsum dolor sit amet, consectetur adipiscing elit, sed do eiusmod tempor incididunt ut labore et dolore tempor incididunt ut.","text_color":"#7A7A7A","typography_typography":"custom","typography_font_family":"DM Sans","typography_font_size":{"unit":"px","size":17,"sizes":[]},"typography_font_weight":"400","typography_line_height":{"unit":"em","size":1.7050000000000000710542735760100185871124267578125,"sizes":[]},"typography_letter_spacing":{"unit":"px","size":-0.200000000000000011102230246251565404236316680908203125,"sizes":[]},"_margin":{"unit":"px","top":"25","right":"79","bottom":"35","left":"0","isLinked":false},"__globals__":{"typography_typography":""},"_margin_tablet":{"unit":"px","top":"30","right":"0","bottom":"30","left":"0","isLinked":false}},"elements":[],"widgetType":"text-editor"},{"id":"b887154","elType":"widget","settings":{"button_type":"boxed","button_label":"See all integrations","heading_typography_typography":"custom","heading_typography_font_family":"DM Sans","heading_typography_font_size":{"unit":"px","size":15,"sizes":[]},"heading_typography_font_weight":"700","heading_typography_letter_spacing":{"unit":"px","size":0,"sizes":[]},"boxed_btn_color":"#473BF0","boxed_btn_background":"#473BF026","button_padding":{"unit":"px","top":"17","right":"30","bottom":"17","left":"30","isLinked":false},"button_radius":{"unit":"px","top":"50","right":"50","bottom":"50","left":"50","isLinked":true},"__globals__":{"boxed_btn_color":""}},"elements":[],"widgetType":"shadepro-btn"}],"isInner":true}],"isInner":true}],"isInner":false}],"isInner":false},{"id":"3fdf769","elType":"section","settings":{"shadepro_enable_gradient":"yes","shadepro_gradient_1":"#1A135D","shadepro_gradient_2":"#3264DA","shadepro_gradient_3":"#F02BE9","shadepro_gradient_4":"#FFB188","background_color":"#753BF0","background_color_b":"#F03B3B","background_gradient_angle":{"unit":"deg","size":130,"sizes":[]},"shape_divider_top":"tilt","padding":{"unit":"px","top":"220","right":"0","bottom":"140","left":"0","isLinked":false},"padding_tablet":{"unit":"px","top":"136","right":"0","bottom":"66","left":"0","isLinked":false},"padding_mobile":{"unit":"px","top":"92","right":"0","bottom":"30","left":"0","isLinked":false}},"elements":[{"id":"02f11d3","elType":"column","settings":{"_column_size":100,"_inline_size":null},"elements":[{"id":"eb1f037","elType":"section","settings":{"content_width":{"unit":"px","size":643,"sizes":[]},"padding":{"unit":"px","top":"0","right":"0","bottom":"80","left":"0","isLinked":false},"padding_mobile":{"unit":"px","top":"0","right":"0","bottom":"40","left":"0","isLinked":false}},"elements":[{"id":"1e24ad4","elType":"column","settings":{"_column_size":100,"_inline_size":null},"elements":[{"id":"5c6e6d5","elType":"widget","settings":{"title":"40,000+ Happy customers","align":"center","title_color":"#FFFFFF","typography_typography":"custom","typography_font_family":"DM Sans","typography_font_size":{"unit":"px","size":13,"sizes":[]},"typography_font_weight":"700","typography_text_transform":"uppercase","typography_letter_spacing":{"unit":"px","size":4,"sizes":[]},"_margin":{"unit":"px","top":"0","right":"0","bottom":"30","left":"0","isLinked":false},"__globals__":{"title_color":""}},"elements":[],"widgetType":"heading"},{"id":"0736b88","elType":"widget","settings":{"title":"Read what our customers say about ShadePro","align":"center","title_color":"#FFFFFF","typography_typography":"custom","typography_font_family":"DM Sans","typography_font_size":{"unit":"px","size":48,"sizes":[]},"typography_font_weight":"700","typography_line_height":{"unit":"em","size":1.125,"sizes":[]},"typography_letter_spacing":{"unit":"px","size":-1,"sizes":[]},"__globals__":{"typography_typography":""},"typography_font_size_mobile":{"unit":"px","size":43,"sizes":[]}},"elements":[],"widgetType":"heading"}],"isInner":true}],"isInner":true},{"id":"8abefb9","elType":"section","settings":{"structure":"30"},"elements":[{"id":"3ad77b9","elType":"column","settings":{"_column_size":33,"_inline_size":null,"_inline_size_tablet":50},"elements":[{"id":"4c8443f","elType":"widget","settings":{"testimonial_style":"style-two","name":"Kevin Muro","title":"DIgital Marketer","description":"\u201cYou made it so simple. My new site is so much faster and easier to work with than my old site. I just choose the page, make the change and click save.","star_size":{"unit":"px","size":16,"sizes":[]},"star_gap":{"unit":"px","size":4,"sizes":[]},"star_color":"#FA8231","desscription_color":"#1F1F1F","description_typography_typography":"custom","description_typography_font_family":"DM Sans","description_typography_font_size":{"unit":"px","size":18,"sizes":[]},"description_typography_font_style":"normal","description_typography_line_height":{"unit":"px","size":32,"sizes":[]},"description_typography_letter_spacing":{"unit":"px","size":-0.1000000000000000055511151231257827021181583404541015625,"sizes":[]},"box_background":"#FFFFFF","box_padding":{"unit":"px","top":"35","right":"35","bottom":"35","left":"35","isLinked":true},"image":{"url":"https:\/\/finestdevs.com\/demos\/wp\/shadepro\/wp-content\/uploads\/2020\/12\/reviw-1.png","id":6855},"star_margin":{"unit":"px","top":"0","right":"0","bottom":"16","left":"0","isLinked":false},"image_margin":{"unit":"px","top":"3","right":"22","bottom":"0","left":"0","isLinked":false},"desc_gap":{"unit":"px","top":"0","right":"0","bottom":"32","left":"0","isLinked":false},"name_color":"#1F1F1F","name_typography_typography":"custom","name_typography_font_family":"DM Sans","name_typography_font_size":{"unit":"px","size":18,"sizes":[]},"name_typography_font_weight":"600","name_typography_line_height":{"unit":"px","size":28,"sizes":[]},"name_typography_letter_spacing":{"unit":"px","size":-0.340000000000000024424906541753443889319896697998046875,"sizes":[]},"name_gap":{"unit":"px","top":"0","right":"0","bottom":"0","left":"0","isLinked":true},"title_color":"#666666","title_typography_typography":"custom","title_typography_font_family":"DM Sans","title_typography_font_size":{"unit":"px","size":14,"sizes":[]},"title_typography_line_height":{"unit":"px","size":28,"sizes":[]},"title_typography_letter_spacing":{"unit":"px","size":-0.299999999999999988897769753748434595763683319091796875,"sizes":[]},"box_border_radius":{"unit":"px","top":"10","right":"10","bottom":"10","left":"10","isLinked":true},"box_shadow_box_shadow_type":"yes","box_shadow_box_shadow":{"horizontal":1,"vertical":1,"blur":10,"spread":1,"color":"rgba(0, 0, 0, 0.04)"},"_margin":{"unit":"px","top":"0","right":"0","bottom":"30","left":"0","isLinked":false},"_animation":"fadeInUp","star":"none"},"elements":[],"widgetType":"shadepro-testimonial"},{"id":"6536422","elType":"widget","settings":{"testimonial_style":"style-two","name":"Cora Boone","title":"Fitness Blogger","description":"\u201cSimply the best. Better than all the rest. I\u2019d recommend this product to beginners and advanced users.\u201d","star_size":{"unit":"px","size":16,"sizes":[]},"star_gap":{"unit":"px","size":4,"sizes":[]},"star_color":"#FA8231","desscription_color":"#1F1F1F","description_typography_typography":"custom","description_typography_font_family":"DM Sans","description_typography_font_size":{"unit":"px","size":18,"sizes":[]},"description_typography_font_style":"normal","description_typography_line_height":{"unit":"px","size":32,"sizes":[]},"description_typography_letter_spacing":{"unit":"px","size":-0.1000000000000000055511151231257827021181583404541015625,"sizes":[]},"box_background":"#FFFFFF","box_padding":{"unit":"px","top":"35","right":"35","bottom":"35","left":"35","isLinked":true},"star":"none","image":{"url":"https:\/\/finestdevs.com\/demos\/wp\/shadepro\/wp-content\/uploads\/2020\/12\/reviw-4.png","id":6858},"star_margin":{"unit":"px","top":"0","right":"0","bottom":"16","left":"0","isLinked":false},"image_margin":{"unit":"px","top":"3","right":"22","bottom":"0","left":"0","isLinked":false},"desc_gap":{"unit":"px","top":"0","right":"0","bottom":"32","left":"0","isLinked":false},"name_color":"#1F1F1F","name_typography_typography":"custom","name_typography_font_family":"DM Sans","name_typography_font_size":{"unit":"px","size":18,"sizes":[]},"name_typography_font_weight":"600","name_typography_line_height":{"unit":"px","size":28,"sizes":[]},"name_typography_letter_spacing":{"unit":"px","size":-0.340000000000000024424906541753443889319896697998046875,"sizes":[]},"name_gap":{"unit":"px","top":"0","right":"0","bottom":"0","left":"0","isLinked":true},"title_color":"#666666","title_typography_typography":"custom","title_typography_font_family":"DM Sans","title_typography_font_size":{"unit":"px","size":14,"sizes":[]},"title_typography_line_height":{"unit":"px","size":28,"sizes":[]},"title_typography_letter_spacing":{"unit":"px","size":-0.299999999999999988897769753748434595763683319091796875,"sizes":[]},"box_border_radius":{"unit":"px","top":"10","right":"10","bottom":"10","left":"10","isLinked":true},"box_shadow_box_shadow_type":"yes","box_shadow_box_shadow":{"horizontal":1,"vertical":1,"blur":10,"spread":1,"color":"rgba(0, 0, 0, 0.04)"},"_margin":{"unit":"px","top":"0","right":"0","bottom":"30","left":"0","isLinked":false},"_animation":"fadeInUp","_margin_mobile":{"unit":"px","top":"0","right":"0","bottom":"10","left":"0","isLinked":false}},"elements":[],"widgetType":"shadepro-testimonial"}],"isInner":true},{"id":"3684403","elType":"column","settings":{"_column_size":33,"_inline_size":null,"_inline_size_tablet":50},"elements":[{"id":"1ae3049","elType":"widget","settings":{"testimonial_style":"style-two","name":"Matthew Grant","title":"Web Developer","description":"\u201cSimply the best. Better than all the rest. I\u2019d recommend this product to beginners and advanced users.\u201d","star_size":{"unit":"px","size":16,"sizes":[]},"star_gap":{"unit":"px","size":4,"sizes":[]},"star_color":"#FA8231","desscription_color":"#1F1F1F","description_typography_typography":"custom","description_typography_font_family":"DM Sans","description_typography_font_size":{"unit":"px","size":18,"sizes":[]},"description_typography_font_style":"normal","description_typography_line_height":{"unit":"px","size":32,"sizes":[]},"description_typography_letter_spacing":{"unit":"px","size":-0.1000000000000000055511151231257827021181583404541015625,"sizes":[]},"box_background":"#FFFFFF","box_padding":{"unit":"px","top":"35","right":"35","bottom":"35","left":"35","isLinked":true},"image":{"url":"https:\/\/finestdevs.com\/demos\/wp\/shadepro\/wp-content\/uploads\/2020\/12\/reviw-2.png","id":6856},"star_margin":{"unit":"px","top":"0","right":"0","bottom":"16","left":"0","isLinked":false},"image_margin":{"unit":"px","top":"3","right":"22","bottom":"0","left":"0","isLinked":false},"desc_gap":{"unit":"px","top":"0","right":"0","bottom":"32","left":"0","isLinked":false},"name_color":"#1F1F1F","name_typography_typography":"custom","name_typography_font_family":"DM Sans","name_typography_font_size":{"unit":"px","size":18,"sizes":[]},"name_typography_font_weight":"600","name_typography_line_height":{"unit":"px","size":28,"sizes":[]},"name_typography_letter_spacing":{"unit":"px","size":-0.340000000000000024424906541753443889319896697998046875,"sizes":[]},"name_gap":{"unit":"px","top":"0","right":"0","bottom":"0","left":"0","isLinked":true},"title_color":"#666666","title_typography_typography":"custom","title_typography_font_family":"DM Sans","title_typography_font_size":{"unit":"px","size":14,"sizes":[]},"title_typography_line_height":{"unit":"px","size":28,"sizes":[]},"title_typography_letter_spacing":{"unit":"px","size":-0.299999999999999988897769753748434595763683319091796875,"sizes":[]},"box_border_radius":{"unit":"px","top":"10","right":"10","bottom":"10","left":"10","isLinked":true},"box_shadow_box_shadow_type":"yes","box_shadow_box_shadow":{"horizontal":1,"vertical":1,"blur":10,"spread":1,"color":"rgba(0, 0, 0, 0.04)"},"_margin":{"unit":"px","top":"0","right":"0","bottom":"30","left":"0","isLinked":false},"_animation":"fadeInUp","star":"none"},"elements":[],"widgetType":"shadepro-testimonial"},{"id":"2d88ae0","elType":"widget","settings":{"testimonial_style":"style-two","name":"Ronald Braver","title":"Digital Marketer","description":"\u201cYou made it so simple. My new site is so much faster and easier to work with than my old site. I just choose the page, make the change and click save.","star_size":{"unit":"px","size":16,"sizes":[]},"star_gap":{"unit":"px","size":4,"sizes":[]},"star_color":"#FA8231","desscription_color":"#1F1F1F","description_typography_typography":"custom","description_typography_font_family":"DM Sans","description_typography_font_size":{"unit":"px","size":18,"sizes":[]},"description_typography_font_style":"normal","description_typography_line_height":{"unit":"px","size":32,"sizes":[]},"description_typography_letter_spacing":{"unit":"px","size":-0.1000000000000000055511151231257827021181583404541015625,"sizes":[]},"box_background":"#FFFFFF","box_padding":{"unit":"px","top":"35","right":"35","bottom":"35","left":"35","isLinked":true},"image":{"url":"https:\/\/finestdevs.com\/demos\/wp\/shadepro\/wp-content\/uploads\/2020\/12\/reviw-5.png","id":6859},"star_margin":{"unit":"px","top":"0","right":"0","bottom":"16","left":"0","isLinked":false},"image_margin":{"unit":"px","top":"3","right":"22","bottom":"0","left":"0","isLinked":false},"desc_gap":{"unit":"px","top":"0","right":"0","bottom":"32","left":"0","isLinked":false},"name_color":"#1F1F1F","name_typography_typography":"custom","name_typography_font_family":"DM Sans","name_typography_font_size":{"unit":"px","size":18,"sizes":[]},"name_typography_font_weight":"600","name_typography_line_height":{"unit":"px","size":28,"sizes":[]},"name_typography_letter_spacing":{"unit":"px","size":-0.340000000000000024424906541753443889319896697998046875,"sizes":[]},"name_gap":{"unit":"px","top":"0","right":"0","bottom":"0","left":"0","isLinked":true},"title_color":"#666666","title_typography_typography":"custom","title_typography_font_family":"DM Sans","title_typography_font_size":{"unit":"px","size":14,"sizes":[]},"title_typography_line_height":{"unit":"px","size":28,"sizes":[]},"title_typography_letter_spacing":{"unit":"px","size":-0.299999999999999988897769753748434595763683319091796875,"sizes":[]},"box_border_radius":{"unit":"px","top":"10","right":"10","bottom":"10","left":"10","isLinked":true},"box_shadow_box_shadow_type":"yes","box_shadow_box_shadow":{"horizontal":1,"vertical":1,"blur":10,"spread":1,"color":"rgba(0, 0, 0, 0.04)"},"_margin":{"unit":"px","top":"0","right":"0","bottom":"30","left":"0","isLinked":false},"_animation":"fadeInUp","star":"none","_margin_mobile":{"unit":"px","top":"0","right":"0","bottom":"10","left":"0","isLinked":false}},"elements":[],"widgetType":"shadepro-testimonial"}],"isInner":true},{"id":"5a0ebcd","elType":"column","settings":{"_column_size":33,"_inline_size":null,"_inline_size_tablet":100},"elements":[{"id":"1bb44cd","elType":"widget","settings":{"testimonial_style":"style-two","name":"Stephen Weaver","title":"Affiliate Marketer","description":"\u201cSimply the best. Better than all the rest. I\u2019d recommend this product to beginners and advanced users.\u201d","star_size":{"unit":"px","size":16,"sizes":[]},"star_gap":{"unit":"px","size":4,"sizes":[]},"star_color":"#FA8231","desscription_color":"#1F1F1F","description_typography_typography":"custom","description_typography_font_family":"DM Sans","description_typography_font_size":{"unit":"px","size":18,"sizes":[]},"description_typography_font_style":"normal","description_typography_line_height":{"unit":"px","size":32,"sizes":[]},"description_typography_letter_spacing":{"unit":"px","size":-0.1000000000000000055511151231257827021181583404541015625,"sizes":[]},"box_background":"#FFFFFF","box_padding":{"unit":"px","top":"35","right":"35","bottom":"35","left":"35","isLinked":true},"image":{"url":"https:\/\/finestdevs.com\/demos\/wp\/shadepro\/wp-content\/uploads\/2020\/12\/reviw-3.png","id":6857},"star_margin":{"unit":"px","top":"0","right":"0","bottom":"16","left":"0","isLinked":false},"image_margin":{"unit":"px","top":"3","right":"22","bottom":"0","left":"0","isLinked":false},"desc_gap":{"unit":"px","top":"0","right":"0","bottom":"32","left":"0","isLinked":false},"name_color":"#1F1F1F","name_typography_typography":"custom","name_typography_font_family":"DM Sans","name_typography_font_size":{"unit":"px","size":18,"sizes":[]},"name_typography_font_weight":"600","name_typography_line_height":{"unit":"px","size":28,"sizes":[]},"name_typography_letter_spacing":{"unit":"px","size":-0.340000000000000024424906541753443889319896697998046875,"sizes":[]},"name_gap":{"unit":"px","top":"0","right":"0","bottom":"0","left":"0","isLinked":true},"title_color":"#666666","title_typography_typography":"custom","title_typography_font_family":"DM Sans","title_typography_font_size":{"unit":"px","size":14,"sizes":[]},"title_typography_line_height":{"unit":"px","size":28,"sizes":[]},"title_typography_letter_spacing":{"unit":"px","size":-0.299999999999999988897769753748434595763683319091796875,"sizes":[]},"box_border_radius":{"unit":"px","top":"10","right":"10","bottom":"10","left":"10","isLinked":true},"box_shadow_box_shadow_type":"yes","box_shadow_box_shadow":{"horizontal":1,"vertical":1,"blur":10,"spread":1,"color":"rgba(0, 0, 0, 0.04)"},"_margin":{"unit":"px","top":"0","right":"0","bottom":"30","left":"0","isLinked":false},"_animation":"fadeInUp","star":"none"},"elements":[],"widgetType":"shadepro-testimonial"},{"id":"d529072","elType":"widget","settings":{"testimonial_style":"style-two","name":"John Martin","title":"Agency","description":"Must have book for students, who want to be Product Designer, UX Designer, or Interaction Designer.","star_size":{"unit":"px","size":16,"sizes":[]},"star_gap":{"unit":"px","size":4,"sizes":[]},"star_color":"#FA8231","desscription_color":"#1F1F1F","description_typography_typography":"custom","description_typography_font_family":"DM Sans","description_typography_font_size":{"unit":"px","size":18,"sizes":[]},"description_typography_font_style":"normal","description_typography_line_height":{"unit":"px","size":32,"sizes":[]},"description_typography_letter_spacing":{"unit":"px","size":-0.1000000000000000055511151231257827021181583404541015625,"sizes":[]},"box_background":"#FFFFFF","box_padding":{"unit":"px","top":"35","right":"35","bottom":"35","left":"35","isLinked":true},"image":{"url":"https:\/\/finestdevs.com\/demos\/wp\/shadepro\/wp-content\/uploads\/2020\/12\/reviw-6.png","id":6860},"star_margin":{"unit":"px","top":"0","right":"0","bottom":"16","left":"0","isLinked":false},"image_margin":{"unit":"px","top":"3","right":"22","bottom":"0","left":"0","isLinked":false},"desc_gap":{"unit":"px","top":"0","right":"0","bottom":"32","left":"0","isLinked":false},"name_color":"#1F1F1F","name_typography_typography":"custom","name_typography_font_family":"DM Sans","name_typography_font_size":{"unit":"px","size":18,"sizes":[]},"name_typography_font_weight":"600","name_typography_line_height":{"unit":"px","size":28,"sizes":[]},"name_typography_letter_spacing":{"unit":"px","size":-0.340000000000000024424906541753443889319896697998046875,"sizes":[]},"name_gap":{"unit":"px","top":"0","right":"0","bottom":"0","left":"0","isLinked":true},"title_color":"#666666","title_typography_typography":"custom","title_typography_font_family":"DM Sans","title_typography_font_size":{"unit":"px","size":14,"sizes":[]},"title_typography_line_height":{"unit":"px","size":28,"sizes":[]},"title_typography_letter_spacing":{"unit":"px","size":-0.299999999999999988897769753748434595763683319091796875,"sizes":[]},"box_border_radius":{"unit":"px","top":"10","right":"10","bottom":"10","left":"10","isLinked":true},"box_shadow_box_shadow_type":"yes","box_shadow_box_shadow":{"horizontal":1,"vertical":1,"blur":10,"spread":1,"color":"rgba(0, 0, 0, 0.04)"},"_margin":{"unit":"px","top":"0","right":"0","bottom":"30","left":"0","isLinked":false},"_animation":"fadeInUp","star":"none","_margin_tablet":{"unit":"px","top":"0","right":"0","bottom":"0","left":"0","isLinked":false}},"elements":[],"widgetType":"shadepro-testimonial"}],"isInner":true}],"isInner":true}],"isInner":false}],"isInner":false},{"id":"2ae239e","elType":"section","settings":{"padding":{"unit":"px","top":"120","right":"0","bottom":"0","left":"0","isLinked":false},"padding_tablet":{"unit":"px","top":"70","right":"0","bottom":"0","left":"0","isLinked":false},"overflow":"hidden","padding_mobile":{"unit":"px","top":"100","right":"0","bottom":"0","left":"0","isLinked":false}},"elements":[{"id":"64e523b","elType":"column","settings":{"_column_size":100,"_inline_size":null},"elements":[{"id":"fdff9a2","elType":"widget","settings":{"image":{"url":"https:\/\/finestdevs.com\/demos\/wp\/shadepro\/wp-content\/uploads\/2021\/04\/Ellipse-8.png","id":14502},"_element_width":"auto","_position":"absolute","_offset_x":{"size":-55,"unit":"px"},"_offset_y":{"size":87,"unit":"px"},"_offset_x_tablet":{"size":-41,"unit":"px"},"_offset_x_mobile":{"size":-28,"unit":"px"},"_offset_y_tablet":{"size":84,"unit":"px"},"_offset_y_mobile":{"size":-72,"unit":"px"},"_animation":"fadeInLeft","_animation_delay":1},"elements":[],"widgetType":"image"},{"id":"597d294","elType":"widget","settings":{"image":{"url":"https:\/\/finestdevs.com\/demos\/wp\/shadepro\/wp-content\/uploads\/2021\/04\/Ellipse-9.png","id":14503},"_element_width":"auto","_position":"absolute","_offset_orientation_h":"end","_offset_x":{"size":1030,"unit":"px"},"_offset_x_end":{"size":-97.599999999999994315658113919198513031005859375,"unit":"px"},"_offset_y":{"size":288,"unit":"px"},"_offset_x_end_tablet":{"size":-97.59399999999999408828443847596645355224609375,"unit":"px"},"_offset_x_end_mobile":{"size":-6.29699999999999970867747833835892379283905029296875,"unit":"px"},"_offset_y_tablet":{"size":258,"unit":"px"},"_offset_y_mobile":{"size":380,"unit":"px"},"_element_width_mobile":"initial","_element_custom_width_mobile":{"unit":"px","size":77},"_animation":"fadeInRight","_animation_delay":2},"elements":[],"widgetType":"image"},{"id":"bb9ff69","elType":"section","settings":{"content_width":{"unit":"px","size":643,"sizes":[]},"overflow":"hidden","padding_tablet":{"unit":"px","top":"0","right":"70","bottom":"0","left":"70","isLinked":false},"padding_mobile":{"unit":"px","top":"0","right":"0","bottom":"0","left":"0","isLinked":false}},"elements":[{"id":"318db43","elType":"column","settings":{"_column_size":100,"_inline_size":null,"animation":"fadeInUp"},"elements":[{"id":"560aaa9","elType":"widget","settings":{"title":"Grow your business with email marketing","align":"center","title_color":"#161C2D","typography_typography":"custom","typography_font_family":"DM Sans","typography_font_size":{"unit":"px","size":60,"sizes":[]},"typography_font_weight":"700","typography_line_height":{"unit":"em","size":1.08333333333333303727386009995825588703155517578125,"sizes":[]},"typography_letter_spacing":{"unit":"px","size":-2,"sizes":[]},"__globals__":{"typography_typography":""},"typography_font_size_tablet":{"unit":"px","size":50,"sizes":[]},"typography_font_size_mobile":{"unit":"px","size":40,"sizes":[]}},"elements":[],"widgetType":"heading"},{"id":"0212ef3","elType":"widget","settings":{"editor":"Lorem ipsum dolor sit amet, consectetur adipiscing elit, sed do eiusmod tempor incididunt ut labore et dolore tempor incididunt ut.","align":"center","text_color":"#7A7A7A","typography_typography":"custom","typography_font_family":"DM Sans","typography_font_size":{"unit":"px","size":17,"sizes":[]},"typography_font_weight":"400","typography_line_height":{"unit":"em","size":1.7050000000000000710542735760100185871124267578125,"sizes":[]},"typography_letter_spacing":{"unit":"px","size":-0.200000000000000011102230246251565404236316680908203125,"sizes":[]},"_margin":{"unit":"px","top":"25","right":"0","bottom":"0","left":"0","isLinked":false},"__globals__":{"typography_typography":""}},"elements":[],"widgetType":"text-editor"},{"id":"22e3612","elType":"widget","settings":{"button_label":"Start Free Trial","button_type":"boxed","boxed_btn_background":"#473BF0","heading_typography_typography":"custom","heading_typography_font_family":"DM Sans","heading_typography_font_size":{"unit":"px","size":15,"sizes":[]},"heading_typography_font_weight":"600","heading_typography_line_height":{"unit":"em","size":1,"sizes":[]},"button_padding":{"unit":"px","top":"20","right":"30","bottom":"20","left":"30","isLinked":false},"button_url":{"url":"https:\/\/finestdevs.com\/demos\/wp\/shadepro\/contact\/","is_external":"","nofollow":"","custom_attributes":""},"button_border_width":{"unit":"px","top":"2","right":"2","bottom":"2","left":"2","isLinked":true},"button_border_color":"#FFFFFF","button_radius":{"unit":"px","top":"50","right":"50","bottom":"50","left":"50","isLinked":true},"heading_typography_letter_spacing":{"unit":"px","size":0,"sizes":[]},"_margin":{"unit":"px","top":"40","right":"0","bottom":"15","left":"0","isLinked":false},"__globals__":{"boxed_btn_background":""},"button_align":"center","btn_hover_animation":"float"},"elements":[],"widgetType":"shadepro-btn"},{"id":"033aa5c","elType":"widget","settings":{"title":"No credit card required","header_size":"span","title_color":"#7A7A7A","typography_typography":"custom","typography_font_family":"DM Sans","typography_font_size":{"unit":"px","size":14,"sizes":[]},"typography_font_weight":"300","typography_line_height":{"unit":"em","size":1.600000000000000088817841970012523233890533447265625,"sizes":[]},"typography_letter_spacing":{"unit":"px","size":-0.200000000000000011102230246251565404236316680908203125,"sizes":[]},"__globals__":{"title_color":"","typography_typography":""},"align":"center"},"elements":[],"widgetType":"heading"}],"isInner":true}],"isInner":true},{"id":"a630535","elType":"widget","settings":{"image":{"url":"https:\/\/finestdevs.com\/demos\/wp\/shadepro\/wp-content\/uploads\/2021\/04\/IMG.png","id":14342},"image_size":"full","_margin":{"unit":"px","top":"0","right":"0","bottom":"-274","left":"-80","isLinked":false},"align":"center","_margin_mobile":{"unit":"px","top":"0","right":"0","bottom":"-85","left":"0","isLinked":false},"_animation":"fadeInUp"},"elements":[],"widgetType":"image"}],"isInner":false}],"isInner":false}] ]]></wp:meta_value>
										</wp:postmeta>
																				<wp:postmeta>
											<wp:meta_key>_elementor_css</wp:meta_key>
											<wp:meta_value><![CDATA[a:6:{s:4:"time";i:1617776614;s:5:"fonts";a:1:{i:0;s:7:"DM Sans";}s:5:"icons";a:2:{i:0;s:0:"";i:1;s:3:"svg";}s:20:"dynamic_elements_ids";a:0:{}s:6:"status";s:4:"file";i:0;s:0:"";}]]></wp:meta_value>
										</wp:postmeta>
																				<wp:postmeta>
											<wp:meta_key>_elementor_controls_usage</wp:meta_key>
											<wp:meta_value><![CDATA[a:9:{s:5:"image";a:3:{s:5:"count";i:13;s:15:"control_percent";i:2;s:8:"controls";a:3:{s:7:"content";a:1:{s:13:"section_image";a:3:{s:5:"image";i:13;s:5:"align";i:5;s:10:"image_size";i:7;}}s:8:"advanced";a:4:{s:17:"_section_position";a:18:{s:14:"_element_width";i:9;s:21:"_element_custom_width";i:1;s:9:"_position";i:9;s:9:"_offset_x";i:7;s:13:"_offset_x_end";i:8;s:9:"_offset_y";i:9;s:16:"_offset_x_tablet";i:2;s:20:"_offset_x_end_tablet";i:7;s:13:"_offset_y_end";i:1;s:21:"_element_width_tablet";i:6;s:28:"_element_custom_width_tablet";i:6;s:16:"_offset_y_tablet";i:7;s:21:"_element_width_mobile";i:6;s:28:"_element_custom_width_mobile";i:6;s:20:"_offset_x_end_mobile";i:6;s:16:"_offset_y_mobile";i:8;s:21:"_offset_orientation_h";i:6;s:16:"_offset_x_mobile";i:2;}s:15:"section_effects";a:2:{s:10:"_animation";i:11;s:16:"_animation_delay";i:4;}s:14:"_section_style";a:3:{s:8:"_z_index";i:6;s:7:"_margin";i:3;s:14:"_margin_mobile";i:2;}s:19:"_section_responsive";a:1:{s:11:"hide_mobile";i:2;}}s:5:"style";a:1:{s:19:"section_style_image";a:1:{s:12:"space_mobile";i:1;}}}}s:16:"shadepro-heading";a:3:{s:5:"count";i:1;s:15:"control_percent";i:5;s:8:"controls";a:3:{s:7:"content";a:1:{s:13:"section_title";a:1:{s:5:"title";i:1;}}s:5:"style";a:1:{s:19:"section_title_style";a:10:{s:11:"title_color";i:1;s:21:"typography_typography";i:1;s:22:"typography_font_family";i:1;s:20:"typography_font_size";i:1;s:27:"typography_font_size_tablet";i:1;s:27:"typography_font_size_mobile";i:1;s:22:"typography_font_weight";i:1;s:10:"blend_mode";i:1;s:22:"typography_line_height";i:1;s:25:"typography_letter_spacing";i:1;}}s:8:"advanced";a:1:{s:14:"_section_style";a:1:{s:7:"_margin";i:1;}}}}s:11:"text-editor";a:3:{s:5:"count";i:5;s:15:"control_percent";i:4;s:8:"controls";a:3:{s:7:"content";a:1:{s:14:"section_editor";a:1:{s:6:"editor";i:5;}}s:5:"style";a:1:{s:13:"section_style";a:8:{s:10:"text_color";i:5;s:21:"typography_typography";i:5;s:22:"typography_font_family";i:5;s:20:"typography_font_size";i:5;s:22:"typography_font_weight";i:5;s:22:"typography_line_height";i:5;s:25:"typography_letter_spacing";i:5;s:5:"align";i:1;}}s:8:"advanced";a:1:{s:14:"_section_style";a:2:{s:7:"_margin";i:5;s:14:"_margin_tablet";i:2;}}}}s:12:"shadepro-btn";a:3:{s:5:"count";i:5;s:15:"control_percent";i:6;s:8:"controls";a:3:{s:7:"content";a:1:{s:6:"button";a:4:{s:12:"button_label";i:5;s:11:"button_type";i:5;s:10:"button_url";i:2;s:12:"button_align";i:1;}}s:5:"style";a:1:{s:12:"button_style";a:14:{s:20:"boxed_btn_background";i:5;s:29:"heading_typography_typography";i:5;s:30:"heading_typography_font_family";i:5;s:28:"heading_typography_font_size";i:5;s:30:"heading_typography_font_weight";i:5;s:30:"heading_typography_line_height";i:2;s:14:"button_padding";i:5;s:19:"button_border_width";i:2;s:19:"button_border_color";i:2;s:13:"button_radius";i:5;s:33:"heading_typography_letter_spacing";i:5;s:20:"btn_hover_background";i:1;s:19:"btn_hover_animation";i:2;s:15:"boxed_btn_color";i:3;}}s:8:"advanced";a:1:{s:14:"_section_style";a:1:{s:7:"_margin";i:2;}}}}s:7:"heading";a:3:{s:5:"count";i:10;s:15:"control_percent";i:4;s:8:"controls";a:3:{s:7:"content";a:1:{s:13:"section_title";a:3:{s:5:"title";i:10;s:11:"header_size";i:2;s:5:"align";i:6;}}s:5:"style";a:1:{s:19:"section_title_style";a:10:{s:11:"title_color";i:10;s:21:"typography_typography";i:10;s:22:"typography_font_family";i:10;s:20:"typography_font_size";i:10;s:22:"typography_font_weight";i:10;s:22:"typography_line_height";i:8;s:25:"typography_letter_spacing";i:10;s:25:"typography_text_transform";i:2;s:27:"typography_font_size_mobile";i:3;s:27:"typography_font_size_tablet";i:4;}}s:8:"advanced";a:1:{s:14:"_section_style";a:1:{s:7:"_margin";i:3;}}}}s:6:"column";a:3:{s:5:"count";i:22;s:15:"control_percent";i:0;s:8:"controls";a:2:{s:6:"layout";a:1:{s:6:"layout";a:2:{s:12:"_inline_size";i:22;s:19:"_inline_size_tablet";i:3;}}s:8:"advanced";a:2:{s:15:"section_effects";a:1:{s:9:"animation";i:5;}s:16:"section_advanced";a:3:{s:6:"margin";i:3;s:13:"margin_mobile";i:2;s:13:"margin_tablet";i:1;}}}}s:7:"section";a:3:{s:5:"count";i:14;s:15:"control_percent";i:1;s:8:"controls";a:3:{s:6:"layout";a:2:{s:17:"section_structure";a:1:{s:9:"structure";i:6;}s:14:"section_layout";a:5:{s:6:"height";i:1;s:13:"custom_height";i:1;s:13:"content_width";i:5;s:16:"content_position";i:3;s:8:"overflow";i:2;}}s:8:"advanced";a:3:{s:16:"section_advanced";a:8:{s:6:"margin";i:2;s:13:"margin_tablet";i:1;s:13:"margin_mobile";i:1;s:14:"padding_mobile";i:9;s:7:"padding";i:8;s:14:"padding_tablet";i:8;s:11:"css_classes";i:1;s:14:"z_index_tablet";i:1;}s:28:"fd_addons_custom_css_section";a:1:{s:20:"fd_addons_custom_css";i:1;}s:19:"_section_responsive";a:1:{s:20:"reverse_order_mobile";i:1;}}s:5:"style";a:3:{s:18:"section_background";a:4:{s:16:"background_color";i:3;s:21:"background_background";i:1;s:18:"background_color_b";i:2;s:25:"background_gradient_angle";i:1;}s:25:"section_advanced_gradient";a:5:{s:24:"shadepro_enable_gradient";i:2;s:19:"shadepro_gradient_1";i:2;s:19:"shadepro_gradient_2";i:2;s:19:"shadepro_gradient_3";i:2;s:19:"shadepro_gradient_4";i:2;}s:21:"section_shape_divider";a:6:{s:27:"shape_divider_bottom_height";i:1;s:25:"shape_divider_bottom_flip";i:1;s:26:"shape_divider_bottom_width";i:1;s:34:"shape_divider_bottom_height_tablet";i:1;s:34:"shape_divider_bottom_height_mobile";i:1;s:17:"shape_divider_top";i:1;}}}}s:20:"shadepro-feature-box";a:3:{s:5:"count";i:3;s:15:"control_percent";i:5;s:8:"controls";a:3:{s:7:"content";a:1:{s:15:"content_section";a:3:{s:4:"icon";i:3;s:5:"title";i:3;s:11:"description";i:3;}}s:5:"style";a:3:{s:10:"icon_style";a:4:{s:15:"enable_icon_box";i:3;s:16:"icon_size_tablet";i:3;s:25:"space_between_icon_tablet";i:3;s:25:"space_between_icon_mobile";i:3;}s:13:"content_style";a:10:{s:9:"title_gap";i:3;s:29:"heading_typography_typography";i:3;s:30:"heading_typography_font_family";i:3;s:28:"heading_typography_font_size";i:3;s:30:"heading_typography_font_weight";i:3;s:33:"description_typography_typography";i:3;s:34:"description_typography_font_family";i:3;s:32:"description_typography_font_size";i:3;s:34:"description_typography_font_weight";i:3;s:34:"description_typography_line_height";i:3;}s:9:"box_style";a:1:{s:26:"box_shadow_box_shadow_type";i:3;}}s:8:"advanced";a:1:{s:14:"_section_style";a:1:{s:14:"_margin_mobile";i:2;}}}}s:20:"shadepro-testimonial";a:3:{s:5:"count";i:6;s:15:"control_percent";i:13;s:8:"controls";a:3:{s:7:"content";a:1:{s:15:"content_section";a:6:{s:17:"testimonial_style";i:6;s:4:"name";i:6;s:5:"title";i:6;s:5:"image";i:6;s:4:"star";i:6;s:11:"description";i:4;}}s:5:"style";a:6:{s:12:"rating_style";a:4:{s:9:"star_size";i:6;s:8:"star_gap";i:6;s:10:"star_color";i:6;s:11:"star_margin";i:6;}s:13:"content_style";a:8:{s:18:"desscription_color";i:6;s:33:"description_typography_typography";i:6;s:34:"description_typography_font_family";i:6;s:32:"description_typography_font_size";i:6;s:33:"description_typography_font_style";i:6;s:34:"description_typography_line_height";i:6;s:37:"description_typography_letter_spacing";i:6;s:8:"desc_gap";i:6;}s:9:"box_style";a:5:{s:14:"box_background";i:6;s:11:"box_padding";i:6;s:17:"box_border_radius";i:6;s:26:"box_shadow_box_shadow_type";i:6;s:21:"box_shadow_box_shadow";i:6;}s:11:"image_style";a:1:{s:12:"image_margin";i:6;}s:10:"name_style";a:8:{s:10:"name_color";i:6;s:26:"name_typography_typography";i:6;s:27:"name_typography_font_family";i:6;s:25:"name_typography_font_size";i:6;s:27:"name_typography_font_weight";i:6;s:27:"name_typography_line_height";i:6;s:30:"name_typography_letter_spacing";i:6;s:8:"name_gap";i:6;}s:11:"title_style";a:6:{s:11:"title_color";i:6;s:27:"title_typography_typography";i:6;s:28:"title_typography_font_family";i:6;s:26:"title_typography_font_size";i:6;s:28:"title_typography_line_height";i:6;s:31:"title_typography_letter_spacing";i:6;}}s:8:"advanced";a:2:{s:14:"_section_style";a:3:{s:7:"_margin";i:6;s:14:"_margin_mobile";i:2;s:14:"_margin_tablet";i:1;}s:15:"section_effects";a:1:{s:10:"_animation";i:6;}}}}}]]></wp:meta_value>
										</wp:postmeta>
																						</item>
							</channel>
</rss>
			