<?xml version="1.0" encoding="UTF-8" ?>
<!-- This is a WordPress eXtended RSS file generated by WordPress as an export of your site. -->
<!-- It contains information about your site's posts, pages, comments, categories, and other content. -->
<!-- You may use this file to transfer that content from one site to another. -->
<!-- This file is not intended to serve as a complete backup of your site. -->

<!-- To import this information into a WordPress site follow these steps: -->
<!-- 1. Log in to that site as an administrator. -->
<!-- 2. Go to Tools: Import in the WordPress admin panel. -->
<!-- 3. Install the "WordPress" importer from the list. -->
<!-- 4. Activate & Run Importer. -->
<!-- 5. Upload this file using the form provided on that page. -->
<!-- 6. You will first be asked to map the authors in this export file to users -->
<!--    on the site. For each author, you may choose to map to an -->
<!--    existing user on the site or to create a new user. -->
<!-- 7. WordPress will then import each of the posts, pages, comments, categories, etc. -->
<!--    contained in this file into your site. -->

<!-- generator="WordPress/5.7.2" created="2021-05-31 15:50" -->
<rss version="2.0"
	xmlns:excerpt="http://wordpress.org/export/1.1/excerpt/"
	xmlns:content="http://purl.org/rss/1.0/modules/content/"
	xmlns:wfw="http://wellformedweb.org/CommentAPI/"
	xmlns:dc="http://purl.org/dc/elements/1.1/"
	xmlns:wp="http://wordpress.org/export/1.1/"
>
<channel>
	<title>ShadePro</title>
	<link>https://finestdevs.com/demos/wp/shadepro</link>
	<description>A Premium WordPress Theme</description>
	<pubDate>Mon, 31 May 2021 15:50:19 +0000</pubDate>
	<language></language>
	<wp:wxr_version>1.1</wp:wxr_version>
	<wp:base_site_url>https://finestdevs.com/demos/wp/shadepro</wp:base_site_url>
	<wp:base_blog_url>https://finestdevs.com/demos/wp/shadepro</wp:base_blog_url>

			
			<generator>https://wordpress.org/?v=5.7.2</generator>

<image>
	<url>https://finestdevs.com/demos/wp/shadepro/wp-content/uploads/2020/09/favicon.png</url>
	<title>ShadePro</title>
	<link>https://finestdevs.com/demos/wp/shadepro</link>
	<width>32</width>
	<height>32</height>
</image> 

									<item>
							<title>Financial Tracker</title>
							<link>https://finestdevs.com/demos/wp/shadepro/financial-tracker/</link>
							<pubDate>Thu, 27 May 2021 05:43:50 +0000</pubDate>
							<dc:creator>shadepro-admin</dc:creator>
							<guid isPermaLink="false">https://finestdevs.com/demos/wp/shadepro/?page_id=14696</guid>
							<description></description>
							<content:encoded><![CDATA[<h2>No #1 wallet tracking app</h2>		
			<h2>Track your all expenses & save more money.</h2>		
		<p>Nibh blandit pretium cras sem. Nullam mi proin ut cras viverra sed nulla. Amet sed cursus vitae ut morbi.</p>		
                            <a href="https://finestdevs.com/demos/wp/shadepro/contact/"  >
                    Start 30 days free trial
                                                        </a>
												<img width="833" height="875" src="https://finestdevs.com/demos/wp/shadepro/wp-content/uploads/2021/05/pic-1.png" alt="" loading="lazy" srcset="https://finestdevs.com/demos/wp/shadepro/wp-content/uploads/2021/05/pic-1.png 833w, https://finestdevs.com/demos/wp/shadepro/wp-content/uploads/2021/05/pic-1-286x300.png 286w, https://finestdevs.com/demos/wp/shadepro/wp-content/uploads/2021/05/pic-1-768x807.png 768w, https://finestdevs.com/demos/wp/shadepro/wp-content/uploads/2021/05/pic-1-492x517.png 492w" sizes="(max-width: 833px) 100vw, 833px" />														
												<img width="268" height="79" src="https://finestdevs.com/demos/wp/shadepro/wp-content/uploads/2021/05/main.png" alt="" loading="lazy" />														
												<img width="310" height="126" src="https://finestdevs.com/demos/wp/shadepro/wp-content/uploads/2021/05/main-1.png" alt="" loading="lazy" srcset="https://finestdevs.com/demos/wp/shadepro/wp-content/uploads/2021/05/main-1.png 310w, https://finestdevs.com/demos/wp/shadepro/wp-content/uploads/2021/05/main-1-300x122.png 300w" sizes="(max-width: 310px) 100vw, 310px" />														
												<img src="https://finestdevs.com/demos/wp/shadepro/wp-content/uploads/2021/05/Vector-4.svg" alt="" loading="lazy" />														
												<img src="https://finestdevs.com/demos/wp/shadepro/wp-content/uploads/2021/05/Vector-2.svg" alt="" loading="lazy" />														
												<img src="https://finestdevs.com/demos/wp/shadepro/wp-content/uploads/2021/05/Vector-3.svg" alt="" loading="lazy" />														
												<img src="https://finestdevs.com/demos/wp/shadepro/wp-content/uploads/2021/05/Rectangle-108.svg" alt="" loading="lazy" />														
												<img width="481" height="368" src="https://finestdevs.com/demos/wp/shadepro/wp-content/uploads/2021/05/img-2.png" alt="" loading="lazy" srcset="https://finestdevs.com/demos/wp/shadepro/wp-content/uploads/2021/05/img-2.png 481w, https://finestdevs.com/demos/wp/shadepro/wp-content/uploads/2021/05/img-2-300x230.png 300w" sizes="(max-width: 481px) 100vw, 481px" />														
												<img width="332" height="332" src="https://finestdevs.com/demos/wp/shadepro/wp-content/uploads/2021/05/img-1.png" alt="" loading="lazy" srcset="https://finestdevs.com/demos/wp/shadepro/wp-content/uploads/2021/05/img-1.png 332w, https://finestdevs.com/demos/wp/shadepro/wp-content/uploads/2021/05/img-1-300x300.png 300w, https://finestdevs.com/demos/wp/shadepro/wp-content/uploads/2021/05/img-1-150x150.png 150w, https://finestdevs.com/demos/wp/shadepro/wp-content/uploads/2021/05/img-1-255x255.png 255w, https://finestdevs.com/demos/wp/shadepro/wp-content/uploads/2021/05/img-1-100x100.png 100w" sizes="(max-width: 332px) 100vw, 332px" />														
												<img width="350" height="199" src="https://finestdevs.com/demos/wp/shadepro/wp-content/uploads/2021/05/img-3.png" alt="" loading="lazy" srcset="https://finestdevs.com/demos/wp/shadepro/wp-content/uploads/2021/05/img-3.png 350w, https://finestdevs.com/demos/wp/shadepro/wp-content/uploads/2021/05/img-3-300x171.png 300w" sizes="(max-width: 350px) 100vw, 350px" />														
			<h2>About the app</h2>		
			<h2>Save your money smartly by our app</h2>		
		<p>Gravida eleifend dignissim diam vitae. Eu morbi tellus lacus nunc nisl sit posuere. Dui cursus porta sollicitudin eget tincidunt eu pharetra. Purus at ligula.</p><p>Volutpat amet, quam pulvinar proin. Velit orci nulla vitae consequat tincidunt ac proin netus sagittis. Pellentesque eleifend dictum quam id id. Pellen tesque enim.</p>		
                            <a href="https://finestdevs.com/demos/wp/shadepro/contact/"  >
                                            <svg xmlns="http://www.w3.org/2000/svg" width="23" height="2" viewBox="0 0 23 2" fill="none"><path d="M0 1.00037L22.0278 1.00037" stroke="#FC753B" stroke-width="2"></path></svg>
                    Learn More
                                                        </a>
			<h2>Main features</h2>		
			<h2>The app will track your transaction and savings</h2>		
					1.
					<h4>Connect bank account </h4>
					<p>Risus tincidunt a egestas etus, conse ctetur amet. Molestie neque egestas </p>
					2.
					<h4>Connect bank account </h4>
					<p>Risus tincidunt a egestas etus, conse ctetur amet. Molestie neque egestas </p>
					3.
					<h4>Connect bank account </h4>
					<p>Risus tincidunt a egestas etus, conse ctetur amet. Molestie neque egestas </p>
					4.
					<h4>Connect bank account </h4>
					<p>Risus tincidunt a egestas etus, conse ctetur amet. Molestie neque egestas </p>
			<h2>Special features</h2>		
			<h2>Finance management is much easier now.</h2>		
						<svg xmlns="http://www.w3.org/2000/svg" width="23" height="25" viewBox="0 0 23 25" fill="none"><path fill-rule="evenodd" clip-rule="evenodd" d="M11.5 0C10.4219 0 8.62032 0.414063 6.92501 0.875C5.19063 1.34375 3.4422 1.89844 2.41407 2.23438C1.98421 2.37633 1.60312 2.63666 1.31457 2.98547C1.02601 3.33428 0.841707 3.75741 0.782821 4.20625C-0.148429 11.2016 2.01251 16.3859 4.63438 19.8156C5.74623 21.2828 7.07193 22.5747 8.5672 23.6484C9.17032 24.075 9.7297 24.4016 10.2047 24.625C10.6422 24.8313 11.1125 25 11.5 25C11.8875 25 12.3563 24.8313 12.7953 24.625C13.368 24.3467 13.9158 24.02 14.4328 23.6484C15.9281 22.5748 17.2538 21.2828 18.3656 19.8156C20.9875 16.3859 23.1484 11.2016 22.2172 4.20625C22.1584 3.75719 21.9742 3.33381 21.6856 2.98474C21.3971 2.63566 21.0159 2.37505 20.5859 2.23281C19.0935 1.74346 17.5894 1.2902 16.075 0.873438C14.3797 0.415625 12.5781 0 11.5 0ZM11.5 7.8125C12.0535 7.81168 12.5894 8.00677 13.0129 8.36322C13.4363 8.71968 13.7199 9.21449 13.8135 9.76002C13.9071 10.3056 13.8046 10.8666 13.5241 11.3438C13.2437 11.821 12.8034 12.1835 12.2813 12.3672L12.8828 15.4766C12.9047 15.5897 12.9013 15.7062 12.8729 15.8178C12.8445 15.9294 12.7917 16.0334 12.7184 16.1222C12.6451 16.2111 12.553 16.2826 12.4488 16.3317C12.3446 16.3808 12.2308 16.4063 12.1156 16.4062H10.8844C10.7693 16.406 10.6557 16.3804 10.5517 16.3312C10.4477 16.282 10.3559 16.2105 10.2827 16.1216C10.2096 16.0328 10.1569 15.929 10.1286 15.8174C10.1003 15.7059 10.0969 15.5895 10.1188 15.4766L10.7188 12.3672C10.1966 12.1835 9.75634 11.821 9.47589 11.3438C9.19545 10.8666 9.09293 10.3056 9.1865 9.76002C9.28008 9.21449 9.5637 8.71968 9.98714 8.36322C10.4106 8.00677 10.9465 7.81168 11.5 7.8125Z" fill="#FC753B"></path></svg>					
					<h4>Secured transaction</h4>
					<p><p>Egestas commodo odio viverra lorem augue nisl. Volutpat ipsum morbi sed at. Venenatis viverra.</p></p>
						<svg xmlns="http://www.w3.org/2000/svg" width="24" height="18" viewBox="0 0 24 18" fill="none"><path d="M24.2637 0.87733C22.7485 0.241793 21.2321 4.6982e-08 19.7165 4.6982e-08C14.9052 -0.000390572 10.0944 2.43512 5.28312 2.43512C4.0765 2.43512 2.87066 2.282 1.66404 1.89919C1.52849 1.85622 1.39256 1.83591 1.25975 1.83591C0.587491 1.83591 0 2.35621 0 3.07847V15.4712C0 15.9646 0.282417 16.4322 0.735926 16.622C2.25114 17.2579 3.76752 17.4997 5.28312 17.4997C10.0944 17.4997 14.9056 15.0642 19.7169 15.0642C20.9235 15.0642 22.1293 15.2173 23.336 15.6001C23.4715 15.6431 23.6074 15.6634 23.7403 15.6634C24.4125 15.6634 25 15.1431 25 14.4209V2.02848C24.9996 1.53474 24.7172 1.06756 24.2637 0.87733ZM12.4998 12.4998C10.7737 12.4998 9.37485 10.8205 9.37485 8.74986C9.37485 6.6788 10.774 4.99992 12.4998 4.99992C14.2256 4.99992 15.6248 6.6788 15.6248 8.74986C15.6248 10.8213 14.2252 12.4998 12.4998 12.4998Z" fill="#372E52"></path></svg>					
					<h4>Direct bank connection</h4>
					<p><p>Egestas commodo odio viverra lorem augue nisl. Volutpat ipsum morbi sed at. Venenatis viverra.</p></p>
												<img width="482" height="823" src="https://finestdevs.com/demos/wp/shadepro/wp-content/uploads/2021/05/2.png" alt="" loading="lazy" srcset="https://finestdevs.com/demos/wp/shadepro/wp-content/uploads/2021/05/2.png 482w, https://finestdevs.com/demos/wp/shadepro/wp-content/uploads/2021/05/2-176x300.png 176w" sizes="(max-width: 482px) 100vw, 482px" />														
												<img width="482" height="823" src="https://finestdevs.com/demos/wp/shadepro/wp-content/uploads/2021/05/1.png" alt="" loading="lazy" srcset="https://finestdevs.com/demos/wp/shadepro/wp-content/uploads/2021/05/1.png 482w, https://finestdevs.com/demos/wp/shadepro/wp-content/uploads/2021/05/1-176x300.png 176w" sizes="(max-width: 482px) 100vw, 482px" />														
												<img src="https://finestdevs.com/demos/wp/shadepro/wp-content/uploads/2021/05/Vector-3-1.svg" alt="" loading="lazy" />														
												<img src="https://finestdevs.com/demos/wp/shadepro/wp-content/uploads/2021/05/Vector-4-1.svg" alt="" loading="lazy" />														
			<h2>Save your money smartly by our app</h2>		
		<p>Id bibendum sed ac gravida turpis consequat pharetra. Quam vestibulum diam donec eu nec. Ut ac tristique aenean lacus id sit tincidunt eget. Variu.</p>		
							4.5/5
						<i>&#xE934;</i><i>&#xE934;</i><i>&#xE934;</i><i>&#xE934;</i><i>&#xE934;</i> 4.5/5		
			(based on 1.5k ratings)		
                            <a href="https://finestdevs.com/demos/wp/shadepro/contact/"  >
                                            <svg xmlns="http://www.w3.org/2000/svg" width="23" height="2" viewBox="0 0 23 2" fill="none"><path d="M0 1.00037L22.0278 1.00037" stroke="#FC753B" stroke-width="2"></path></svg>
                    See all reviews  
                                                        </a>
							<img src="https://finestdevs.com/demos/wp/shadepro/wp-content/uploads/2021/05/Ellipse-9-2.png" title="Ellipse 9 (2)" alt="Ellipse 9 (2)" />						
							<p>“Non id sed quis ut et sit ullamcorper. Feugiat nibh ac lobortis ut. Aliquam mauris nec pellentesque faucibus tortor sed id nisl vulputate.”</p>
							<h4>Ralph Edwards</h4>
							<img src="https://finestdevs.com/demos/wp/shadepro/wp-content/uploads/2021/05/Ellipse-9-4.png" title="Ellipse 9 (4)" alt="Ellipse 9 (4)" />						
							<p>“Non id sed quis ut et sit ullamcorper. Feugiat nibh ac lobortis ut. Aliquam mauris nec pellentesque faucibus tortor sed id nisl vulputate.”</p>
							<h4>Esther Howard</h4>
							<img src="https://finestdevs.com/demos/wp/shadepro/wp-content/uploads/2021/05/Ellipse-9-3.png" title="Ellipse 9 (3)" alt="Ellipse 9 (3)" />						
							<p>“Must have book for all, who want to be Product Designer or Interaction Designer.”​</p>
							<h4>Esther Allison​</h4>
												<img width="131" height="43" src="https://finestdevs.com/demos/wp/shadepro/wp-content/uploads/2021/05/Vector-2.png" alt="" loading="lazy" />														
			<h2>Let’s start your free trial for 30 days</h2>		
												<img width="108" height="79" src="https://finestdevs.com/demos/wp/shadepro/wp-content/uploads/2021/05/Vector-3.png" alt="" loading="lazy" />														
												<img width="52" height="52" src="https://finestdevs.com/demos/wp/shadepro/wp-content/uploads/2021/05/Ellipse-12.png" alt="" loading="lazy" />														
		<p>Cum nunc ullamcorper sit scelerisque justo, massa a. Sit eleifend ultrices quam vitae. Elementum pellen.</p>		
                            <a href="https://finestdevs.com/demos/wp/shadepro/contact/"  >
                    Start 30 days free trial
                                                        </a>]]></content:encoded>
							<excerpt:encoded><![CDATA[]]></excerpt:encoded>
							<wp:post_id>14696</wp:post_id>
							<wp:post_date>2021-05-27 05:43:50</wp:post_date>
							<wp:post_date_gmt>2021-05-27 05:43:50</wp:post_date_gmt>
							<wp:comment_status>closed</wp:comment_status>
							<wp:ping_status>closed</wp:ping_status>
							<wp:post_name>financial-tracker</wp:post_name>
							<wp:status>publish</wp:status>
							<wp:post_parent>0</wp:post_parent>
							<wp:menu_order>0</wp:menu_order>
							<wp:post_type>page</wp:post_type>
							<wp:post_password></wp:post_password>
							<wp:is_sticky>0</wp:is_sticky>
																															<wp:postmeta>
											<wp:meta_key>_wp_page_template</wp:meta_key>
											<wp:meta_value><![CDATA[elementor_header_footer]]></wp:meta_value>
										</wp:postmeta>
																				<wp:postmeta>
											<wp:meta_key>_edit_last</wp:meta_key>
											<wp:meta_value><![CDATA[1]]></wp:meta_value>
										</wp:postmeta>
																				<wp:postmeta>
											<wp:meta_key>body_background_color</wp:meta_key>
											<wp:meta_value><![CDATA[]]></wp:meta_value>
										</wp:postmeta>
																				<wp:postmeta>
											<wp:meta_key>_body_background_color</wp:meta_key>
											<wp:meta_value><![CDATA[field_5c721ec24addf]]></wp:meta_value>
										</wp:postmeta>
																				<wp:postmeta>
											<wp:meta_key>_elementor_edit_mode</wp:meta_key>
											<wp:meta_value><![CDATA[builder]]></wp:meta_value>
										</wp:postmeta>
																				<wp:postmeta>
											<wp:meta_key>_elementor_template_type</wp:meta_key>
											<wp:meta_value><![CDATA[wp-page]]></wp:meta_value>
										</wp:postmeta>
																				<wp:postmeta>
											<wp:meta_key>_elementor_version</wp:meta_key>
											<wp:meta_value><![CDATA[3.2.4]]></wp:meta_value>
										</wp:postmeta>
																				<wp:postmeta>
											<wp:meta_key>_elementor_data</wp:meta_key>
											<wp:meta_value><![CDATA[[{"id":"9e94544","elType":"section","settings":{"layout":"full_width","content_position":"middle","background_background":"gradient","background_color":"#DFE9F3","background_color_b":"#FFFFFF","background_gradient_angle":{"unit":"deg","size":90,"sizes":[]},"padding_tablet":{"unit":"px","top":"120","right":"0","bottom":"30","left":"0","isLinked":false},"padding_mobile":{"unit":"px","top":"100","right":"0","bottom":"40","left":"0","isLinked":false},"padding":{"unit":"px","top":"100","right":"0","bottom":"0","left":"0","isLinked":false},"overflow":"hidden"},"elements":[{"id":"72bb3a1","elType":"column","settings":{"_column_size":100,"_inline_size":null},"elements":[{"id":"711c573","elType":"section","settings":{"structure":"20","content_width":{"unit":"px","size":1320,"sizes":[]},"content_position":"middle","reverse_order_mobile":"reverse-mobile","margin":{"unit":"px","top":"-100","right":0,"bottom":"0","left":0,"isLinked":false},"margin_tablet":{"unit":"px","top":"0","right":0,"bottom":"0","left":0,"isLinked":false}},"elements":[{"id":"3113986","elType":"column","settings":{"_column_size":50,"_inline_size":null,"margin":{"unit":"px","top":"0","right":"100","bottom":"0","left":"0","isLinked":false},"margin_tablet":{"unit":"px","top":"0","right":"20","bottom":"0","left":"0","isLinked":false}},"elements":[{"id":"179af94","elType":"widget","settings":{"title":"No #1 wallet tracking app","title_color":"#473BF0","typography_typography":"custom","typography_font_family":"Manrope","typography_font_size":{"unit":"px","size":18,"sizes":[]},"typography_font_weight":"700","typography_line_height":{"unit":"px","size":"","sizes":[]},"typography_letter_spacing":{"unit":"px","size":0,"sizes":[]}},"elements":[],"widgetType":"heading"},{"id":"83b0ef5","elType":"widget","settings":{"title":"Track your all expenses & save more money.","title_color":"#372E52","typography_typography":"custom","typography_font_family":"Manrope","typography_font_size":{"unit":"px","size":64,"sizes":[]},"typography_font_weight":"700","typography_line_height":{"unit":"em","size":1.2,"sizes":[]},"_margin":{"unit":"px","top":"20","right":"0","bottom":"30","left":"0","isLinked":false},"typography_letter_spacing":{"unit":"px","size":0,"sizes":[]},"typography_font_size_tablet":{"unit":"px","size":42,"sizes":[]}},"elements":[],"widgetType":"heading"},{"id":"f9b917e","elType":"widget","settings":{"editor":"<p>Nibh blandit pretium cras sem. Nullam mi proin ut cras viverra sed nulla. Amet sed cursus vitae ut morbi.<\/p>","text_color":"#372E52CC","typography_typography":"custom","typography_font_family":"Manrope","typography_font_size":{"unit":"px","size":20,"sizes":[]},"typography_font_weight":"400","typography_line_height":{"unit":"em","size":1.6,"sizes":[]},"_margin":{"unit":"px","top":"0","right":"0","bottom":"40","left":"0","isLinked":false},"typography_letter_spacing":{"unit":"px","size":0,"sizes":[]}},"elements":[],"widgetType":"text-editor"},{"id":"70f9d01","elType":"widget","settings":{"button_label":"Start 30 days free trial","button_type":"boxed","boxed_btn_background":"#FC753B","heading_typography_typography":"custom","heading_typography_font_family":"Manrope","heading_typography_font_size":{"unit":"px","size":16,"sizes":[]},"heading_typography_font_weight":"700","heading_typography_line_height":{"unit":"em","size":1.611,"sizes":[]},"heading_typography_letter_spacing":{"unit":"px","size":0,"sizes":[]},"button_padding":{"unit":"px","top":"18","right":"30","bottom":"18","left":"30","isLinked":false},"button_url":{"url":"https:\/\/finestdevs.com\/demos\/wp\/shadepro\/contact\/","is_external":"","nofollow":"","custom_attributes":""},"__globals__":{"boxed_btn_background":""},"button_radius":{"unit":"px","top":"10","right":"10","bottom":"10","left":"10","isLinked":true},"button_shadow_box_shadow_type":""},"elements":[],"widgetType":"shadepro-btn"}],"isInner":true},{"id":"08c1329","elType":"column","settings":{"_column_size":50,"_inline_size":null},"elements":[{"id":"06e0020","elType":"widget","settings":{"image":{"url":"https:\/\/finestdevs.com\/demos\/wp\/shadepro\/wp-content\/uploads\/2021\/05\/pic-1.png","id":14711},"_margin":{"unit":"px","top":"0","right":"-105","bottom":"-94","left":"-140","isLinked":false},"_mask_shape":"flower"},"elements":[],"widgetType":"image"},{"id":"9f2c66a","elType":"widget","settings":{"image":{"url":"https:\/\/finestdevs.com\/demos\/wp\/shadepro\/wp-content\/uploads\/2021\/05\/main.png","id":14709},"_position":"absolute","_offset_x":{"size":223,"unit":"px"},"_offset_y":{"size":453,"unit":"px"},"_z_index":2,"_offset_x_tablet":{"size":29,"unit":"px"},"_offset_y_tablet":{"size":444,"unit":"px"},"_animation":"fadeInRight","_offset_x_mobile":{"size":-10,"unit":"px"},"_offset_y_mobile":{"size":350,"unit":"px"}},"elements":[],"widgetType":"image"},{"id":"8963ba8","elType":"widget","settings":{"image":{"url":"https:\/\/finestdevs.com\/demos\/wp\/shadepro\/wp-content\/uploads\/2021\/05\/main-1.png","id":14710},"_element_width":"auto","_position":"absolute","_offset_x":{"size":-34,"unit":"px"},"_offset_y":{"size":159,"unit":"px"},"_offset_x_tablet":{"size":-45,"unit":"px"},"_offset_y_tablet":{"size":32,"unit":"px"},"_animation":"fadeInLeft","_offset_x_mobile":{"size":-23,"unit":"px"},"_offset_y_mobile":{"size":-6,"unit":"px"}},"elements":[],"widgetType":"image"},{"id":"80d765f","elType":"widget","settings":{"image":{"url":"https:\/\/finestdevs.com\/demos\/wp\/shadepro\/wp-content\/uploads\/2021\/05\/Vector-4.svg","id":14722},"_element_width":"auto","_position":"absolute","_offset_x":{"size":162,"unit":"px"},"_offset_y":{"size":634,"unit":"px"},"image_size":"full","_offset_x_tablet":{"size":-326,"unit":"px"},"_offset_y_tablet":{"size":759,"unit":"px"},"_animation":"zoomIn","_animation_delay":600},"elements":[],"widgetType":"image"},{"id":"2500170","elType":"widget","settings":{"image":{"url":"https:\/\/finestdevs.com\/demos\/wp\/shadepro\/wp-content\/uploads\/2021\/05\/Vector-2.svg","id":14720},"_element_width":"auto","_position":"absolute","_offset_x":{"size":534,"unit":"px"},"_offset_y":{"size":506,"unit":"px"},"image_size":"full"},"elements":[],"widgetType":"image"},{"id":"8a568a5","elType":"widget","settings":{"image":{"url":"https:\/\/finestdevs.com\/demos\/wp\/shadepro\/wp-content\/uploads\/2021\/05\/Vector-3.svg","id":14721},"_element_width":"auto","_position":"absolute","_offset_x":{"size":37,"unit":"px"},"_offset_y":{"size":299.5,"unit":"px"},"image_size":"full","_z_index":2,"_animation":"zoomIn","_animation_delay":600},"elements":[],"widgetType":"image"}],"isInner":true}],"isInner":true}],"isInner":false}],"isInner":false},{"id":"21272df","elType":"section","settings":{"layout":"full_width","padding":{"unit":"px","top":"130","right":"0","bottom":"0130","left":"0","isLinked":false},"padding_tablet":{"unit":"px","top":"60","right":"0","bottom":"60","left":"0","isLinked":false},"padding_mobile":{"unit":"px","top":"40","right":"0","bottom":"40","left":"0","isLinked":false}},"elements":[{"id":"3bd579c","elType":"column","settings":{"_column_size":100,"_inline_size":null},"elements":[{"id":"e860f1e","elType":"section","settings":{"content_width":{"unit":"px","size":1219,"sizes":[]},"structure":"20","content_position":"middle","margin":{"unit":"px","top":"","right":0,"bottom":"","left":0,"isLinked":true}},"elements":[{"id":"d2baa40","elType":"column","settings":{"_column_size":50,"_inline_size":51.645},"elements":[{"id":"0feba09","elType":"widget","settings":{"image":{"url":"https:\/\/finestdevs.com\/demos\/wp\/shadepro\/wp-content\/uploads\/2021\/05\/Rectangle-108.svg","id":14732},"image_size":"full","_element_width":"auto","_position":"absolute","_offset_x":{"size":9,"unit":"px"},"_offset_x_end":{"size":92.891,"unit":"px"},"_offset_y":{"size":257,"unit":"px"},"_animation":"fadeInLeft","_animation_delay":600,"_element_width_mobile":"initial","_element_custom_width_mobile":{"unit":"px","size":53,"sizes":[]},"_offset_x_mobile":{"size":6,"unit":"px"},"_offset_y_mobile":{"size":81,"unit":"px"}},"elements":[],"widgetType":"image"},{"id":"2b76b57","elType":"widget","settings":{"image":{"url":"https:\/\/finestdevs.com\/demos\/wp\/shadepro\/wp-content\/uploads\/2021\/05\/img-2.png","id":14731},"align":"left","_margin":{"unit":"px","top":"0","right":"0","bottom":"-81","left":"0","isLinked":false},"_z_index":1,"_margin_mobile":{"unit":"px","top":"0","right":"0","bottom":"-26","left":"0","isLinked":false},"_animation":"none"},"elements":[],"widgetType":"image"},{"id":"6bcb474","elType":"widget","settings":{"image":{"url":"https:\/\/finestdevs.com\/demos\/wp\/shadepro\/wp-content\/uploads\/2021\/05\/img-1.png","id":14730},"_element_width":"auto","_position":"absolute","_offset_x":{"size":213,"unit":"px"},"_offset_x_end":{"size":"","unit":"px"},"_offset_y":{"size":211,"unit":"px"},"_offset_x_tablet":{"size":229,"unit":"px"},"_offset_y_tablet":{"size":368,"unit":"px"},"_animation":"fadeInRight","_animation_delay":500,"_offset_x_mobile":{"size":175,"unit":"px"},"_offset_y_mobile":{"size":71,"unit":"px"}},"elements":[],"widgetType":"image"},{"id":"ad04010","elType":"widget","settings":{"image":{"url":"https:\/\/finestdevs.com\/demos\/wp\/shadepro\/wp-content\/uploads\/2021\/05\/img-3.png","id":14729},"_element_width":"auto","_position":"absolute","_offset_x":{"unit":"px","size":13,"sizes":[]},"_offset_x_end":{"size":92.891,"unit":"px"},"_offset_y":{"size":-4,"unit":"px"},"_offset_x_tablet":{"size":-7,"unit":"px"},"_offset_y_tablet":{"size":130,"unit":"px"},"_animation":"fadeInLeft","_animation_delay":300,"_element_width_mobile":"initial","_element_custom_width_mobile":{"unit":"px","size":180},"_offset_x_mobile":{"size":-41,"unit":"px"},"_offset_y_mobile":{"size":-5,"unit":"px"}},"elements":[],"widgetType":"image"}],"isInner":true},{"id":"44835ef","elType":"column","settings":{"_column_size":50,"_inline_size":48.317,"margin":{"unit":"px","top":"0","right":"0","bottom":"0","left":"42","isLinked":false},"margin_tablet":{"unit":"px","top":"0","right":"0","bottom":"0","left":"0","isLinked":false}},"elements":[{"id":"a5ffacf","elType":"widget","settings":{"title":"About the app","title_color":"#473BF0","typography_typography":"custom","typography_font_family":"Manrope","typography_font_size":{"unit":"px","size":18,"sizes":[]},"typography_font_weight":"700","typography_line_height":{"unit":"px","size":"","sizes":[]},"typography_letter_spacing":{"unit":"px","size":0,"sizes":[]}},"elements":[],"widgetType":"heading"},{"id":"197d783","elType":"widget","settings":{"title":"Save your money smartly by our app","title_color":"#372E52","typography_typography":"custom","typography_font_family":"Manrope","typography_font_size":{"unit":"px","size":48,"sizes":[]},"typography_font_weight":"700","typography_line_height":{"unit":"em","size":1.25,"sizes":[]},"typography_letter_spacing":{"unit":"px","size":0,"sizes":[]},"_margin":{"unit":"px","top":"20","right":"0","bottom":"27","left":"0","isLinked":false},"__globals__":{"typography_typography":""},"typography_font_size_tablet":{"unit":"px","size":44,"sizes":[]},"typography_font_size_mobile":{"unit":"px","size":38,"sizes":[]}},"elements":[],"widgetType":"heading"},{"id":"c4bae1f","elType":"widget","settings":{"editor":"<p>Gravida eleifend dignissim diam vitae. Eu morbi tellus lacus nunc nisl sit posuere. Dui cursus porta sollicitudin eget tincidunt eu pharetra. Purus at ligula.<\/p><p>Volutpat amet, quam pulvinar proin. Velit orci nulla vitae consequat tincidunt ac proin netus sagittis. Pellentesque eleifend dictum quam id id. Pellen tesque enim.<\/p>","text_color":"#372E52CC","typography_typography":"custom","typography_font_family":"Manrope","typography_font_size":{"unit":"px","size":18,"sizes":[]},"typography_font_weight":"400","typography_line_height":{"unit":"em","size":1.88,"sizes":[]},"_margin":{"unit":"px","top":"0","right":"0","bottom":"37","left":"0","isLinked":false},"typography_letter_spacing":{"unit":"px","size":0,"sizes":[]}},"elements":[],"widgetType":"text-editor"},{"id":"759f32c","elType":"widget","settings":{"button_label":"Learn More","button_type":"boxed","boxed_btn_background":"#FC753B00","heading_typography_typography":"custom","heading_typography_font_family":"Manrope","heading_typography_font_size":{"unit":"px","size":18,"sizes":[]},"heading_typography_font_weight":"700","heading_typography_line_height":{"unit":"px","size":"","sizes":[]},"heading_typography_letter_spacing":{"unit":"px","size":0,"sizes":[]},"button_padding":{"unit":"px","top":"0","right":"0","bottom":"0","left":"0","isLinked":true},"button_url":{"url":"https:\/\/finestdevs.com\/demos\/wp\/shadepro\/contact\/","is_external":"","nofollow":"","custom_attributes":""},"__globals__":{"boxed_btn_background":""},"button_radius":{"unit":"px","top":"0","right":"0","bottom":"0","left":"0","isLinked":true},"icon":{"value":{"url":"https:\/\/finestdevs.com\/demos\/wp\/shadepro\/wp-content\/uploads\/2021\/05\/Line-15.svg","id":14716},"library":"svg"},"icon_position":"before","icon_color":"","icon_line_color":"","boxed_btn_color":"#FC753B","icon_gap":{"unit":"px","size":14,"sizes":[]},"button_shadow_box_shadow_type":""},"elements":[],"widgetType":"shadepro-btn"}],"isInner":true}],"isInner":true}],"isInner":false}],"isInner":false},{"id":"35a054e","elType":"section","settings":{"layout":"full_width","padding":{"unit":"px","top":"100","right":"0","bottom":"100","left":"0","isLinked":false},"background_background":"classic","background_color":"#F8F8FB","padding_tablet":{"unit":"px","top":"60","right":"0","bottom":"60","left":"0","isLinked":false},"padding_mobile":{"unit":"px","top":"40","right":"0","bottom":"40","left":"0","isLinked":false},"animation":"fadeInUp"},"elements":[{"id":"04c52fa","elType":"column","settings":{"_column_size":100,"_inline_size":null},"elements":[{"id":"b7185f0","elType":"section","settings":{"content_width":{"unit":"px","size":767,"sizes":[]},"content_position":"middle","margin":{"unit":"px","top":"","right":0,"bottom":"","left":0,"isLinked":true},"padding":{"unit":"px","top":"0","right":"0","bottom":"060","left":"0","isLinked":false},"padding_tablet":{"unit":"px","top":"0","right":"0","bottom":"50","left":"0","isLinked":false},"margin_mobile":{"unit":"px","top":"","right":0,"bottom":"","left":0,"isLinked":true},"padding_mobile":{"unit":"px","top":"0","right":"0","bottom":"30","left":"0","isLinked":false}},"elements":[{"id":"dc7a9d6","elType":"column","settings":{"_column_size":100,"_inline_size":null,"margin":{"unit":"px","top":"0","right":"0","bottom":"0","left":"42","isLinked":false},"margin_mobile":{"unit":"px","top":"0","right":"0","bottom":"0","left":"0","isLinked":false}},"elements":[{"id":"a62f5e5","elType":"widget","settings":{"title":"Main features","title_color":"#473BF0","typography_typography":"custom","typography_font_family":"Manrope","typography_font_size":{"unit":"px","size":18,"sizes":[]},"typography_font_weight":"700","typography_line_height":{"unit":"px","size":"","sizes":[]},"align":"center","typography_letter_spacing":{"unit":"px","size":0,"sizes":[]},"_margin":{"unit":"px","top":"0","right":"0","bottom":"22","left":"0","isLinked":false}},"elements":[],"widgetType":"heading"},{"id":"ddca434","elType":"widget","settings":{"title":"The app will track your transaction and savings","title_color":"#372E52","typography_typography":"custom","typography_font_family":"Manrope","typography_font_size":{"unit":"px","size":48,"sizes":[]},"typography_font_weight":"700","typography_line_height":{"unit":"em","size":1.25,"sizes":[]},"typography_letter_spacing":{"unit":"px","size":0,"sizes":[]},"__globals__":{"typography_typography":""},"align":"center","typography_font_size_tablet":{"unit":"px","size":44,"sizes":[]},"typography_font_size_mobile":{"unit":"px","size":38,"sizes":[]}},"elements":[],"widgetType":"heading"}],"isInner":true}],"isInner":true},{"id":"6e08d0c","elType":"section","settings":{"content_width":{"unit":"px","size":1320,"sizes":[]},"structure":"40"},"elements":[{"id":"f625093","elType":"column","settings":{"_column_size":25,"_inline_size":null,"_inline_size_tablet":50},"elements":[{"id":"5078382","elType":"widget","settings":{"icon_type":"text","box_number":"1.","title":"Connect bank account ","description":"Risus tincidunt a egestas etus, conse ctetur amet. Molestie neque egestas ","button_text":"Learn more","content_align":"left","enable_icon_box":"","icon_color":"#FC753B","icon_text_typo_typography":"custom","icon_text_typo_font_family":"Manrope","icon_text_typo_font_size":{"unit":"px","size":36,"sizes":[]},"icon_text_typo_font_weight":"700","icon_text_typo_line_height":{"unit":"em","size":1.41,"sizes":[]},"space_between_icon":{"unit":"px","size":22,"sizes":[]},"title_gap":{"unit":"px","size":15,"sizes":[]},"heading_typography_typography":"custom","heading_typography_font_family":"Manrope","heading_typography_font_size":{"unit":"px","size":20,"sizes":[]},"heading_typography_font_weight":"700","heading_typography_line_height":{"unit":"em","size":1.6,"sizes":[]},"description_typography_typography":"custom","description_typography_font_family":"Manrope","description_typography_font_size":{"unit":"px","size":16,"sizes":[]},"description_typography_line_height":{"unit":"em","size":1.85,"sizes":[]},"box_background":"#FC753B17","box_border_radius":{"unit":"px","top":"20","right":"20","bottom":"20","left":"20","isLinked":true},"box_padding":{"unit":"px","top":"50","right":"40","bottom":"50","left":"40","isLinked":false},"box_shadow_box_shadow_type":"","desscription_color":"#372E52CC"},"elements":[],"widgetType":"shadepro-feature-box"}],"isInner":true},{"id":"cf25fde","elType":"column","settings":{"_column_size":25,"_inline_size":null,"_inline_size_tablet":50},"elements":[{"id":"9dc11fc","elType":"widget","settings":{"icon_type":"text","box_number":"2.","title":"Connect bank account ","description":"Risus tincidunt a egestas etus, conse ctetur amet. Molestie neque egestas ","button_text":"Learn more","content_align":"left","enable_icon_box":"","icon_color":"#3600D1","icon_text_typo_typography":"custom","icon_text_typo_font_family":"Manrope","icon_text_typo_font_size":{"unit":"px","size":36,"sizes":[]},"icon_text_typo_font_weight":"700","icon_text_typo_line_height":{"unit":"em","size":1.41,"sizes":[]},"space_between_icon":{"unit":"px","size":22,"sizes":[]},"title_gap":{"unit":"px","size":15,"sizes":[]},"heading_typography_typography":"custom","heading_typography_font_family":"Manrope","heading_typography_font_size":{"unit":"px","size":20,"sizes":[]},"heading_typography_font_weight":"700","heading_typography_line_height":{"unit":"em","size":1.6,"sizes":[]},"description_typography_typography":"custom","description_typography_font_family":"Manrope","description_typography_font_size":{"unit":"px","size":16,"sizes":[]},"description_typography_line_height":{"unit":"em","size":1.85,"sizes":[]},"box_background":"#3600D117","box_border_radius":{"unit":"px","top":"20","right":"20","bottom":"20","left":"20","isLinked":true},"box_padding":{"unit":"px","top":"50","right":"40","bottom":"50","left":"40","isLinked":false},"box_shadow_box_shadow_type":"","desscription_color":"#372E52CC"},"elements":[],"widgetType":"shadepro-feature-box"}],"isInner":true},{"id":"89f6f11","elType":"column","settings":{"_column_size":25,"_inline_size":null,"_inline_size_tablet":50},"elements":[{"id":"1b8aad5","elType":"widget","settings":{"icon_type":"text","box_number":"3.","title":"Connect bank account ","description":"Risus tincidunt a egestas etus, conse ctetur amet. Molestie neque egestas ","button_text":"Learn more","content_align":"left","enable_icon_box":"","icon_color":"#8FD4B8","icon_text_typo_typography":"custom","icon_text_typo_font_family":"Manrope","icon_text_typo_font_size":{"unit":"px","size":36,"sizes":[]},"icon_text_typo_font_weight":"700","icon_text_typo_line_height":{"unit":"em","size":1.41,"sizes":[]},"space_between_icon":{"unit":"px","size":22,"sizes":[]},"title_gap":{"unit":"px","size":15,"sizes":[]},"heading_typography_typography":"custom","heading_typography_font_family":"Manrope","heading_typography_font_size":{"unit":"px","size":20,"sizes":[]},"heading_typography_font_weight":"700","heading_typography_line_height":{"unit":"em","size":1.6,"sizes":[]},"description_typography_typography":"custom","description_typography_font_family":"Manrope","description_typography_font_size":{"unit":"px","size":16,"sizes":[]},"description_typography_line_height":{"unit":"em","size":1.85,"sizes":[]},"box_background":"#8FD4B817","box_border_radius":{"unit":"px","top":"20","right":"20","bottom":"20","left":"20","isLinked":true},"box_padding":{"unit":"px","top":"50","right":"40","bottom":"50","left":"40","isLinked":false},"box_shadow_box_shadow_type":"","desscription_color":"#372E52CC"},"elements":[],"widgetType":"shadepro-feature-box"}],"isInner":true},{"id":"ce65baa","elType":"column","settings":{"_column_size":25,"_inline_size":null,"_inline_size_tablet":50},"elements":[{"id":"db8b87b","elType":"widget","settings":{"icon_type":"text","box_number":"4.","title":"Connect bank account ","description":"Risus tincidunt a egestas etus, conse ctetur amet. Molestie neque egestas ","button_text":"Learn more","content_align":"left","enable_icon_box":"","icon_color":"#FDDA5F","icon_text_typo_typography":"custom","icon_text_typo_font_family":"Manrope","icon_text_typo_font_size":{"unit":"px","size":36,"sizes":[]},"icon_text_typo_font_weight":"700","icon_text_typo_line_height":{"unit":"em","size":1.41,"sizes":[]},"space_between_icon":{"unit":"px","size":22,"sizes":[]},"title_gap":{"unit":"px","size":15,"sizes":[]},"heading_typography_typography":"custom","heading_typography_font_family":"Manrope","heading_typography_font_size":{"unit":"px","size":20,"sizes":[]},"heading_typography_font_weight":"700","heading_typography_line_height":{"unit":"em","size":1.6,"sizes":[]},"description_typography_typography":"custom","description_typography_font_family":"Manrope","description_typography_font_size":{"unit":"px","size":16,"sizes":[]},"description_typography_line_height":{"unit":"em","size":1.85,"sizes":[]},"box_background":"#FDDA5F17","box_border_radius":{"unit":"px","top":"20","right":"20","bottom":"20","left":"20","isLinked":true},"box_padding":{"unit":"px","top":"50","right":"40","bottom":"50","left":"40","isLinked":false},"box_shadow_box_shadow_type":""},"elements":[],"widgetType":"shadepro-feature-box"}],"isInner":true}],"isInner":true}],"isInner":false}],"isInner":false},{"id":"28d0c5d","elType":"section","settings":{"layout":"full_width","padding":{"unit":"px","top":"130","right":"0","bottom":"0","left":"0","isLinked":false},"gap":"no","overflow":"hidden","padding_tablet":{"unit":"px","top":"60","right":"0","bottom":"70","left":"0","isLinked":false},"padding_mobile":{"unit":"px","top":"40","right":"0","bottom":"40","left":"0","isLinked":false}},"elements":[{"id":"9fbb475","elType":"column","settings":{"_column_size":100,"_inline_size":null},"elements":[{"id":"e39cbca","elType":"section","settings":{"content_width":{"unit":"px","size":1320,"sizes":[]},"structure":"20","gap":"no","padding":{"unit":"px","top":"0","right":"020","bottom":"0","left":"20","isLinked":false},"reverse_order_tablet":"reverse-tablet","reverse_order_mobile":"reverse-mobile"},"elements":[{"id":"33f45f8","elType":"column","settings":{"_column_size":50,"_inline_size":39.68,"margin":{"unit":"px","top":"0","right":"0","bottom":"0","left":"0","isLinked":true},"_inline_size_tablet":100},"elements":[{"id":"afbe855","elType":"widget","settings":{"title":"Special features","title_color":"#473BF0","typography_typography":"custom","typography_font_family":"Manrope","typography_font_size":{"unit":"px","size":18,"sizes":[]},"typography_font_weight":"700","typography_line_height":{"unit":"px","size":"","sizes":[]},"typography_letter_spacing":{"unit":"px","size":0,"sizes":[]}},"elements":[],"widgetType":"heading"},{"id":"d11a649","elType":"widget","settings":{"title":"Finance management is much easier now.","title_color":"#372E52","typography_typography":"custom","typography_font_family":"Manrope","typography_font_size":{"unit":"px","size":48,"sizes":[]},"typography_font_weight":"700","typography_line_height":{"unit":"em","size":1.25,"sizes":[]},"typography_letter_spacing":{"unit":"px","size":0,"sizes":[]},"_margin":{"unit":"px","top":"20","right":"0","bottom":"60","left":"0","isLinked":false},"__globals__":{"typography_typography":""},"typography_font_size_tablet":{"unit":"px","size":44,"sizes":[]},"typography_font_size_mobile":{"unit":"px","size":38,"sizes":[]},"_margin_mobile":{"unit":"px","top":"15","right":"0","bottom":"40","left":"0","isLinked":false}},"elements":[],"widgetType":"heading"},{"id":"8e52bef","elType":"widget","settings":{"icon":{"value":{"url":"https:\/\/finestdevs.com\/demos\/wp\/shadepro\/wp-content\/uploads\/2021\/05\/Vector.svg","id":14755},"library":"svg"},"title":"Secured transaction","description":"<p>Egestas commodo odio viverra lorem augue nisl. Volutpat ipsum morbi sed at. Venenatis viverra.<\/p>","icon_size":{"unit":"px","size":25,"sizes":[]},"icon_box_size":{"unit":"px","size":25,"sizes":[]},"space_between_icon":{"unit":"px","size":18,"sizes":[]},"title_gap":{"unit":"px","size":14,"sizes":[]},"heading_typography_typography":"custom","heading_typography_font_family":"Manrope","heading_typography_font_size":{"unit":"px","size":20,"sizes":[]},"heading_typography_letter_spacing":{"unit":"px","size":0,"sizes":[]},"title_color":"#FC753B","description_typography_typography":"custom","description_typography_font_family":"Manrope","description_typography_font_size":{"unit":"px","size":16,"sizes":[]},"description_typography_line_height":{"unit":"em","size":1.875,"sizes":[]},"description_typography_letter_spacing":{"unit":"px","size":0,"sizes":[]},"description_color":"#372E52CC","_margin":{"unit":"px","top":"0","right":"66","bottom":"47","left":"0","isLinked":false},"icon_shadow_box_shadow_type":"","icon_box_size_tablet":{"unit":"px","size":"","sizes":[]},"icon_box_size_mobile":{"unit":"px","size":"","sizes":[]},"space_between_icon_mobile":{"unit":"px","size":"","sizes":[]},"_margin_mobile":{"unit":"px","top":"0","right":"0","bottom":"20","left":"0","isLinked":false}},"elements":[],"widgetType":"shadepro-inline-icon-box"},{"id":"ebbb393","elType":"widget","settings":{"icon":{"value":{"url":"https:\/\/finestdevs.com\/demos\/wp\/shadepro\/wp-content\/uploads\/2021\/05\/Vector-1.svg","id":14753},"library":"svg"},"title":"Direct bank connection","description":"<p>Egestas commodo odio viverra lorem augue nisl. Volutpat ipsum morbi sed at. Venenatis viverra.<\/p>","icon_size":{"unit":"px","size":25,"sizes":[]},"icon_box_size":{"unit":"px","size":25,"sizes":[]},"space_between_icon":{"unit":"px","size":18,"sizes":[]},"title_gap":{"unit":"px","size":14,"sizes":[]},"heading_typography_typography":"custom","heading_typography_font_family":"Manrope","heading_typography_font_size":{"unit":"px","size":20,"sizes":[]},"heading_typography_letter_spacing":{"unit":"px","size":0,"sizes":[]},"title_color":"#372E52","description_typography_typography":"custom","description_typography_font_family":"Manrope","description_typography_font_size":{"unit":"px","size":16,"sizes":[]},"description_typography_line_height":{"unit":"em","size":1.875,"sizes":[]},"description_typography_letter_spacing":{"unit":"px","size":0,"sizes":[]},"description_color":"#372E52CC","_margin":{"unit":"px","top":"0","right":"66","bottom":"0","left":"0","isLinked":false},"icon_shadow_box_shadow_type":"","icon_box_size_tablet":{"unit":"px","size":"","sizes":[]},"icon_box_size_mobile":{"unit":"px","size":"","sizes":[]},"space_between_icon_mobile":{"unit":"px","size":"","sizes":[]},"_margin_mobile":{"unit":"px","top":"0","right":"0","bottom":"0","left":"0","isLinked":false}},"elements":[],"widgetType":"shadepro-inline-icon-box"}],"isInner":true},{"id":"abc8afa","elType":"column","settings":{"_column_size":50,"_inline_size":60.282,"_inline_size_tablet":100,"align":"flex-end","align_tablet":"center","content_position_tablet":"bottom","margin_tablet":{"unit":"%","top":"0","right":"10","bottom":"0","left":"0","isLinked":false}},"elements":[{"id":"387f3a2","elType":"widget","settings":{"image":{"url":"https:\/\/finestdevs.com\/demos\/wp\/shadepro\/wp-content\/uploads\/2021\/05\/2.png","id":14758},"image_size":"full","align":"right","_margin":{"unit":"px","top":"0","right":"-113","bottom":"0","left":"0","isLinked":false},"_margin_tablet":{"unit":"px","top":"0","right":"0","bottom":"0","left":"0","isLinked":false},"_element_width":"auto","_position":"absolute","_offset_orientation_h":"end","_offset_x_end_tablet":{"unit":"px","size":-26.5,"sizes":[]},"_animation":"fadeInRight","_animation_delay":300,"_offset_orientation_v":"end","_offset_y_end":{"unit":"px","size":-132,"sizes":[]},"_offset_y_end_tablet":{"unit":"px","size":-75,"sizes":[]},"_offset_y_end_mobile":{"unit":"px","size":-15,"sizes":[]}},"elements":[],"widgetType":"image"},{"id":"7f8423e","elType":"widget","settings":{"image":{"url":"https:\/\/finestdevs.com\/demos\/wp\/shadepro\/wp-content\/uploads\/2021\/05\/1.png","id":14762},"image_size":"full","align":"right","_margin":{"unit":"px","top":"-34","right":"50","bottom":"-131","left":"0","isLinked":false},"_z_index":1,"_element_width":"auto","_margin_tablet":{"unit":"px","top":"0","right":"0","bottom":"-68","left":"0","isLinked":false},"_margin_mobile":{"unit":"px","top":"0","right":"0","bottom":"0","left":"0","isLinked":false},"_animation":"fadeInRight"},"elements":[],"widgetType":"image"},{"id":"51c591f","elType":"widget","settings":{"image":{"url":"https:\/\/finestdevs.com\/demos\/wp\/shadepro\/wp-content\/uploads\/2021\/05\/Vector-3-1.svg","id":14757},"_element_width":"auto","_position":"absolute","_offset_x":{"size":236,"unit":"px"},"_offset_y":{"size":193,"unit":"px"},"image_size":"full","_z_index":2,"_animation":"zoomIn","_animation_delay":600,"_offset_x_tablet":{"size":57,"unit":"px"},"_offset_x_mobile":{"size":-18,"unit":"px"},"_offset_y_tablet":{"size":-9,"unit":"px"},"_offset_y_mobile":{"size":-33,"unit":"px"}},"elements":[],"widgetType":"image"},{"id":"6633e77","elType":"widget","settings":{"image":{"url":"https:\/\/finestdevs.com\/demos\/wp\/shadepro\/wp-content\/uploads\/2021\/05\/Vector-4-1.svg","id":14756},"_element_width":"auto","_position":"absolute","_offset_x":{"size":236,"unit":"px"},"_offset_y":{"size":299,"unit":"px"},"image_size":"full","_z_index":2,"_offset_orientation_h":"end","_offset_x_end":{"unit":"px","size":-39.7,"sizes":[]},"_animation":"zoomIn","_animation_delay":600,"_offset_x_end_tablet":{"size":-39.687,"unit":"px"},"_offset_x_end_mobile":{"size":-39.672,"unit":"px"},"_offset_y_tablet":{"size":280,"unit":"px"},"_offset_y_mobile":{"size":278,"unit":"px"}},"elements":[],"widgetType":"image"}],"isInner":true}],"isInner":true}],"isInner":false}],"isInner":false},{"id":"5f6f22c","elType":"section","settings":{"layout":"full_width","padding":{"unit":"px","top":"100","right":"0","bottom":"100","left":"0","isLinked":false},"background_background":"classic","background_color":"#473BF0","padding_tablet":{"unit":"px","top":"60","right":"0","bottom":"60","left":"0","isLinked":false},"padding_mobile":{"unit":"px","top":"30","right":"0","bottom":"40","left":"0","isLinked":false}},"elements":[{"id":"3572766","elType":"column","settings":{"_column_size":100,"_inline_size":null},"elements":[{"id":"42a29e2","elType":"section","settings":{"content_width":{"unit":"px","size":1219,"sizes":[]},"structure":"20","content_position":"middle","margin":{"unit":"px","top":"","right":0,"bottom":"","left":0,"isLinked":true},"animation":"fadeInUp"},"elements":[{"id":"15e1f6f","elType":"column","settings":{"_column_size":50,"_inline_size":39.908,"_inline_size_tablet":50},"elements":[{"id":"b9c024c","elType":"widget","settings":{"title":"Save your money smartly by our app","title_color":"#FFFFFF","typography_typography":"custom","typography_font_family":"Manrope","typography_font_size":{"unit":"px","size":48,"sizes":[]},"typography_font_weight":"700","typography_line_height":{"unit":"em","size":1.25,"sizes":[]},"typography_letter_spacing":{"unit":"px","size":0,"sizes":[]},"_margin":{"unit":"px","top":"0","right":"0","bottom":"0","left":"0","isLinked":true},"__globals__":{"typography_typography":"","title_color":""},"typography_font_size_tablet":{"unit":"px","size":44,"sizes":[]},"typography_font_size_mobile":{"unit":"px","size":38,"sizes":[]}},"elements":[],"widgetType":"heading"},{"id":"8dfb5f6","elType":"widget","settings":{"editor":"<p>Id bibendum sed ac gravida turpis consequat pharetra. Quam vestibulum diam donec eu nec. Ut ac tristique aenean lacus id sit tincidunt eget. Variu.<\/p>","text_color":"#FFFFFFA6","typography_typography":"custom","typography_font_family":"Manrope","typography_font_size":{"unit":"px","size":18,"sizes":[]},"typography_font_weight":"400","typography_line_height":{"unit":"em","size":1.88,"sizes":[]},"_margin":{"unit":"px","top":"25","right":"0","bottom":"35","left":"0","isLinked":false},"typography_letter_spacing":{"unit":"px","size":0,"sizes":[]},"__globals__":{"text_color":""}},"elements":[],"widgetType":"text-editor"},{"id":"4851fda","elType":"widget","settings":{"rating":4.5,"title":"4.5\/5","title_color":"#FFFFFF","title_typography_typography":"custom","title_typography_font_family":"Manrope","title_typography_font_size":{"unit":"px","size":22,"sizes":[]},"title_typography_font_weight":"700","title_typography_line_height":{"unit":"em","size":1.4545,"sizes":[]},"icon_size":{"unit":"px","size":16,"sizes":[]},"icon_space":{"unit":"px","size":9,"sizes":[]},"stars_color":"#FDDA5F","stars_unmarked_color":"#FDDA5F61"},"elements":[],"widgetType":"star-rating"},{"id":"ef70c44","elType":"widget","settings":{"title":"(based on 1.5k ratings)","header_size":"span","title_color":"#FFFFFFA6","typography_typography":"custom","typography_font_family":"Manrope","typography_font_size":{"unit":"px","size":15,"sizes":[]},"typography_font_weight":"400","typography_line_height":{"unit":"px","size":28,"sizes":[]},"typography_letter_spacing":{"unit":"px","size":0,"sizes":[]},"_margin":{"unit":"px","top":"9","right":"0","bottom":"240","left":"0","isLinked":false},"__globals__":{"title_color":""},"_margin_tablet":{"unit":"px","top":"0","right":"0","bottom":"150","left":"0","isLinked":false},"_margin_mobile":{"unit":"px","top":"0","right":"0","bottom":"030","left":"0","isLinked":false}},"elements":[],"widgetType":"heading"},{"id":"a326650","elType":"widget","settings":{"button_label":"See all reviews  ","button_type":"boxed","boxed_btn_background":"#FC753B00","heading_typography_typography":"custom","heading_typography_font_family":"Manrope","heading_typography_font_size":{"unit":"px","size":18,"sizes":[]},"heading_typography_font_weight":"700","heading_typography_line_height":{"unit":"px","size":"","sizes":[]},"heading_typography_letter_spacing":{"unit":"px","size":0,"sizes":[]},"button_padding":{"unit":"px","top":"0","right":"0","bottom":"0","left":"0","isLinked":true},"button_url":{"url":"https:\/\/finestdevs.com\/demos\/wp\/shadepro\/contact\/","is_external":"","nofollow":"","custom_attributes":""},"__globals__":{"boxed_btn_background":""},"button_radius":{"unit":"px","top":"0","right":"0","bottom":"0","left":"0","isLinked":true},"icon":{"value":{"url":"https:\/\/finestdevs.com\/demos\/wp\/shadepro\/wp-content\/uploads\/2021\/05\/Line-15.svg","id":14716},"library":"svg"},"icon_position":"before","icon_color":"","icon_line_color":"","boxed_btn_color":"#FC753B","icon_gap":{"unit":"px","size":14,"sizes":[]},"button_shadow_box_shadow_type":"","_margin_mobile":{"unit":"px","top":"0","right":"0","bottom":"40","left":"0","isLinked":false}},"elements":[],"widgetType":"shadepro-btn"}],"isInner":true},{"id":"43dfb45","elType":"column","settings":{"_column_size":50,"_inline_size":60.092,"margin":{"unit":"px","top":"0","right":"0","bottom":"0","left":"154","isLinked":false},"_inline_size_tablet":50,"margin_tablet":{"unit":"px","top":"0","right":"0","bottom":"0","left":"0","isLinked":false}},"elements":[{"id":"846065b","elType":"widget","settings":{"image_position":"left","name":"Ralph Edwards","title":"","description":"\u201cNon id sed quis ut et sit ullamcorper. Feugiat nibh ac lobortis ut. Aliquam mauris nec pellentesque faucibus tortor sed id nisl vulputate.\u201d","box_background":"#FFFFFF","image":{"url":"https:\/\/finestdevs.com\/demos\/wp\/shadepro\/wp-content\/uploads\/2021\/05\/Ellipse-9-2.png","id":14773},"image_sizes":{"unit":"px","size":65,"sizes":[]},"image_gap":{"unit":"px","size":30,"sizes":[]},"box_min_height":{"unit":"px","size":10,"sizes":[]},"name_color":"#7A7A7A","title_typography_typography":"custom","title_typography_font_family":"Circular Std","title_typography_font_weight":"500","title_typography_line_height":{"unit":"em","size":1.705,"sizes":[]},"title_typography_letter_spacing":{"unit":"px","size":-0.2,"sizes":[]},"box_border_radius":{"unit":"px","top":"20","right":"20","bottom":"20","left":"20","isLinked":true},"box_padding":{"unit":"px","top":"24","right":"28","bottom":"24","left":"28","isLinked":false},"border_border":"solid","border_width":{"unit":"px","top":"1","right":"1","bottom":"1","left":"1","isLinked":true},"border_color":"#57595E","__globals__":{"title_typography_typography":"","name_color":"","name_typography_typography":""},"desc_gap":{"unit":"px","size":15,"sizes":[],"bottom":"16","top":"0","right":"0","left":"0"},"name_typography_typography":"custom","name_typography_font_family":"Manrope","name_typography_font_size":{"unit":"px","size":19,"sizes":[]},"name_typography_font_weight":"700","name_typography_line_height":{"unit":"em","size":1.578,"sizes":[]},"name_typography_letter_spacing":{"unit":"px","size":-0.2,"sizes":[]},"image_margin":{"unit":"px","top":"0","right":"24","bottom":"0","left":"0","isLinked":false},"image_margin_mobile":{"unit":"px","top":"0","right":"0","bottom":"20","left":"0","isLinked":false},"testimonial_alignment":"left","desscription_color":"#372E52CC","description_typography_typography":"custom","description_typography_font_family":"Manrope","description_typography_font_size":{"unit":"px","size":16,"sizes":[]},"description_typography_font_weight":"500","description_typography_line_height":{"unit":"em","size":1.625,"sizes":[]},"box_shadow_box_shadow_type":"yes","box_shadow_box_shadow":{"horizontal":0,"vertical":74,"blur":94,"spread":0,"color":"rgba(0, 0, 0, 0.29)"},"_z_index":1},"elements":[],"widgetType":"shadepro-testimonial"},{"id":"8998809","elType":"widget","settings":{"space":{"unit":"px","size":30,"sizes":[]}},"elements":[],"widgetType":"spacer"},{"id":"f96d55e","elType":"widget","settings":{"image_position":"left","name":"Esther Howard","title":"","description":"\u201cNon id sed quis ut et sit ullamcorper. Feugiat nibh ac lobortis ut. Aliquam mauris nec pellentesque faucibus tortor sed id nisl vulputate.\u201d","box_background":"#FFFFFF","image":{"url":"https:\/\/finestdevs.com\/demos\/wp\/shadepro\/wp-content\/uploads\/2021\/05\/Ellipse-9-4.png","id":14775},"image_sizes":{"unit":"px","size":65,"sizes":[]},"image_gap":{"unit":"px","size":30,"sizes":[]},"box_min_height":{"unit":"px","size":10,"sizes":[]},"name_color":"#7A7A7A","title_typography_typography":"custom","title_typography_font_family":"Circular Std","title_typography_font_weight":"500","title_typography_line_height":{"unit":"em","size":1.705,"sizes":[]},"title_typography_letter_spacing":{"unit":"px","size":-0.2,"sizes":[]},"box_border_radius":{"unit":"px","top":"20","right":"20","bottom":"20","left":"20","isLinked":true},"box_padding":{"unit":"px","top":"24","right":"28","bottom":"24","left":"28","isLinked":false},"border_border":"solid","border_width":{"unit":"px","top":"1","right":"1","bottom":"1","left":"1","isLinked":true},"border_color":"#57595E","__globals__":{"title_typography_typography":"","name_color":"","name_typography_typography":""},"desc_gap":{"unit":"px","size":15,"sizes":[],"bottom":"16","top":"0","right":"0","left":"0"},"name_typography_typography":"custom","name_typography_font_family":"Manrope","name_typography_font_size":{"unit":"px","size":19,"sizes":[]},"name_typography_font_weight":"700","name_typography_line_height":{"unit":"em","size":1.578,"sizes":[]},"name_typography_letter_spacing":{"unit":"px","size":-0.2,"sizes":[]},"box_optacity":{"unit":"px","size":0.65,"sizes":[]},"image_margin":{"unit":"px","top":"0","right":"24","bottom":"0","left":"0","isLinked":false},"image_margin_mobile":{"unit":"px","top":"0","right":"0","bottom":"20","left":"0","isLinked":false},"testimonial_alignment":"left","desscription_color":"#372E52CC","description_typography_typography":"custom","description_typography_font_family":"Manrope","description_typography_font_size":{"unit":"px","size":16,"sizes":[]},"description_typography_font_weight":"500","description_typography_line_height":{"unit":"em","size":1.625,"sizes":[]},"box_shadow_box_shadow":{"horizontal":0,"vertical":74,"blur":94,"spread":0,"color":"rgba(0,0,0,0.5)"},"_margin":{"unit":"px","top":"0","right":"-35","bottom":"0","left":"35","isLinked":false},"_margin_tablet":{"unit":"px","top":"0","right":"0","bottom":"0","left":"0","isLinked":false}},"elements":[],"widgetType":"shadepro-testimonial"},{"id":"c2af0f6","elType":"widget","settings":{"space":{"unit":"px","size":30,"sizes":[]}},"elements":[],"widgetType":"spacer"},{"id":"c5abe5f","elType":"widget","settings":{"image_position":"left","name":"Esther Allison\u200b","title":"","description":"\u201cMust have book for all, who want to be Product Designer or Interaction Designer.\u201d\u200b","box_background":"#FFFFFF","image":{"url":"https:\/\/finestdevs.com\/demos\/wp\/shadepro\/wp-content\/uploads\/2021\/05\/Ellipse-9-3.png","id":14774},"image_sizes":{"unit":"px","size":65,"sizes":[]},"image_gap":{"unit":"px","size":30,"sizes":[]},"box_min_height":{"unit":"px","size":10,"sizes":[]},"name_color":"#7A7A7A","title_typography_typography":"custom","title_typography_font_family":"Circular Std","title_typography_font_weight":"500","title_typography_line_height":{"unit":"em","size":1.705,"sizes":[]},"title_typography_letter_spacing":{"unit":"px","size":-0.2,"sizes":[]},"box_border_radius":{"unit":"px","top":"20","right":"20","bottom":"20","left":"20","isLinked":true},"box_padding":{"unit":"px","top":"24","right":"28","bottom":"24","left":"28","isLinked":false},"border_border":"solid","border_width":{"unit":"px","top":"1","right":"1","bottom":"1","left":"1","isLinked":true},"border_color":"#57595E","__globals__":{"title_typography_typography":"","name_color":"","name_typography_typography":""},"desc_gap":{"unit":"px","size":15,"sizes":[],"bottom":"16","top":"0","right":"0","left":"0"},"name_typography_typography":"custom","name_typography_font_family":"Manrope","name_typography_font_size":{"unit":"px","size":19,"sizes":[]},"name_typography_font_weight":"700","name_typography_line_height":{"unit":"em","size":1.578,"sizes":[]},"name_typography_letter_spacing":{"unit":"px","size":-0.2,"sizes":[]},"box_optacity":{"unit":"px","size":0.2,"sizes":[]},"image_margin":{"unit":"px","top":"0","right":"24","bottom":"0","left":"0","isLinked":false},"image_margin_mobile":{"unit":"px","top":"0","right":"0","bottom":"20","left":"0","isLinked":false},"testimonial_alignment":"left","desscription_color":"#372E52CC","description_typography_typography":"custom","description_typography_font_family":"Manrope","description_typography_font_size":{"unit":"px","size":16,"sizes":[]},"description_typography_font_weight":"500","description_typography_line_height":{"unit":"em","size":1.625,"sizes":[]},"box_shadow_box_shadow":{"horizontal":0,"vertical":74,"blur":94,"spread":0,"color":"rgba(0,0,0,0.5)"},"_margin":{"unit":"px","top":"0","right":"25","bottom":"0","left":"-25","isLinked":false},"_margin_tablet":{"unit":"px","top":"0","right":"0","bottom":"0","left":"0","isLinked":false}},"elements":[],"widgetType":"shadepro-testimonial"},{"id":"e4a9bbf","elType":"widget","settings":{"image":{"url":"https:\/\/finestdevs.com\/demos\/wp\/shadepro\/wp-content\/uploads\/2021\/05\/Vector-2.png","id":14781},"_element_width":"auto","_position":"absolute","_offset_x":{"size":-134,"unit":"px"},"_offset_y":{"size":-18,"unit":"px"},"image_size":"full","_z_index":2,"_animation":"zoomIn","_animation_delay":400,"_offset_x_mobile":{"size":207,"unit":"px"},"_offset_y_mobile":{"size":-53,"unit":"px"}},"elements":[],"widgetType":"image"}],"isInner":true}],"isInner":true}],"isInner":false}],"isInner":false},{"id":"efbc66f","elType":"section","settings":{"padding":{"unit":"px","top":"107","right":"0","bottom":"120","left":"0","isLinked":false},"padding_tablet":{"unit":"px","top":"60","right":"0","bottom":"60","left":"0","isLinked":false},"padding_mobile":{"unit":"px","top":"40","right":"0","bottom":"40","left":"0","isLinked":false},"animation":"fadeInUp"},"elements":[{"id":"dc8305b","elType":"column","settings":{"_column_size":100,"_inline_size":null},"elements":[{"id":"8c6d7f9","elType":"section","settings":{"content_width":{"unit":"px","size":592,"sizes":[]},"content_position":"middle","margin":{"unit":"px","top":"","right":0,"bottom":"","left":0,"isLinked":true},"padding_tablet":{"unit":"px","top":"0","right":"70","bottom":"0","left":"70","isLinked":false},"padding_mobile":{"unit":"px","top":"0","right":"0","bottom":"0","left":"0","isLinked":false}},"elements":[{"id":"7fda6ad","elType":"column","settings":{"_column_size":100,"_inline_size":null},"elements":[{"id":"a924103","elType":"widget","settings":{"title":"Let\u2019s start your free trial for 30 days","title_color":"#372E52","typography_typography":"custom","typography_font_family":"Manrope","typography_font_size":{"unit":"px","size":55,"sizes":[]},"typography_font_weight":"700","typography_line_height":{"unit":"em","size":1.25,"sizes":[]},"typography_letter_spacing":{"unit":"px","size":0,"sizes":[]},"__globals__":{"typography_typography":""},"align":"center","typography_font_size_tablet":{"unit":"px","size":44,"sizes":[]},"typography_font_size_mobile":{"unit":"px","size":44,"sizes":[]}},"elements":[],"widgetType":"heading"},{"id":"2239f6b","elType":"widget","settings":{"image":{"url":"https:\/\/finestdevs.com\/demos\/wp\/shadepro\/wp-content\/uploads\/2021\/05\/Vector-3.png","id":14784},"_element_width":"auto","_position":"absolute","_offset_x":{"size":-214,"unit":"px"},"_offset_y":{"size":-17,"unit":"px"},"image_size":"full","_z_index":2,"_offset_x_mobile":{"size":18,"unit":"px"},"_offset_y_mobile":{"size":-78,"unit":"px"}},"elements":[],"widgetType":"image"},{"id":"2193e4a","elType":"widget","settings":{"image":{"url":"https:\/\/finestdevs.com\/demos\/wp\/shadepro\/wp-content\/uploads\/2021\/05\/Ellipse-12.png","id":14783},"_element_width":"auto","_position":"absolute","_offset_x":{"size":-214,"unit":"px"},"_offset_y":{"size":-17,"unit":"px"},"image_size":"full","_z_index":2,"_offset_orientation_h":"end","_offset_x_end":{"unit":"px","size":-119.2,"sizes":[]},"_offset_orientation_v":"end","_offset_y_end":{"unit":"px","size":79,"sizes":[]},"_offset_x_end_mobile":{"size":6.3,"unit":"px"},"_offset_y_end_mobile":{"size":-77,"unit":"px"}},"elements":[],"widgetType":"image"},{"id":"89668e5","elType":"widget","settings":{"editor":"<p>Cum nunc ullamcorper sit scelerisque justo, massa a. Sit eleifend ultrices quam vitae. Elementum pellen.<\/p>","text_color":"#372E52CC","typography_typography":"custom","typography_font_family":"Manrope","typography_font_size":{"unit":"px","size":18,"sizes":[]},"typography_font_weight":"400","typography_line_height":{"unit":"em","size":1.55,"sizes":[]},"_margin":{"unit":"px","top":"23","right":"0","bottom":"45","left":"0","isLinked":false},"typography_letter_spacing":{"unit":"px","size":0,"sizes":[]},"align":"center"},"elements":[],"widgetType":"text-editor"},{"id":"f49a409","elType":"widget","settings":{"button_label":"Start 30 days free trial","button_type":"boxed","boxed_btn_background":"#FC753B","heading_typography_typography":"custom","heading_typography_font_family":"Manrope","heading_typography_font_size":{"unit":"px","size":16,"sizes":[]},"heading_typography_font_weight":"700","heading_typography_line_height":{"unit":"em","size":1.611,"sizes":[]},"heading_typography_letter_spacing":{"unit":"px","size":0,"sizes":[]},"button_padding":{"unit":"px","top":"18","right":"30","bottom":"18","left":"30","isLinked":false},"button_url":{"url":"https:\/\/finestdevs.com\/demos\/wp\/shadepro\/contact\/","is_external":"","nofollow":"","custom_attributes":""},"__globals__":{"boxed_btn_background":""},"button_radius":{"unit":"px","top":"10","right":"10","bottom":"10","left":"10","isLinked":true},"button_align":"center","_margin_mobile":{"unit":"px","top":"0","right":"0","bottom":"0","left":"0","isLinked":false}},"elements":[],"widgetType":"shadepro-btn"}],"isInner":true}],"isInner":true}],"isInner":false}],"isInner":false}] ]]></wp:meta_value>
										</wp:postmeta>
																				<wp:postmeta>
											<wp:meta_key>_elementor_controls_usage</wp:meta_key>
											<wp:meta_value><![CDATA[a:11:{s:7:"heading";a:3:{s:5:"count";i:11;s:15:"control_percent";i:4;s:8:"controls";a:3:{s:7:"content";a:1:{s:13:"section_title";a:3:{s:5:"title";i:11;s:5:"align";i:3;s:11:"header_size";i:1;}}s:5:"style";a:1:{s:19:"section_title_style";a:9:{s:11:"title_color";i:11;s:21:"typography_typography";i:11;s:22:"typography_font_family";i:11;s:20:"typography_font_size";i:11;s:22:"typography_font_weight";i:11;s:22:"typography_line_height";i:11;s:25:"typography_letter_spacing";i:11;s:27:"typography_font_size_tablet";i:6;s:27:"typography_font_size_mobile";i:5;}}s:8:"advanced";a:1:{s:14:"_section_style";a:3:{s:7:"_margin";i:6;s:14:"_margin_mobile";i:2;s:14:"_margin_tablet";i:1;}}}}s:11:"text-editor";a:3:{s:5:"count";i:4;s:15:"control_percent";i:4;s:8:"controls";a:3:{s:7:"content";a:1:{s:14:"section_editor";a:1:{s:6:"editor";i:4;}}s:5:"style";a:1:{s:13:"section_style";a:8:{s:10:"text_color";i:4;s:21:"typography_typography";i:4;s:22:"typography_font_family";i:4;s:20:"typography_font_size";i:4;s:22:"typography_font_weight";i:4;s:22:"typography_line_height";i:4;s:25:"typography_letter_spacing";i:4;s:5:"align";i:1;}}s:8:"advanced";a:1:{s:14:"_section_style";a:1:{s:7:"_margin";i:4;}}}}s:12:"shadepro-btn";a:3:{s:5:"count";i:4;s:15:"control_percent";i:5;s:8:"controls";a:3:{s:7:"content";a:1:{s:6:"button";a:6:{s:12:"button_label";i:3;s:11:"button_type";i:4;s:10:"button_url";i:4;s:4:"icon";i:2;s:13:"icon_position";i:2;s:12:"button_align";i:1;}}s:5:"style";a:2:{s:12:"button_style";a:11:{s:20:"boxed_btn_background";i:4;s:29:"heading_typography_typography";i:4;s:30:"heading_typography_font_family";i:4;s:28:"heading_typography_font_size";i:4;s:30:"heading_typography_font_weight";i:4;s:30:"heading_typography_line_height";i:4;s:33:"heading_typography_letter_spacing";i:4;s:14:"button_padding";i:4;s:13:"button_radius";i:4;s:29:"button_shadow_box_shadow_type";i:3;s:15:"boxed_btn_color";i:2;}s:10:"icon_style";a:3:{s:10:"icon_color";i:2;s:15:"icon_line_color";i:2;s:8:"icon_gap";i:2;}}s:8:"advanced";a:1:{s:14:"_section_style";a:1:{s:14:"_margin_mobile";i:2;}}}}s:6:"column";a:3:{s:5:"count";i:20;s:15:"control_percent";i:0;s:8:"controls";a:2:{s:6:"layout";a:1:{s:6:"layout";a:5:{s:12:"_inline_size";i:20;s:19:"_inline_size_tablet";i:8;s:5:"align";i:1;s:12:"align_tablet";i:1;s:23:"content_position_tablet";i:1;}}s:8:"advanced";a:1:{s:16:"section_advanced";a:3:{s:6:"margin";i:5;s:13:"margin_tablet";i:4;s:13:"margin_mobile";i:1;}}}}s:5:"image";a:3:{s:5:"count";i:17;s:15:"control_percent";i:4;s:8:"controls";a:2:{s:7:"content";a:1:{s:13:"section_image";a:3:{s:5:"image";i:17;s:10:"image_size";i:11;s:5:"align";i:3;}}s:8:"advanced";a:4:{s:14:"_section_style";a:4:{s:7:"_margin";i:4;s:8:"_z_index";i:9;s:14:"_margin_mobile";i:2;s:14:"_margin_tablet";i:2;}s:16:"_section_masking";a:1:{s:11:"_mask_shape";i:1;}s:17:"_section_position";a:18:{s:9:"_position";i:14;s:9:"_offset_x";i:13;s:9:"_offset_y";i:13;s:16:"_offset_x_tablet";i:6;s:16:"_offset_y_tablet";i:7;s:16:"_offset_x_mobile";i:8;s:16:"_offset_y_mobile";i:9;s:14:"_element_width";i:14;s:13:"_offset_x_end";i:5;s:21:"_element_width_mobile";i:2;s:28:"_element_custom_width_mobile";i:2;s:21:"_offset_orientation_h";i:3;s:20:"_offset_x_end_tablet";i:2;s:21:"_offset_orientation_v";i:2;s:13:"_offset_y_end";i:2;s:20:"_offset_y_end_tablet";i:1;s:20:"_offset_y_end_mobile";i:2;s:20:"_offset_x_end_mobile";i:2;}s:15:"section_effects";a:2:{s:10:"_animation";i:13;s:16:"_animation_delay";i:9;}}}}s:7:"section";a:3:{s:5:"count";i:13;s:15:"control_percent";i:1;s:8:"controls";a:3:{s:6:"layout";a:2:{s:17:"section_structure";a:1:{s:9:"structure";i:5;}s:14:"section_layout";a:5:{s:13:"content_width";i:7;s:16:"content_position";i:6;s:6:"layout";i:5;s:8:"overflow";i:2;s:3:"gap";i:2;}}s:8:"advanced";a:3:{s:19:"_section_responsive";a:2:{s:20:"reverse_order_mobile";i:2;s:20:"reverse_order_tablet";i:1;}s:16:"section_advanced";a:6:{s:6:"margin";i:5;s:13:"margin_tablet";i:1;s:14:"padding_tablet";i:8;s:14:"padding_mobile";i:8;s:7:"padding";i:8;s:13:"margin_mobile";i:1;}s:15:"section_effects";a:1:{s:9:"animation";i:3;}}s:5:"style";a:1:{s:18:"section_background";a:4:{s:21:"background_background";i:3;s:16:"background_color";i:3;s:18:"background_color_b";i:1;s:25:"background_gradient_angle";i:1;}}}}s:20:"shadepro-feature-box";a:3:{s:5:"count";i:4;s:15:"control_percent";i:7;s:8:"controls";a:2:{s:7:"content";a:1:{s:15:"content_section";a:5:{s:9:"icon_type";i:4;s:10:"box_number";i:4;s:5:"title";i:4;s:11:"description";i:4;s:13:"content_align";i:4;}}s:5:"style";a:3:{s:10:"icon_style";a:8:{s:15:"enable_icon_box";i:4;s:10:"icon_color";i:4;s:25:"icon_text_typo_typography";i:4;s:26:"icon_text_typo_font_family";i:4;s:24:"icon_text_typo_font_size";i:4;s:26:"icon_text_typo_font_weight";i:4;s:26:"icon_text_typo_line_height";i:4;s:18:"space_between_icon";i:4;}s:13:"content_style";a:11:{s:9:"title_gap";i:4;s:29:"heading_typography_typography";i:4;s:30:"heading_typography_font_family";i:4;s:28:"heading_typography_font_size";i:4;s:30:"heading_typography_font_weight";i:4;s:30:"heading_typography_line_height";i:4;s:33:"description_typography_typography";i:4;s:34:"description_typography_font_family";i:4;s:32:"description_typography_font_size";i:4;s:34:"description_typography_line_height";i:4;s:18:"desscription_color";i:3;}s:9:"box_style";a:4:{s:14:"box_background";i:4;s:17:"box_border_radius";i:4;s:11:"box_padding";i:4;s:26:"box_shadow_box_shadow_type";i:4;}}}}s:24:"shadepro-inline-icon-box";a:3:{s:5:"count";i:2;s:15:"control_percent";i:8;s:8:"controls";a:3:{s:7:"content";a:1:{s:15:"content_section";a:3:{s:4:"icon";i:2;s:5:"title";i:2;s:11:"description";i:2;}}s:5:"style";a:2:{s:10:"icon_style";a:7:{s:9:"icon_size";i:2;s:13:"icon_box_size";i:2;s:18:"space_between_icon";i:2;s:27:"icon_shadow_box_shadow_type";i:2;s:20:"icon_box_size_tablet";i:2;s:20:"icon_box_size_mobile";i:2;s:25:"space_between_icon_mobile";i:2;}s:13:"content_style";a:12:{s:9:"title_gap";i:2;s:29:"heading_typography_typography";i:2;s:30:"heading_typography_font_family";i:2;s:28:"heading_typography_font_size";i:2;s:33:"heading_typography_letter_spacing";i:2;s:11:"title_color";i:2;s:33:"description_typography_typography";i:2;s:34:"description_typography_font_family";i:2;s:32:"description_typography_font_size";i:2;s:34:"description_typography_line_height";i:2;s:37:"description_typography_letter_spacing";i:2;s:17:"description_color";i:2;}}s:8:"advanced";a:1:{s:14:"_section_style";a:2:{s:7:"_margin";i:2;s:14:"_margin_mobile";i:2;}}}}s:11:"star-rating";a:3:{s:5:"count";i:1;s:15:"control_percent";i:5;s:8:"controls";a:2:{s:7:"content";a:1:{s:14:"section_rating";a:2:{s:6:"rating";i:1;s:5:"title";i:1;}}s:5:"style";a:2:{s:19:"section_title_style";a:6:{s:11:"title_color";i:1;s:27:"title_typography_typography";i:1;s:28:"title_typography_font_family";i:1;s:26:"title_typography_font_size";i:1;s:28:"title_typography_font_weight";i:1;s:28:"title_typography_line_height";i:1;}s:19:"section_stars_style";a:4:{s:9:"icon_size";i:1;s:10:"icon_space";i:1;s:11:"stars_color";i:1;s:20:"stars_unmarked_color";i:1;}}}}s:20:"shadepro-testimonial";a:3:{s:5:"count";i:3;s:15:"control_percent";i:11;s:8:"controls";a:3:{s:7:"content";a:1:{s:15:"content_section";a:6:{s:14:"image_position";i:3;s:4:"name";i:3;s:5:"title";i:3;s:11:"description";i:3;s:5:"image";i:3;s:21:"testimonial_alignment";i:3;}}s:5:"style";a:5:{s:9:"box_style";a:10:{s:14:"box_background";i:3;s:14:"box_min_height";i:3;s:17:"box_border_radius";i:3;s:11:"box_padding";i:3;s:13:"border_border";i:3;s:12:"border_width";i:3;s:12:"border_color";i:3;s:26:"box_shadow_box_shadow_type";i:1;s:21:"box_shadow_box_shadow";i:3;s:12:"box_optacity";i:2;}s:11:"image_style";a:3:{s:11:"image_sizes";i:3;s:12:"image_margin";i:3;s:19:"image_margin_mobile";i:3;}s:10:"name_style";a:7:{s:10:"name_color";i:3;s:26:"name_typography_typography";i:3;s:27:"name_typography_font_family";i:3;s:25:"name_typography_font_size";i:3;s:27:"name_typography_font_weight";i:3;s:27:"name_typography_line_height";i:3;s:30:"name_typography_letter_spacing";i:3;}s:11:"title_style";a:5:{s:27:"title_typography_typography";i:3;s:28:"title_typography_font_family";i:3;s:28:"title_typography_font_weight";i:3;s:28:"title_typography_line_height";i:3;s:31:"title_typography_letter_spacing";i:3;}s:13:"content_style";a:7:{s:8:"desc_gap";i:3;s:18:"desscription_color";i:3;s:33:"description_typography_typography";i:3;s:34:"description_typography_font_family";i:3;s:32:"description_typography_font_size";i:3;s:34:"description_typography_font_weight";i:3;s:34:"description_typography_line_height";i:3;}}s:8:"advanced";a:1:{s:14:"_section_style";a:3:{s:8:"_z_index";i:1;s:7:"_margin";i:2;s:14:"_margin_tablet";i:2;}}}}s:6:"spacer";a:3:{s:5:"count";i:2;s:15:"control_percent";i:0;s:8:"controls";a:1:{s:7:"content";a:1:{s:14:"section_spacer";a:1:{s:5:"space";i:2;}}}}}]]></wp:meta_value>
										</wp:postmeta>
																				<wp:postmeta>
											<wp:meta_key>_elementor_css</wp:meta_key>
											<wp:meta_value><![CDATA[a:6:{s:4:"time";i:1622476054;s:5:"fonts";a:2:{i:0;s:7:"Manrope";i:35;s:12:"Circular Std";}s:5:"icons";a:2:{i:0;s:0:"";i:1;s:3:"svg";}s:20:"dynamic_elements_ids";a:0:{}s:6:"status";s:4:"file";i:0;s:0:"";}]]></wp:meta_value>
										</wp:postmeta>
																						</item>
							</channel>
</rss>
			