<?xml version="1.0" encoding="UTF-8" ?>
<!-- This is a WordPress eXtended RSS file generated by WordPress as an export of your site. -->
<!-- It contains information about your site's posts, pages, comments, categories, and other content. -->
<!-- You may use this file to transfer that content from one site to another. -->
<!-- This file is not intended to serve as a complete backup of your site. -->

<!-- To import this information into a WordPress site follow these steps: -->
<!-- 1. Log in to that site as an administrator. -->
<!-- 2. Go to Tools: Import in the WordPress admin panel. -->
<!-- 3. Install the "WordPress" importer from the list. -->
<!-- 4. Activate & Run Importer. -->
<!-- 5. Upload this file using the form provided on that page. -->
<!-- 6. You will first be asked to map the authors in this export file to users -->
<!--    on the site. For each author, you may choose to map to an -->
<!--    existing user on the site or to create a new user. -->
<!-- 7. WordPress will then import each of the posts, pages, comments, categories, etc. -->
<!--    contained in this file into your site. -->

<!-- generator="WordPress/5.6.1" created="2021-02-04 15:37" -->
<rss version="2.0"
	xmlns:excerpt="http://wordpress.org/export/1.1/excerpt/"
	xmlns:content="http://purl.org/rss/1.0/modules/content/"
	xmlns:wfw="http://wellformedweb.org/CommentAPI/"
	xmlns:dc="http://purl.org/dc/elements/1.1/"
	xmlns:wp="http://wordpress.org/export/1.1/"
>
<channel>
	<title>shadepro</title>
	<link>https://finestdevs.com/demos/wp/shadepro</link>
	<description>A Premium WordPress Theme</description>
	<pubDate>Thu, 04 Feb 2021 15:37:57 +0000</pubDate>
	<language></language>
	<wp:wxr_version>1.1</wp:wxr_version>
	<wp:base_site_url>https://finestdevs.com/demos/wp/shadepro</wp:base_site_url>
	<wp:base_blog_url>https://finestdevs.com/demos/wp/shadepro</wp:base_blog_url>

			
			<generator>https://wordpress.org/?v=5.6.1</generator>

<image>
	<url>https://finestdevs.com/demos/wp/shadepro/wp-content/uploads/2020/09/favicon.png</url>
	<title>shadepro</title>
	<link>https://finestdevs.com/demos/wp/shadepro</link>
	<width>32</width>
	<height>32</height>
</image> 

									<item>
							<title>IOS App</title>
							<link>https://finestdevs.com/demos/wp/shadepro/app/</link>
							<pubDate>Wed, 02 Dec 2020 05:08:51 +0000</pubDate>
							<dc:creator>shadepro-admin</dc:creator>
							<guid isPermaLink="false">https://finestdevs.com/demos/wp/shadepro/?page_id=6191</guid>
							<description></description>
							<content:encoded><![CDATA[<a href="https://finestdevs.com/demos/wp/shadepro">
                <img src="https://finestdevs.com/demos/wp/shadepro/wp-content/uploads/2020/11/logo.svg" alt="shadepro">            </a>
            <button type="button" data-toggle="navbarToggler" aria-label="Toggle navigation">
            </button>
            <!-- end of Nav toggler -->
                <button type="button" data-toggle="navbarToggler" aria-label="Toggle navigation">
                </button>
                <nav id="site-navigation">
                    <ul id="navbar-nav"><li id="menu-item-5003"><a>Demos</a>
<ul>
	<li id="menu-item-12772"><a href="#">New Landings</a>
	<ul>
		<li id="menu-item-5802"><a href="https://finestdevs.com/demos/wp/shadepro/">Digital Marketing new</a></li>
		<li id="menu-item-8653"><a href="https://finestdevs.com/demos/wp/shadepro/education/">Online Education new</a></li>
		<li id="menu-item-8933"><a href="https://finestdevs.com/demos/wp/shadepro/event/">Tech Event new</a></li>
		<li id="menu-item-8167"><a href="https://finestdevs.com/demos/wp/shadepro/ebook/">eBook Landing new</a></li>
		<li id="menu-item-7532"><a href="https://finestdevs.com/demos/wp/shadepro/mobile-app-3/">Mobile App 3.0 new</a></li>
		<li id="menu-item-8166"><a href="https://finestdevs.com/demos/wp/shadepro/team-management/">Team Management new</a></li>
	</ul>
</li>
	<li id="menu-item-13028"><a href="#">SaaS Landings</a>
	<ul>
		<li id="menu-item-7533"><a href="https://finestdevs.com/demos/wp/shadepro/social-app/">Social App</a></li>
		<li id="menu-item-6194"><a href="https://finestdevs.com/demos/wp/shadepro/chat-service/">Chat Service</a></li>
		<li id="menu-item-6195"><a href="https://finestdevs.com/demos/wp/shadepro/digital-service/">Digital Service</a></li>
		<li id="menu-item-6713"><a href="https://finestdevs.com/demos/wp/shadepro/sass-service/">SasS Service</a></li>
		<li id="menu-item-5009"><a href="https://finestdevs.com/demos/wp/shadepro/job-site/">Job Directory</a></li>
		<li id="menu-item-5001"><a href="https://finestdevs.com/demos/wp/shadepro/sass-subscription/">Sass Subscription</a></li>
	</ul>
</li>
	<li id="menu-item-12773"><a href="#">Apps &#038; Software</a>
	<ul>
		<li id="menu-item-7702"><a href="https://finestdevs.com/demos/wp/shadepro/software/">Software</a></li>
		<li id="menu-item-6349"><a href="https://finestdevs.com/demos/wp/shadepro/app/">IOS App</a></li>
		<li id="menu-item-5005"><a href="https://finestdevs.com/demos/wp/shadepro/web-application/">Web Application</a></li>
		<li id="menu-item-8165"><a href="https://finestdevs.com/demos/wp/shadepro/desktop-software/">Desktop Software</a></li>
		<li id="menu-item-5008"><a href="https://finestdevs.com/demos/wp/shadepro/mobile-app/">Mobile App</a></li>
		<li id="menu-item-5012"><a href="https://finestdevs.com/demos/wp/shadepro/product-landing/">Product Landing</a></li>
	</ul>
</li>
	<li id="menu-item-13035"><a href="#">General Services</a>
	<ul>
		<li id="menu-item-5002"><a href="https://finestdevs.com/demos/wp/shadepro/video-conference/">Video Conference</a></li>
		<li id="menu-item-5262"><a href="https://finestdevs.com/demos/wp/shadepro/agency">Agency</a></li>
		<li id="menu-item-5011"><a href="https://finestdevs.com/demos/wp/shadepro/telemedicine/">Telemedicine</a></li>
		<li id="menu-item-5004"><a href="https://finestdevs.com/demos/wp/shadepro/ecommerce/">ECommerce</a></li>
		<li id="menu-item-5010"><a href="https://finestdevs.com/demos/wp/shadepro/coworking/">Coworking</a></li>
		<li id="menu-item-5006"><a href="https://finestdevs.com/demos/wp/shadepro/consultation/">Consultation</a></li>
		<li id="menu-item-5007"><a href="https://finestdevs.com/demos/wp/shadepro/b2b/">B2B</a></li>
	</ul>
</li>
</ul>
</li>
<li id="menu-item-4997"><a href="https://finestdevs.com/demos/wp/shadepro/about-us/">About Us</a></li>
<li id="menu-item-12726"><a href="https://finestdevs.com/demos/wp/shadepro/portfolio/">Portfolio</a>
<ul>
	<li id="menu-item-12730"><a href="#">Gallery Style</a>
	<ul>
		<li id="menu-item-12755"><a href="https://finestdevs.com/demos/wp/shadepro/portfolio-grid-2-in-container/">Two Column Grid</a></li>
		<li id="menu-item-12735"><a href="https://finestdevs.com/demos/wp/shadepro/portfolio-3-grid-container/">Three Column Grid</a></li>
		<li id="menu-item-12743"><a href="https://finestdevs.com/demos/wp/shadepro/portfolio-4-grid-container/">Four Column Grid</a></li>
		<li id="menu-item-12753"><a href="https://finestdevs.com/demos/wp/shadepro/portfolio-grid-2-full/">Two Column Wide</a></li>
		<li id="menu-item-12737"><a href="https://finestdevs.com/demos/wp/shadepro/portfolio-3-grid-full/">Three Column Wide</a></li>
		<li id="menu-item-12745"><a href="https://finestdevs.com/demos/wp/shadepro/portfolio-4-grid-full/">Four Column Wide</a></li>
	</ul>
</li>
	<li id="menu-item-12758"><a href="#">Classic Grid Style</a>
	<ul>
		<li id="menu-item-12756"><a href="https://finestdevs.com/demos/wp/shadepro/portfolio-grid-2-in-container-cno-gap/">Two Column Grid</a></li>
		<li id="menu-item-12736"><a href="https://finestdevs.com/demos/wp/shadepro/portfolio-3-grid-container-no-gap/">Three Column Grid</a></li>
		<li id="menu-item-12744"><a href="https://finestdevs.com/demos/wp/shadepro/portfolio-4-grid-container-no-gap/">Four Column Grid</a></li>
		<li id="menu-item-12754"><a href="https://finestdevs.com/demos/wp/shadepro/portfolio-grid-2-full-no-gap/">Two Column Wide</a></li>
		<li id="menu-item-12738"><a href="https://finestdevs.com/demos/wp/shadepro/portfolio-3-grid-full-no-gap/">Three Column Wide</a></li>
		<li id="menu-item-12746"><a href="https://finestdevs.com/demos/wp/shadepro/portfolio-4-grid-full-no-gap/">Four Column Wide</a></li>
	</ul>
</li>
	<li id="menu-item-12759"><a href="#">Masonry Style</a>
	<ul>
		<li id="menu-item-12741"><a href="https://finestdevs.com/demos/wp/shadepro/portfolio-3-masonry-in-container/">Three Column in Grid</a></li>
		<li id="menu-item-12749"><a href="https://finestdevs.com/demos/wp/shadepro/portfolio-4-masonry-in-container/">Four Column in Grid</a></li>
		<li id="menu-item-12739"><a href="https://finestdevs.com/demos/wp/shadepro/portfolio-3-masonry-full/">Three Column Wide</a></li>
		<li id="menu-item-12747"><a href="https://finestdevs.com/demos/wp/shadepro/portfolio-4-masonry-full/">Four Column Wide</a></li>
		<li id="menu-item-12742"><a href="https://finestdevs.com/demos/wp/shadepro/portfolio-3-masonry-in-container-no-gap/">Three Column Classic</a></li>
		<li id="menu-item-12750"><a href="https://finestdevs.com/demos/wp/shadepro/portfolio-4-masonry-in-container-no-gap/">Four Column Classic</a></li>
	</ul>
</li>
	<li id="menu-item-12760"><a href="#">Single Project</a>
	<ul>
		<li id="menu-item-12761"><a href="https://finestdevs.com/demos/wp/shadepro/portfolio/agricultural-processing/">Project Style 01</a></li>
		<li id="menu-item-12762"><a href="https://finestdevs.com/demos/wp/shadepro/portfolio/decode-branding/">Project Style 02</a></li>
		<li id="menu-item-12763"><a href="https://finestdevs.com/demos/wp/shadepro/portfolio/griffe-velta/">Project Style 03</a></li>
		<li id="menu-item-12764"><a href="https://finestdevs.com/demos/wp/shadepro/portfolio/exones-website/">Project Style 04</a></li>
	</ul>
</li>
</ul>
</li>
<li id="menu-item-4998"><a href="https://finestdevs.com/demos/wp/shadepro/blog">Pages</a>
<ul>
	<li id="menu-item-5032"><a href="#">About Us</a>
	<ul>
		<li id="menu-item-5033"><a href="https://finestdevs.com/demos/wp/shadepro/about-us/">About Us</a></li>
		<li id="menu-item-5034"><a href="https://finestdevs.com/demos/wp/shadepro/team/jason-reed/">Team Details</a></li>
	</ul>
</li>
	<li id="menu-item-5021"><a href="#">Career</a>
	<ul>
		<li id="menu-item-5020"><a href="https://finestdevs.com/demos/wp/shadepro/job-opening/">Job Opening</a></li>
		<li id="menu-item-5022"><a href="https://finestdevs.com/demos/wp/shadepro/jobs/senior-software-engineer/">Job Details</a></li>
	</ul>
</li>
	<li id="menu-item-5000"><a href="https://finestdevs.com/demos/wp/shadepro/blog/">Blog</a>
	<ul>
		<li id="menu-item-5369"><a href="https://finestdevs.com/demos/wp/shadepro/blog-style-1/">Blog Style 1</a></li>
		<li id="menu-item-5351"><a href="https://finestdevs.com/demos/wp/shadepro/blog-style-2/">Blog Style 2</a></li>
		<li id="menu-item-5386"><a href="https://finestdevs.com/demos/wp/shadepro/blog-style-3/">Blog Style 3</a></li>
		<li id="menu-item-5350"><a href="https://finestdevs.com/demos/wp/shadepro/blog-style-4/">Blog Style 4</a></li>
		<li id="menu-item-5031"><a href="https://finestdevs.com/demos/wp/shadepro/design-studios-that-everyone-should-know-about/">Blog Details</a></li>
	</ul>
</li>
	<li id="menu-item-5023"><a href="#">eCommerce</a>
	<ul>
		<li id="menu-item-5024"><a href="https://finestdevs.com/demos/wp/shadepro/shop/">Shop</a></li>
		<li id="menu-item-5025"><a href="https://finestdevs.com/demos/wp/shadepro/cart/">Cart</a></li>
		<li id="menu-item-5026"><a href="https://finestdevs.com/demos/wp/shadepro/checkout/">Checkout</a></li>
	</ul>
</li>
	<li id="menu-item-5013"><a href="#">Pricing</a>
	<ul>
		<li id="menu-item-5015"><a href="https://finestdevs.com/demos/wp/shadepro/pricing-01/">Pricing 01</a></li>
		<li id="menu-item-5014"><a href="https://finestdevs.com/demos/wp/shadepro/pricing-02/">Pricing 02</a></li>
		<li id="menu-item-4999"><a href="https://finestdevs.com/demos/wp/shadepro/pricing-03/">Pricing 03</a></li>
	</ul>
</li>
	<li id="menu-item-5016"><a href="#">Contact</a>
	<ul>
		<li id="menu-item-5017"><a href="https://finestdevs.com/demos/wp/shadepro/contact/">Contact 01</a></li>
		<li id="menu-item-5018"><a href="https://finestdevs.com/demos/wp/shadepro/contact-02/">Contact 02</a></li>
		<li id="menu-item-5019"><a href="https://finestdevs.com/demos/wp/shadepro/contact-03/">Contact 03</a></li>
	</ul>
</li>
	<li id="menu-item-5029"><a href="#">Account</a>
	<ul>
		<li id="menu-item-5028"><a href="https://finestdevs.com/demos/wp/shadepro/sign-up/">Sign up</a></li>
		<li id="menu-item-5027"><a href="https://finestdevs.com/demos/wp/shadepro/login/">Sign In</a></li>
	</ul>
</li>
	<li id="menu-item-5355"><a href="#">Utility</a>
	<ul>
		<li id="menu-item-5352"><a href="https://finestdevs.com/demos/wp/shadepro/terms-conditions/">Terms &#038; Conditions</a></li>
		<li id="menu-item-5353"><a href="https://finestdevs.com/demos/wp/shadepro/return-policy/">Return Policy</a></li>
		<li id="menu-item-5356"><a href="https://finestdevs.com/demos/wp/shadepro/privacy-policy/">Privacy Policy</a></li>
	</ul>
</li>
</ul>
</li>
<li id="menu-item-5648"><a href="#">Elements</a>
<ul>
	<li id="menu-item-5647"><a href="https://finestdevs.com/demos/wp/shadepro/sections/headers/">Headers</a>
	<ul>
		<li id="menu-item-5646"><a href="https://finestdevs.com/demos/wp/shadepro/sections/hero-areas/">Hero Areas</a></li>
		<li id="menu-item-5643"><a href="https://finestdevs.com/demos/wp/shadepro/sections/features/">Features</a></li>
		<li id="menu-item-5644"><a href="https://finestdevs.com/demos/wp/shadepro/sections/contents/">Contents</a></li>
	</ul>
</li>
	<li id="menu-item-5642"><a href="https://finestdevs.com/demos/wp/shadepro/sections/pricings/">Pricings</a>
	<ul>
		<li id="menu-item-5640"><a href="https://finestdevs.com/demos/wp/shadepro/sections/cta/">CTA</a></li>
		<li id="menu-item-5641"><a href="https://finestdevs.com/demos/wp/shadepro/sections/stats/">Stats</a></li>
		<li id="menu-item-8404"><a href="https://finestdevs.com/demos/wp/shadepro/sections/alerts/">Alerts</a></li>
	</ul>
</li>
	<li id="menu-item-8405"><a href="https://finestdevs.com/demos/wp/shadepro/sections/videos/">Videos</a>
	<ul>
		<li id="menu-item-8406"><a href="https://finestdevs.com/demos/wp/shadepro/sections/newsletter/">Newsletter</a></li>
		<li id="menu-item-8407"><a href="https://finestdevs.com/demos/wp/shadepro/sections/teams/">Teams</a></li>
		<li id="menu-item-8408"><a href="https://finestdevs.com/demos/wp/shadepro/sections/faq/">FAQ</a></li>
	</ul>
</li>
	<li id="menu-item-8409"><a href="https://finestdevs.com/demos/wp/shadepro/sections/blogs/">Blogs</a>
	<ul>
		<li id="menu-item-8410"><a href="https://finestdevs.com/demos/wp/shadepro/sections/clients/">Clients</a></li>
		<li id="menu-item-8411"><a href="https://finestdevs.com/demos/wp/shadepro/sections/testimonials/">Testimonials</a></li>
		<li id="menu-item-5645"><a href="https://finestdevs.com/demos/wp/shadepro/sections/footers/">Footers</a></li>
	</ul>
</li>
</ul>
</li>
<li id="menu-item-4996"><a href="https://finestdevs.com/demos/wp/shadepro/contact/">Contact</a></li>
</ul>                </nav><!-- #site-navigation -->
                            <a href=""  >
                    Download for Free
                                                        </a>
										<img src="https://finestdevs.com/demos/wp/shadepro/wp-content/uploads/2020/12/iphone-img.svg" alt="" loading="lazy" />											
			<h2>Get millions of downloads!</h2>		
		<p>Create a landing page for your app with Shades to get better results.</p>		
											<a href="https://www.apple.com/app-store/" target="_blank" rel="noopener">
							<img width="184" height="58" src="https://finestdevs.com/demos/wp/shadepro/wp-content/uploads/2020/09/l6-download-appstore.png" alt="" loading="lazy" />								</a>
											<a href="https://play.google.com/store/apps/" target="_blank" rel="noopener">
							<img width="184" height="58" src="https://finestdevs.com/demos/wp/shadepro/wp-content/uploads/2020/09/l6-download-gplay.png" alt="" loading="lazy" />								</a>
			<h2>Showcase your app features</h2>		
		<p>Create custom landing pages with Shades that convert more visitors than any website, no coding required.</p>		
										<img width="507" height="745" src="https://finestdevs.com/demos/wp/shadepro/wp-content/uploads/2020/12/shade-landing-3-4-1.png" alt="" loading="lazy" srcset="https://finestdevs.com/demos/wp/shadepro/wp-content/uploads/2020/12/shade-landing-3-4-1.png 507w, https://finestdevs.com/demos/wp/shadepro/wp-content/uploads/2020/12/shade-landing-3-4-1-204x300.png 204w, https://finestdevs.com/demos/wp/shadepro/wp-content/uploads/2020/12/shade-landing-3-4-1-492x723.png 492w" sizes="(max-width: 507px) 100vw, 507px" />											
										<img width="590" height="774" src="https://finestdevs.com/demos/wp/shadepro/wp-content/uploads/2020/12/shade-landing-3-5.png" alt="" loading="lazy" srcset="https://finestdevs.com/demos/wp/shadepro/wp-content/uploads/2020/12/shade-landing-3-5.png 590w, https://finestdevs.com/demos/wp/shadepro/wp-content/uploads/2020/12/shade-landing-3-5-229x300.png 229w, https://finestdevs.com/demos/wp/shadepro/wp-content/uploads/2020/12/shade-landing-3-5-492x645.png 492w" sizes="(max-width: 590px) 100vw, 590px" />											
			<h2>Promote to get more downloads</h2>		
		<p>Create custom landing pages with Shades that convert more visitors than any website, no coding required.</p>		
			<h2>Trendy designs for app landing</h2>		
		<p>Create custom landing pages with Shades that convert more visitors than any website, no coding required.</p>		
										<img width="450" height="731" src="https://finestdevs.com/demos/wp/shadepro/wp-content/uploads/2020/12/iPhone.png" alt="" loading="lazy" srcset="https://finestdevs.com/demos/wp/shadepro/wp-content/uploads/2020/12/iPhone.png 450w, https://finestdevs.com/demos/wp/shadepro/wp-content/uploads/2020/12/iPhone-185x300.png 185w" sizes="(max-width: 450px) 100vw, 450px" />											
			<h2>Customers are loving Shades</h2>		
							“You made it so simple. My new site is so much faster and easier to work with than my old site. I just choose the page, make the change and click save.
							<img width="43" height="43" src="https://finestdevs.com/demos/wp/shadepro/wp-content/uploads/2020/12/shade-land-5-test-1.png" alt="" loading="lazy" />						
														Cameron Anderson
																						Designer
							“Finally, I’ve found a template that covers all bases for a bootstrapped startup. We were able to launch in days, not months.”
							<img width="43" height="43" src="https://finestdevs.com/demos/wp/shadepro/wp-content/uploads/2020/12/shade-land-5-test-3.png" alt="" loading="lazy" />						
														Catherine Simmons
																						Marketer
							“Simply the best. Better than all the rest. I’d recommend this product to beginners and advanced users.”
							<img width="43" height="43" src="https://finestdevs.com/demos/wp/shadepro/wp-content/uploads/2020/12/shade-land-5-test-2.png" alt="" loading="lazy" />						
														Leo Morton
																						Marketer
							With Shades, it’s quicker with the customer, the customer is more ensured of getting exactly what they ordered, and I’m all for the efficiency.
							<img width="43" height="43" src="https://finestdevs.com/demos/wp/shadepro/wp-content/uploads/2020/12/shade-land-5-test-4.png" alt="" loading="lazy" />						
														Harvey Ingram
																						UX Designer
							“This is a top quality product. No need to think twice before purchasing, you simply could not go wrong”
							<img width="43" height="43" src="https://finestdevs.com/demos/wp/shadepro/wp-content/uploads/2020/12/shade-landing-3-7.png" alt="" loading="lazy" />						
														Evelyn Moreno
																						WordPress Developer
							My new site is so much faster and easier to work with than my old site. I just choose the page, make the change and click save. Thanks, guys!
							<img width="43" height="43" src="https://finestdevs.com/demos/wp/shadepro/wp-content/uploads/2020/12/shade-landing-3-6.png" alt="" loading="lazy" />						
														Charlie Beck
																						Startup Founder
			<h2>Time to take action</h2>		
			<h2>Join over 30,000+ happy users & launch your product fast.</h2>		
											<a href="https://www.apple.com/app-store/" target="_blank" rel="noopener">
							<img width="184" height="58" src="https://finestdevs.com/demos/wp/shadepro/wp-content/uploads/2020/09/l6-download-appstore.png" alt="" loading="lazy" />								</a>
											<a href="https://play.google.com/store/apps/" target="_blank" rel="noopener">
							<img width="184" height="58" src="https://finestdevs.com/demos/wp/shadepro/wp-content/uploads/2020/09/l6-download-gplay.png" alt="" loading="lazy" />								</a>
            <a href="https://finestdevs.com/demos/wp/shadepro">
                <img src="https://finestdevs.com/demos/wp/shadepro/wp-content/uploads/2020/11/logo.svg" alt="shadepro">            </a>
					<ul>
							<li>
					<a href="https://finestdevs.com/demos/wp/shadepro/about-us/">					About
											</a>
									</li>
								<li>
					<a href="https://finestdevs.com/demos/wp/shadepro/terms-conditions/">					Terms & Conditions
											</a>
									</li>
								<li>
					<a href="https://finestdevs.com/demos/wp/shadepro/contact/">					Support
											</a>
									</li>
						</ul>
			<h2>© Grayic 2019 All right reserved. </h2>]]></content:encoded>
							<excerpt:encoded><![CDATA[]]></excerpt:encoded>
							<wp:post_id>6191</wp:post_id>
							<wp:post_date>2020-12-02 05:08:51</wp:post_date>
							<wp:post_date_gmt>2020-12-02 05:08:51</wp:post_date_gmt>
							<wp:comment_status>closed</wp:comment_status>
							<wp:ping_status>closed</wp:ping_status>
							<wp:post_name>app</wp:post_name>
							<wp:status>publish</wp:status>
							<wp:post_parent>0</wp:post_parent>
							<wp:menu_order>0</wp:menu_order>
							<wp:post_type>page</wp:post_type>
							<wp:post_password></wp:post_password>
							<wp:is_sticky>0</wp:is_sticky>
																															<wp:postmeta>
											<wp:meta_key>_wp_page_template</wp:meta_key>
											<wp:meta_value><![CDATA[elementor_header_footer]]></wp:meta_value>
										</wp:postmeta>
																				<wp:postmeta>
											<wp:meta_key>_edit_last</wp:meta_key>
											<wp:meta_value><![CDATA[1]]></wp:meta_value>
										</wp:postmeta>
																				<wp:postmeta>
											<wp:meta_key>body_background_color</wp:meta_key>
											<wp:meta_value><![CDATA[#fafafa]]></wp:meta_value>
										</wp:postmeta>
																				<wp:postmeta>
											<wp:meta_key>_body_background_color</wp:meta_key>
											<wp:meta_value><![CDATA[field_5c721ec24addf]]></wp:meta_value>
										</wp:postmeta>
																				<wp:postmeta>
											<wp:meta_key>hide_global_header</wp:meta_key>
											<wp:meta_value><![CDATA[1]]></wp:meta_value>
										</wp:postmeta>
																				<wp:postmeta>
											<wp:meta_key>_hide_global_header</wp:meta_key>
											<wp:meta_value><![CDATA[field_5f3288799a622]]></wp:meta_value>
										</wp:postmeta>
																				<wp:postmeta>
											<wp:meta_key>use_custom_logo</wp:meta_key>
											<wp:meta_value><![CDATA[0]]></wp:meta_value>
										</wp:postmeta>
																				<wp:postmeta>
											<wp:meta_key>_use_custom_logo</wp:meta_key>
											<wp:meta_value><![CDATA[field_5c718923b2115]]></wp:meta_value>
										</wp:postmeta>
																				<wp:postmeta>
											<wp:meta_key>buttons_background_color</wp:meta_key>
											<wp:meta_value><![CDATA[]]></wp:meta_value>
										</wp:postmeta>
																				<wp:postmeta>
											<wp:meta_key>_buttons_background_color</wp:meta_key>
											<wp:meta_value><![CDATA[field_5c721ec248a3d]]></wp:meta_value>
										</wp:postmeta>
																				<wp:postmeta>
											<wp:meta_key>buttons_text_color</wp:meta_key>
											<wp:meta_value><![CDATA[]]></wp:meta_value>
										</wp:postmeta>
																				<wp:postmeta>
											<wp:meta_key>_buttons_text_color</wp:meta_key>
											<wp:meta_value><![CDATA[field_5c721ed648a3e]]></wp:meta_value>
										</wp:postmeta>
																				<wp:postmeta>
											<wp:meta_key>buttons_border_color</wp:meta_key>
											<wp:meta_value><![CDATA[]]></wp:meta_value>
										</wp:postmeta>
																				<wp:postmeta>
											<wp:meta_key>_buttons_border_color</wp:meta_key>
											<wp:meta_value><![CDATA[field_5c723ccb7677b]]></wp:meta_value>
										</wp:postmeta>
																				<wp:postmeta>
											<wp:meta_key>buttons_hover_background_color</wp:meta_key>
											<wp:meta_value><![CDATA[]]></wp:meta_value>
										</wp:postmeta>
																				<wp:postmeta>
											<wp:meta_key>_buttons_hover_background_color</wp:meta_key>
											<wp:meta_value><![CDATA[field_5c72341d85272]]></wp:meta_value>
										</wp:postmeta>
																				<wp:postmeta>
											<wp:meta_key>buttons_hover_text_color</wp:meta_key>
											<wp:meta_value><![CDATA[]]></wp:meta_value>
										</wp:postmeta>
																				<wp:postmeta>
											<wp:meta_key>_buttons_hover_text_color</wp:meta_key>
											<wp:meta_value><![CDATA[field_5c7235491991b]]></wp:meta_value>
										</wp:postmeta>
																				<wp:postmeta>
											<wp:meta_key>buttons_hover_border_color</wp:meta_key>
											<wp:meta_value><![CDATA[]]></wp:meta_value>
										</wp:postmeta>
																				<wp:postmeta>
											<wp:meta_key>_buttons_hover_border_color</wp:meta_key>
											<wp:meta_value><![CDATA[field_5c7235571991c]]></wp:meta_value>
										</wp:postmeta>
																				<wp:postmeta>
											<wp:meta_key>btn2_buttons_background_color</wp:meta_key>
											<wp:meta_value><![CDATA[]]></wp:meta_value>
										</wp:postmeta>
																				<wp:postmeta>
											<wp:meta_key>_btn2_buttons_background_color</wp:meta_key>
											<wp:meta_value><![CDATA[field_5c721f1648a42]]></wp:meta_value>
										</wp:postmeta>
																				<wp:postmeta>
											<wp:meta_key>btn2_buttons_text_color</wp:meta_key>
											<wp:meta_value><![CDATA[]]></wp:meta_value>
										</wp:postmeta>
																				<wp:postmeta>
											<wp:meta_key>_btn2_buttons_text_color</wp:meta_key>
											<wp:meta_value><![CDATA[field_5c721f1f48a43]]></wp:meta_value>
										</wp:postmeta>
																				<wp:postmeta>
											<wp:meta_key>btn2_buttons_hover_background_color</wp:meta_key>
											<wp:meta_value><![CDATA[]]></wp:meta_value>
										</wp:postmeta>
																				<wp:postmeta>
											<wp:meta_key>_btn2_buttons_hover_background_color</wp:meta_key>
											<wp:meta_value><![CDATA[field_5c72341d8527244]]></wp:meta_value>
										</wp:postmeta>
																				<wp:postmeta>
											<wp:meta_key>btn2_buttons_hover_text_color</wp:meta_key>
											<wp:meta_value><![CDATA[]]></wp:meta_value>
										</wp:postmeta>
																				<wp:postmeta>
											<wp:meta_key>_btn2_buttons_hover_text_color</wp:meta_key>
											<wp:meta_value><![CDATA[field_5c7235491991b34]]></wp:meta_value>
										</wp:postmeta>
																				<wp:postmeta>
											<wp:meta_key>btn2_buttons_hover_border_color</wp:meta_key>
											<wp:meta_value><![CDATA[]]></wp:meta_value>
										</wp:postmeta>
																				<wp:postmeta>
											<wp:meta_key>_btn2_buttons_hover_border_color</wp:meta_key>
											<wp:meta_value><![CDATA[field_5c7235571991ccf]]></wp:meta_value>
										</wp:postmeta>
																				<wp:postmeta>
											<wp:meta_key>btn2_button_custom_css</wp:meta_key>
											<wp:meta_value><![CDATA[]]></wp:meta_value>
										</wp:postmeta>
																				<wp:postmeta>
											<wp:meta_key>_btn2_button_custom_css</wp:meta_key>
											<wp:meta_value><![CDATA[field_5c72342c85273]]></wp:meta_value>
										</wp:postmeta>
																				<wp:postmeta>
											<wp:meta_key>button_2_custom_css</wp:meta_key>
											<wp:meta_value><![CDATA[]]></wp:meta_value>
										</wp:postmeta>
																				<wp:postmeta>
											<wp:meta_key>_button_2_custom_css</wp:meta_key>
											<wp:meta_value><![CDATA[field_5f5e29a676d5e]]></wp:meta_value>
										</wp:postmeta>
																				<wp:postmeta>
											<wp:meta_key>hide_global_footer</wp:meta_key>
											<wp:meta_value><![CDATA[1]]></wp:meta_value>
										</wp:postmeta>
																				<wp:postmeta>
											<wp:meta_key>_hide_global_footer</wp:meta_key>
											<wp:meta_value><![CDATA[field_5b5ab66bdd531]]></wp:meta_value>
										</wp:postmeta>
																				<wp:postmeta>
											<wp:meta_key>_elementor_edit_mode</wp:meta_key>
											<wp:meta_value><![CDATA[builder]]></wp:meta_value>
										</wp:postmeta>
																				<wp:postmeta>
											<wp:meta_key>_elementor_template_type</wp:meta_key>
											<wp:meta_value><![CDATA[wp-page]]></wp:meta_value>
										</wp:postmeta>
																				<wp:postmeta>
											<wp:meta_key>_elementor_version</wp:meta_key>
											<wp:meta_value><![CDATA[3.1.1]]></wp:meta_value>
										</wp:postmeta>
																				<wp:postmeta>
											<wp:meta_key>_elementor_data</wp:meta_key>
											<wp:meta_value><![CDATA[[{"id":"97c41f1","elType":"section","settings":{"gap":"no","background_background":"classic","padding":{"unit":"px","top":"0","right":"0","bottom":"15","left":"0","isLinked":false},"stretch_section":"section-stretched","background_position":"bottom center","background_repeat":"repeat","background_size":"auto","background_bg_width":{"unit":"em","size":170,"sizes":[]},"background_color":"#78F65A","background_size_tablet":"auto","shape_divider_bottom":"waves","shape_divider_bottom_color":"#FAFAFA","shape_divider_bottom_width":{"unit":"%","size":320,"sizes":[]},"shape_divider_bottom_width_tablet":{"unit":"%","size":300,"sizes":[]},"shape_divider_bottom_height":{"unit":"px","size":204,"sizes":[]},"shape_divider_bottom_height_tablet":{"unit":"px","size":101,"sizes":[]},"shape_divider_bottom_flip":"yes"},"elements":[{"id":"f3ba24f","elType":"column","settings":{"_column_size":100,"_inline_size":null},"elements":[{"id":"aae87f9","elType":"section","settings":{"content_position":"middle","structure":"20","z_index":12},"elements":[{"id":"d5b20b1","elType":"column","settings":{"_column_size":50,"_inline_size":11.1400000000000005684341886080801486968994140625,"_inline_size_mobile":40,"_inline_size_tablet":20},"elements":[{"id":"971e47d","elType":"widget","settings":{"image_width":{"unit":"px","size":113,"sizes":[]}},"elements":[],"widgetType":"ama-logo"}],"isInner":true},{"id":"ac953bd","elType":"column","settings":{"_column_size":50,"_inline_size":88.8599999999999994315658113919198513031005859375,"align":"flex-end","_inline_size_mobile":60,"_inline_size_tablet":80},"elements":[{"id":"91fee31","elType":"widget","settings":{"button_label":"Learn More","primary_menu":"main-menu","menu_align":"end","use_primary_menu":"","menu_color":"#161C2D","menu_hover_color":"#161C2D","megamenu_panel_width":{"unit":"vw","size":"","sizes":[]},"megamenu_title_typography_font_size":{"unit":"px","size":12,"sizes":[]},"megamenu_width_type":"container","megamenu_title_typography_typography":"custom","megamenu_title_typography_text_transform":"uppercase","megamenu_title_typography_letter_spacing":{"unit":"px","size":3,"sizes":[]},"megamenu_title_color":"#7A7A7A","_z_index":3,"__globals__":{"megamenu_title_color":"","menu_color":"","menu_hover_color":""},"menu_typography_typography":"custom","menu_typography_font_family":"Inter","menu_typography_font_size":{"unit":"px","size":16,"sizes":[]},"menu_typography_font_weight":"500","_element_width":"auto","dripdown_typography_typography":"custom","dripdown_typography_font_family":"Inter","dripdown_typography_font_size":{"unit":"px","size":16,"sizes":[]},"dripdown_typography_font_weight":"500","megamenu_padding":{"unit":"px","top":"25","right":"10","bottom":"25","left":"10","isLinked":false}},"elements":[],"widgetType":"shadepro-main-menu"},{"id":"511dad2","elType":"widget","settings":{"button_label":"Download for Free","button_type":"boxed","boxed_btn_background":"#333333","button_align":"right","heading_typography_typography":"custom","heading_typography_font_family":"Inter","heading_typography_font_size":{"unit":"px","size":16,"sizes":[]},"heading_typography_font_weight":"400","heading_typography_line_height":{"unit":"em","size":1,"sizes":[]},"heading_typography_letter_spacing":{"unit":"px","size":0,"sizes":[]},"button_padding":{"unit":"px","top":"15","right":"20","bottom":"15","left":"20","isLinked":false},"_margin":{"unit":"px","top":"0","right":"0","bottom":"0","left":"25","isLinked":false},"_element_width":"auto","_margin_tablet":{"unit":"px","top":"0","right":"0","bottom":"0","left":"20","isLinked":false},"hide_mobile":"hidden-phone","button_radius":{"unit":"px","top":"3","right":"3","bottom":"3","left":"3","isLinked":true}},"elements":[],"widgetType":"shadepro-btn"}],"isInner":true}],"isInner":true},{"id":"cda7082","elType":"section","settings":{"structure":"20","padding":{"unit":"px","top":"30","right":"0","bottom":"0","left":"0","isLinked":false},"padding_mobile":{"unit":"px","top":"0","right":"0","bottom":"50","left":"0","isLinked":false}},"elements":[{"id":"d18ac3e","elType":"column","settings":{"_column_size":50,"_inline_size":62.1929999999999978399500832892954349517822265625,"content_position":"bottom","margin":{"unit":"px","top":"1","right":"1","bottom":"1","left":"1","isLinked":true},"_inline_size_tablet":50,"margin_tablet":{"unit":"px","top":"0","right":"0","bottom":"0","left":"0","isLinked":false}},"elements":[{"id":"6b8d167","elType":"widget","settings":{"image":{"url":"https:\/\/finestdevs.com\/demos\/wp\/shadepro\/wp-content\/uploads\/2020\/12\/iphone-img.svg","id":6310},"image_size":"full","_margin":{"unit":"px","top":"0","right":"0","bottom":"-178","left":"0","isLinked":false},"align":"left","_margin_tablet":{"unit":"px","top":"0","right":"0","bottom":"-94","left":"0","isLinked":false},"_margin_mobile":{"unit":"px","top":"0","right":"0","bottom":"-13","left":"0","isLinked":false},"_animation":"fadeInLeft"},"elements":[],"widgetType":"image"}],"isInner":true},{"id":"8596193","elType":"column","settings":{"_column_size":50,"_inline_size":37.76299999999999812416717759333550930023193359375,"margin":{"unit":"px","top":"80","right":"0","bottom":"0","left":"0","isLinked":false},"_inline_size_tablet":50,"margin_tablet":{"unit":"px","top":"30","right":"0","bottom":"0","left":"0","isLinked":false},"margin_mobile":{"unit":"px","top":"0","right":"0","bottom":"0","left":"0","isLinked":false},"animation":"fadeInRight"},"elements":[{"id":"bd4e4f5","elType":"widget","settings":{"title":"Get millions of downloads!","title_color":"#1F1F1F","typography_typography":"custom","typography_font_family":"Karla","typography_font_size":{"unit":"px","size":70,"sizes":[]},"typography_font_weight":"700","typography_line_height":{"unit":"em","size":1.028000000000000024868995751603506505489349365234375,"sizes":[]},"typography_letter_spacing":{"unit":"px","size":-5,"sizes":[]},"_margin":{"unit":"px","top":"0","right":"0","bottom":"24","left":"0","isLinked":false},"typography_font_size_tablet":{"unit":"px","size":60,"sizes":[]},"typography_font_size_mobile":{"unit":"px","size":54,"sizes":[]}},"elements":[],"widgetType":"heading"},{"id":"dec12de","elType":"widget","settings":{"editor":"<p>Create a landing page for your app with Shades to get better results.<\/p>","text_color":"#222F3F","typography_typography":"custom","typography_font_family":"Rubik","typography_font_size":{"unit":"px","size":21,"sizes":[]},"typography_font_weight":"400","typography_line_height":{"unit":"em","size":1.713999999999999968025576890795491635799407958984375,"sizes":[]},"typography_letter_spacing":{"unit":"px","size":-0.299999999999999988897769753748434595763683319091796875,"sizes":[]},"_margin":{"unit":"px","top":"0","right":"0","bottom":"40","left":"0","isLinked":false}},"elements":[],"widgetType":"text-editor"},{"id":"ccc9072","elType":"widget","settings":{"image":{"url":"https:\/\/finestdevs.com\/demos\/wp\/shadepro\/wp-content\/uploads\/2020\/09\/l6-download-appstore.png","id":3430},"image_size":"full","link_to":"custom","link":{"url":"https:\/\/www.apple.com\/app-store\/","is_external":"on","nofollow":"","custom_attributes":""},"hover_animation":"float","_margin":{"unit":"px","top":"0","right":"17","bottom":"0","left":"0","isLinked":false},"_element_width":"auto","_element_width_tablet":"initial","_element_custom_width_tablet":{"unit":"px","size":150,"sizes":[]}},"elements":[],"widgetType":"image"},{"id":"8b27941","elType":"widget","settings":{"image":{"url":"https:\/\/finestdevs.com\/demos\/wp\/shadepro\/wp-content\/uploads\/2020\/09\/l6-download-gplay.png","id":3429},"link_to":"custom","link":{"url":"https:\/\/play.google.com\/store\/apps\/","is_external":"on","nofollow":"","custom_attributes":""},"hover_animation":"float","_margin":{"unit":"px","top":"0","right":"17","bottom":"0","left":"0","isLinked":false},"_element_width":"auto","_element_width_tablet":"initial","_element_custom_width_tablet":{"unit":"px","size":150,"sizes":[]}},"elements":[],"widgetType":"image"}],"isInner":true}],"isInner":true}],"isInner":false}],"isInner":false},{"id":"60ea6ea","elType":"section","settings":{"content_position":"middle","padding":{"unit":"px","top":"150","right":"0","bottom":"0","left":"0","isLinked":false},"padding_tablet":{"unit":"px","top":"80","right":"0","bottom":"0","left":"0","isLinked":false},"padding_mobile":{"unit":"px","top":"30","right":"0","bottom":"0","left":"0","isLinked":false}},"elements":[{"id":"510bb41","elType":"column","settings":{"_column_size":100,"_inline_size":null},"elements":[{"id":"57657f0","elType":"section","settings":{"content_position":"middle","structure":"20","overflow":"hidden","border_border":"solid","border_width":{"unit":"px","top":"0","right":"0","bottom":"1","left":"0","isLinked":false},"border_color":"#E5E5E5","margin_mobile":{"unit":"px","top":"","right":0,"bottom":"","left":0,"isLinked":true},"padding_tablet":{"unit":"px","top":"0","right":"0","bottom":"0","left":"0","isLinked":false},"padding_mobile":{"unit":"px","top":"0","right":"0","bottom":"15","left":"0","isLinked":false},"reverse_order_mobile":"reverse-mobile"},"elements":[{"id":"b239c7b","elType":"column","settings":{"_column_size":50,"_inline_size":null,"margin":{"unit":"px","top":"0","right":"75","bottom":"0","left":"75","isLinked":false},"margin_tablet":{"unit":"px","top":"0","right":"0","bottom":"10","left":"0","isLinked":false}},"elements":[{"id":"3864ed1","elType":"widget","settings":{"title":"Showcase your app features","title_color":"#1F1F1F","typography_typography":"custom","typography_font_family":"Karla","typography_font_size":{"unit":"px","size":60,"sizes":[]},"typography_font_weight":"700","typography_line_height":{"unit":"em","size":1.0660000000000000586197757002082653343677520751953125,"sizes":[]},"typography_letter_spacing":{"unit":"px","size":-5,"sizes":[]},"_margin":{"unit":"px","top":"0","right":"0","bottom":"40","left":"0","isLinked":false},"typography_font_size_tablet":{"unit":"px","size":50,"sizes":[]}},"elements":[],"widgetType":"heading"},{"id":"f499436","elType":"widget","settings":{"editor":"<p>Create custom landing pages with Shades that convert more visitors than any website, no coding required.<\/p>","text_color":"#7A7A7A","typography_typography":"custom","typography_font_family":"Circular Std","typography_font_size":{"unit":"px","size":21,"sizes":[]},"typography_font_weight":"400","typography_line_height":{"unit":"em","size":1.713999999999999968025576890795491635799407958984375,"sizes":[]},"typography_letter_spacing":{"unit":"px","size":-0.299999999999999988897769753748434595763683319091796875,"sizes":[]}},"elements":[],"widgetType":"text-editor"}],"isInner":true},{"id":"3c1b326","elType":"column","settings":{"_column_size":50,"_inline_size":null},"elements":[{"id":"22cd5d7","elType":"widget","settings":{"image":{"url":"https:\/\/finestdevs.com\/demos\/wp\/shadepro\/wp-content\/uploads\/2020\/12\/shade-landing-3-4-1.png","id":6242},"image_size":"full","image_custom_dimension":{"width":"321","height":""},"_margin":{"unit":"%","top":"0","right":"0","bottom":"-50","left":"0","isLinked":false},"_margin_mobile":{"unit":"px","top":"0","right":"0","bottom":"-7","left":"0","isLinked":false},"_animation":"slideInRight"},"elements":[],"widgetType":"image"}],"isInner":true}],"isInner":true}],"isInner":false}],"isInner":false},{"id":"6a381f2","elType":"section","settings":{"content_position":"middle","padding":{"unit":"px","top":"55","right":"0","bottom":"0","left":"0","isLinked":false},"padding_tablet":{"unit":"px","top":"20","right":"0","bottom":"0","left":"0","isLinked":false}},"elements":[{"id":"ab05342","elType":"column","settings":{"_column_size":100,"_inline_size":null},"elements":[{"id":"5747a52","elType":"section","settings":{"content_position":"middle","structure":"20","overflow":"hidden","border_border":"solid","border_width":{"unit":"px","top":"0","right":"0","bottom":"1","left":"0","isLinked":false},"border_color":"#E5E5E5"},"elements":[{"id":"3e8ae69","elType":"column","settings":{"_column_size":50,"_inline_size":null},"elements":[{"id":"a1b2562","elType":"widget","settings":{"image":{"url":"https:\/\/finestdevs.com\/demos\/wp\/shadepro\/wp-content\/uploads\/2020\/12\/shade-landing-3-5.png","id":6278},"image_size":"full","image_custom_dimension":{"width":"321","height":""},"_margin":{"unit":"%","top":"0","right":"0","bottom":"-45","left":"0","isLinked":false},"_margin_mobile":{"unit":"px","top":"0","right":"0","bottom":"-16","left":"0","isLinked":false},"_animation":"slideInLeft"},"elements":[],"widgetType":"image"}],"isInner":true},{"id":"c499627","elType":"column","settings":{"_column_size":50,"_inline_size":null,"margin":{"unit":"px","top":"0","right":"50","bottom":"0","left":"80","isLinked":false},"margin_tablet":{"unit":"px","top":"20","right":"0","bottom":"40","left":"0","isLinked":false},"margin_mobile":{"unit":"px","top":"0","right":"0","bottom":"25","left":"0","isLinked":false}},"elements":[{"id":"7f5121d","elType":"widget","settings":{"title":"Promote to get more downloads","title_color":"#1F1F1F","typography_typography":"custom","typography_font_family":"Karla","typography_font_size":{"unit":"px","size":60,"sizes":[]},"typography_font_weight":"700","typography_line_height":{"unit":"em","size":1.0660000000000000586197757002082653343677520751953125,"sizes":[]},"typography_letter_spacing":{"unit":"px","size":-5,"sizes":[]},"_margin":{"unit":"px","top":"0","right":"0","bottom":"40","left":"0","isLinked":false},"typography_font_size_tablet":{"unit":"px","size":50,"sizes":[]}},"elements":[],"widgetType":"heading"},{"id":"8e7b6e1","elType":"widget","settings":{"editor":"<p>Create custom landing pages with Shades that convert more visitors than any website, no coding required.<\/p>","text_color":"#7A7A7A","typography_typography":"custom","typography_font_family":"Circular Std","typography_font_size":{"unit":"px","size":21,"sizes":[]},"typography_font_weight":"400","typography_line_height":{"unit":"em","size":1.713999999999999968025576890795491635799407958984375,"sizes":[]},"typography_letter_spacing":{"unit":"px","size":-0.299999999999999988897769753748434595763683319091796875,"sizes":[]}},"elements":[],"widgetType":"text-editor"}],"isInner":true}],"isInner":true}],"isInner":false}],"isInner":false},{"id":"e59d13b","elType":"section","settings":{"content_position":"middle","padding":{"unit":"px","top":"55","right":"0","bottom":"0","left":"0","isLinked":false},"gap":"no","padding_tablet":{"unit":"px","top":"20","right":"0","bottom":"0","left":"0","isLinked":false},"padding_mobile":{"unit":"px","top":"26","right":"0","bottom":"30","left":"0","isLinked":false}},"elements":[{"id":"9766a7d","elType":"column","settings":{"_column_size":100,"_inline_size":null},"elements":[{"id":"df28875","elType":"section","settings":{"content_position":"middle","structure":"20","overflow":"hidden","border_width":{"unit":"px","top":"0","right":"0","bottom":"1","left":"0","isLinked":false},"border_color":"#E5E5E5","margin_mobile":{"unit":"px","top":"","right":0,"bottom":"","left":0,"isLinked":true},"reverse_order_mobile":"reverse-mobile"},"elements":[{"id":"dc89c72","elType":"column","settings":{"_column_size":50,"_inline_size":null,"margin":{"unit":"px","top":"0","right":"75","bottom":"0","left":"75","isLinked":false},"margin_tablet":{"unit":"px","top":"0","right":"0","bottom":"0","left":"0","isLinked":false}},"elements":[{"id":"e15dd5c","elType":"widget","settings":{"title":"Trendy designs for app landing","title_color":"#1F1F1F","typography_typography":"custom","typography_font_family":"Karla","typography_font_size":{"unit":"px","size":60,"sizes":[]},"typography_font_weight":"700","typography_line_height":{"unit":"em","size":1.0660000000000000586197757002082653343677520751953125,"sizes":[]},"typography_letter_spacing":{"unit":"px","size":-5,"sizes":[]},"_margin":{"unit":"px","top":"0","right":"0","bottom":"40","left":"0","isLinked":false},"typography_font_size_tablet":{"unit":"px","size":50,"sizes":[]}},"elements":[],"widgetType":"heading"},{"id":"4a956ee","elType":"widget","settings":{"editor":"<p>Create custom landing pages with Shades that convert more visitors than any website, no coding required.<\/p>","text_color":"#7A7A7A","typography_typography":"custom","typography_font_family":"Circular Std","typography_font_size":{"unit":"px","size":21,"sizes":[]},"typography_font_weight":"400","typography_line_height":{"unit":"em","size":1.713999999999999968025576890795491635799407958984375,"sizes":[]},"typography_letter_spacing":{"unit":"px","size":-0.299999999999999988897769753748434595763683319091796875,"sizes":[]}},"elements":[],"widgetType":"text-editor"}],"isInner":true},{"id":"deb482e","elType":"column","settings":{"_column_size":50,"_inline_size":null},"elements":[{"id":"b873b05","elType":"widget","settings":{"image":{"url":"https:\/\/finestdevs.com\/demos\/wp\/shadepro\/wp-content\/uploads\/2020\/12\/iPhone.png","id":6279},"image_size":"full","image_custom_dimension":{"width":"321","height":""},"_margin":{"unit":"%","top":"0","right":"0","bottom":"-50","left":"0","isLinked":false},"_margin_mobile":{"unit":"px","top":"0","right":"0","bottom":"-16","left":"0","isLinked":false},"_animation":"slideInRight"},"elements":[],"widgetType":"image"}],"isInner":true}],"isInner":true}],"isInner":false}],"isInner":false},{"id":"35a27e3","elType":"section","settings":{"background_background":"classic","background_color":"#E7F4ED","shape_divider_bottom":"curve-asymmetrical","shape_divider_bottom_color":"#FAFAFA","shape_divider_bottom_width":{"unit":"%","size":204,"sizes":[]},"shape_divider_bottom_height":{"unit":"px","size":432,"sizes":[]},"shape_divider_bottom_negative":"yes","padding":{"unit":"px","top":"100","right":"0","bottom":"0","left":"0","isLinked":false},"gap":"no","padding_mobile":{"unit":"px","top":"50","right":"0","bottom":"0","left":"0","isLinked":false}},"elements":[{"id":"61e1fd6","elType":"column","settings":{"_column_size":100,"_inline_size":null},"elements":[{"id":"1069908","elType":"widget","settings":{"title":"Customers are loving Shades","align":"center","title_color":"#1F1F1F","typography_typography":"custom","typography_font_family":"Karla","typography_font_size":{"unit":"px","size":48,"sizes":[]},"typography_font_weight":"700","typography_letter_spacing":{"unit":"px","size":-4,"sizes":[]},"_margin":{"unit":"px","top":"0","right":"0","bottom":"55","left":"0","isLinked":false},"_margin_mobile":{"unit":"px","top":"0","right":"0","bottom":"30","left":"0","isLinked":false}},"elements":[],"widgetType":"heading"},{"id":"31e3584","elType":"section","settings":{"gap":"extended","structure":"30","margin":{"unit":"px","top":"0","right":0,"bottom":"-150","left":0,"isLinked":false}},"elements":[{"id":"af34003","elType":"column","settings":{"_column_size":33,"_inline_size":null,"animation":"pulse"},"elements":[{"id":"70fd39d","elType":"widget","settings":{"testimonial_content":"\u201cYou made it so simple. My new site is so much faster and easier to work with than my old site. I just choose the page, make the change and click save.","testimonial_image":{"url":"https:\/\/finestdevs.com\/demos\/wp\/shadepro\/wp-content\/uploads\/2020\/12\/shade-land-5-test-1.png","id":5984},"testimonial_name":"Cameron Anderson","testimonial_job":"Designer","testimonial_alignment":"left","content_content_color":"#1F1F1F","content_typography_typography":"custom","content_typography_font_family":"Rubik","content_typography_font_size":{"unit":"px","size":18,"sizes":[]},"content_typography_font_weight":"400","content_typography_line_height":{"unit":"em","size":1.770000000000000017763568394002504646778106689453125,"sizes":[]},"content_typography_letter_spacing":{"unit":"px","size":-0.1000000000000000055511151231257827021181583404541015625,"sizes":[]},"name_text_color":"#1F1F1F","name_typography_typography":"custom","name_typography_font_family":"Karla","name_typography_font_size":{"unit":"px","size":17,"sizes":[]},"name_typography_font_weight":"700","name_typography_line_height":{"unit":"em","size":1.6399999999999999023003738329862244427204132080078125,"sizes":[]},"name_typography_letter_spacing":{"unit":"px","size":-0.320000000000000006661338147750939242541790008544921875,"sizes":[]},"job_text_color":"#666666","job_typography_typography":"custom","job_typography_font_family":"Karla","job_typography_font_weight":"400","job_typography_letter_spacing":{"unit":"px","size":-0.40000000000000002220446049250313080847263336181640625,"sizes":[]},"counter_gap":{"unit":"px","size":40,"sizes":[]},"name_gap":{"unit":"px","size":4,"sizes":[]},"_margin":{"unit":"px","top":"0","right":"0","bottom":"30","left":"0","isLinked":false},"_padding":{"unit":"px","top":"31","right":"37","bottom":"35","left":"37","isLinked":false},"_background_background":"classic","_background_color":"#FFFFFF","_box_shadow_box_shadow_type":"yes","_box_shadow_box_shadow":{"horizontal":0,"vertical":2,"blur":4,"spread":0,"color":"rgba(0, 0, 0, 0.04)"},"content_typography_font_size_tablet":{"unit":"px","size":15,"sizes":[]},"content_typography_font_size_mobile":{"unit":"px","size":17,"sizes":[]},"image_size":{"unit":"px","size":42,"sizes":[]},"name_typography_font_size_tablet":{"unit":"px","size":14,"sizes":[]},"name_typography_font_size_mobile":{"unit":"px","size":18,"sizes":[]},"job_typography_font_size_tablet":{"unit":"px","size":14,"sizes":[]},"job_typography_font_size_mobile":{"unit":"px","size":15,"sizes":[]},"_padding_tablet":{"unit":"px","top":"15","right":"15","bottom":"15","left":"15","isLinked":true},"_padding_mobile":{"unit":"px","top":"30","right":"30","bottom":"30","left":"30","isLinked":true}},"elements":[],"widgetType":"testimonial"},{"id":"7722095","elType":"widget","settings":{"testimonial_content":"\u201cFinally, I\u2019ve found a template that covers all bases for a bootstrapped startup. We were able to launch in days, not months.\u201d","testimonial_image":{"url":"https:\/\/finestdevs.com\/demos\/wp\/shadepro\/wp-content\/uploads\/2020\/12\/shade-land-5-test-3.png","id":5982},"testimonial_name":"Catherine Simmons","testimonial_job":"Marketer","testimonial_alignment":"left","content_content_color":"#1F1F1F","content_typography_typography":"custom","content_typography_font_family":"Rubik","content_typography_font_size":{"unit":"px","size":18,"sizes":[]},"content_typography_font_weight":"400","content_typography_line_height":{"unit":"em","size":1.770000000000000017763568394002504646778106689453125,"sizes":[]},"content_typography_letter_spacing":{"unit":"px","size":-0.1000000000000000055511151231257827021181583404541015625,"sizes":[]},"name_text_color":"#1F1F1F","name_typography_typography":"custom","name_typography_font_family":"Karla","name_typography_font_size":{"unit":"px","size":17,"sizes":[]},"name_typography_font_weight":"700","name_typography_line_height":{"unit":"em","size":1.6399999999999999023003738329862244427204132080078125,"sizes":[]},"name_typography_letter_spacing":{"unit":"px","size":-0.320000000000000006661338147750939242541790008544921875,"sizes":[]},"job_text_color":"#666666","job_typography_typography":"custom","job_typography_font_family":"Karla","job_typography_font_weight":"400","job_typography_letter_spacing":{"unit":"px","size":-0.40000000000000002220446049250313080847263336181640625,"sizes":[]},"counter_gap":{"unit":"px","size":40,"sizes":[]},"name_gap":{"unit":"px","size":4,"sizes":[]},"_margin":{"unit":"px","top":"0","right":"0","bottom":"30","left":"0","isLinked":false},"_padding":{"unit":"px","top":"31","right":"37","bottom":"35","left":"37","isLinked":false},"_background_background":"classic","_background_color":"#FFFFFF","_box_shadow_box_shadow_type":"yes","_box_shadow_box_shadow":{"horizontal":0,"vertical":2,"blur":4,"spread":0,"color":"rgba(0, 0, 0, 0.04)"},"_margin_mobile":{"unit":"px","top":"0","right":"0","bottom":"0","left":"0","isLinked":false},"content_typography_font_size_tablet":{"unit":"px","size":15,"sizes":[]},"content_typography_font_size_mobile":{"unit":"px","size":17,"sizes":[]},"image_size":{"unit":"px","size":42,"sizes":[]},"name_typography_font_size_tablet":{"unit":"px","size":14,"sizes":[]},"name_typography_font_size_mobile":{"unit":"px","size":18,"sizes":[]},"job_typography_font_size_tablet":{"unit":"px","size":14,"sizes":[]},"job_typography_font_size_mobile":{"unit":"px","size":15,"sizes":[]},"_padding_tablet":{"unit":"px","top":"15","right":"15","bottom":"15","left":"15","isLinked":true},"_padding_mobile":{"unit":"px","top":"30","right":"30","bottom":"30","left":"30","isLinked":true}},"elements":[],"widgetType":"testimonial"}],"isInner":true},{"id":"000c1c0","elType":"column","settings":{"_column_size":33,"_inline_size":null,"animation":"pulse"},"elements":[{"id":"e4b9ef2","elType":"widget","settings":{"testimonial_content":"\u201cSimply the best. Better than all the rest. I\u2019d recommend this product to beginners and advanced users.\u201d","testimonial_image":{"url":"https:\/\/finestdevs.com\/demos\/wp\/shadepro\/wp-content\/uploads\/2020\/12\/shade-land-5-test-2.png","id":5983},"testimonial_name":"Leo Morton","testimonial_job":"Marketer","testimonial_alignment":"left","content_content_color":"#1F1F1F","content_typography_typography":"custom","content_typography_font_family":"Rubik","content_typography_font_size":{"unit":"px","size":18,"sizes":[]},"content_typography_font_weight":"400","content_typography_line_height":{"unit":"em","size":1.770000000000000017763568394002504646778106689453125,"sizes":[]},"content_typography_letter_spacing":{"unit":"px","size":-0.1000000000000000055511151231257827021181583404541015625,"sizes":[]},"name_text_color":"#1F1F1F","name_typography_typography":"custom","name_typography_font_family":"Karla","name_typography_font_size":{"unit":"px","size":17,"sizes":[]},"name_typography_font_weight":"700","name_typography_line_height":{"unit":"em","size":1.6399999999999999023003738329862244427204132080078125,"sizes":[]},"name_typography_letter_spacing":{"unit":"px","size":-0.320000000000000006661338147750939242541790008544921875,"sizes":[]},"job_text_color":"#666666","job_typography_typography":"custom","job_typography_font_family":"Karla","job_typography_font_weight":"400","job_typography_letter_spacing":{"unit":"px","size":-0.40000000000000002220446049250313080847263336181640625,"sizes":[]},"counter_gap":{"unit":"px","size":40,"sizes":[]},"name_gap":{"unit":"px","size":4,"sizes":[]},"_margin":{"unit":"px","top":"0","right":"0","bottom":"30","left":"0","isLinked":false},"_padding":{"unit":"px","top":"31","right":"37","bottom":"35","left":"37","isLinked":false},"_background_background":"classic","_background_color":"#FFFFFF","_box_shadow_box_shadow_type":"yes","_box_shadow_box_shadow":{"horizontal":0,"vertical":2,"blur":4,"spread":0,"color":"rgba(0, 0, 0, 0.04)"},"content_typography_font_size_tablet":{"unit":"px","size":15,"sizes":[]},"content_typography_font_size_mobile":{"unit":"px","size":17,"sizes":[]},"image_size":{"unit":"px","size":42,"sizes":[]},"name_typography_font_size_tablet":{"unit":"px","size":14,"sizes":[]},"name_typography_font_size_mobile":{"unit":"px","size":18,"sizes":[]},"job_typography_font_size_tablet":{"unit":"px","size":14,"sizes":[]},"job_typography_font_size_mobile":{"unit":"px","size":15,"sizes":[]},"_padding_tablet":{"unit":"px","top":"15","right":"15","bottom":"15","left":"15","isLinked":true},"_padding_mobile":{"unit":"px","top":"30","right":"30","bottom":"30","left":"30","isLinked":true}},"elements":[],"widgetType":"testimonial"},{"id":"908bc0e","elType":"widget","settings":{"testimonial_content":"With Shades, it\u2019s quicker with the customer, the customer is more ensured of getting exactly what they ordered, and I\u2019m all for the efficiency.","testimonial_image":{"url":"https:\/\/finestdevs.com\/demos\/wp\/shadepro\/wp-content\/uploads\/2020\/12\/shade-land-5-test-4.png","id":5985},"testimonial_name":"Harvey Ingram","testimonial_job":"UX Designer","testimonial_alignment":"left","content_content_color":"#1F1F1F","content_typography_typography":"custom","content_typography_font_family":"Rubik","content_typography_font_size":{"unit":"px","size":18,"sizes":[]},"content_typography_font_weight":"400","content_typography_line_height":{"unit":"em","size":1.770000000000000017763568394002504646778106689453125,"sizes":[]},"content_typography_letter_spacing":{"unit":"px","size":-0.1000000000000000055511151231257827021181583404541015625,"sizes":[]},"name_text_color":"#1F1F1F","name_typography_typography":"custom","name_typography_font_family":"Karla","name_typography_font_size":{"unit":"px","size":17,"sizes":[]},"name_typography_font_weight":"700","name_typography_line_height":{"unit":"em","size":1.6399999999999999023003738329862244427204132080078125,"sizes":[]},"name_typography_letter_spacing":{"unit":"px","size":-0.320000000000000006661338147750939242541790008544921875,"sizes":[]},"job_text_color":"#666666","job_typography_typography":"custom","job_typography_font_family":"Karla","job_typography_font_weight":"400","job_typography_letter_spacing":{"unit":"px","size":-0.40000000000000002220446049250313080847263336181640625,"sizes":[]},"counter_gap":{"unit":"px","size":40,"sizes":[]},"name_gap":{"unit":"px","size":4,"sizes":[]},"_margin":{"unit":"px","top":"0","right":"0","bottom":"30","left":"0","isLinked":false},"_padding":{"unit":"px","top":"31","right":"37","bottom":"35","left":"37","isLinked":false},"_background_background":"classic","_background_color":"#FFFFFF","_box_shadow_box_shadow_type":"yes","_box_shadow_box_shadow":{"horizontal":0,"vertical":2,"blur":4,"spread":0,"color":"rgba(0, 0, 0, 0.04)"},"content_typography_font_size_tablet":{"unit":"px","size":15,"sizes":[]},"content_typography_font_size_mobile":{"unit":"px","size":17,"sizes":[]},"image_size":{"unit":"px","size":42,"sizes":[]},"name_typography_font_size_tablet":{"unit":"px","size":14,"sizes":[]},"name_typography_font_size_mobile":{"unit":"px","size":18,"sizes":[]},"job_typography_font_size_tablet":{"unit":"px","size":14,"sizes":[]},"job_typography_font_size_mobile":{"unit":"px","size":15,"sizes":[]},"_margin_mobile":{"unit":"px","top":"0","right":"0","bottom":"0","left":"0","isLinked":false},"_padding_tablet":{"unit":"px","top":"15","right":"15","bottom":"15","left":"15","isLinked":true},"_padding_mobile":{"unit":"px","top":"30","right":"30","bottom":"30","left":"30","isLinked":true}},"elements":[],"widgetType":"testimonial"}],"isInner":true},{"id":"f5e8e91","elType":"column","settings":{"_column_size":33,"_inline_size":null,"animation":"pulse"},"elements":[{"id":"a275197","elType":"widget","settings":{"testimonial_content":"\u201cThis is a top quality product. No need to think twice before purchasing, you simply could not go wrong\u201d","testimonial_image":{"url":"https:\/\/finestdevs.com\/demos\/wp\/shadepro\/wp-content\/uploads\/2020\/12\/shade-landing-3-7.png","id":6297},"testimonial_name":"Evelyn Moreno","testimonial_job":"WordPress Developer","testimonial_alignment":"left","content_content_color":"#1F1F1F","content_typography_typography":"custom","content_typography_font_family":"Rubik","content_typography_font_size":{"unit":"px","size":18,"sizes":[]},"content_typography_font_weight":"400","content_typography_line_height":{"unit":"em","size":1.770000000000000017763568394002504646778106689453125,"sizes":[]},"content_typography_letter_spacing":{"unit":"px","size":-0.1000000000000000055511151231257827021181583404541015625,"sizes":[]},"name_text_color":"#1F1F1F","name_typography_typography":"custom","name_typography_font_family":"Karla","name_typography_font_size":{"unit":"px","size":17,"sizes":[]},"name_typography_font_weight":"700","name_typography_line_height":{"unit":"em","size":1.6399999999999999023003738329862244427204132080078125,"sizes":[]},"name_typography_letter_spacing":{"unit":"px","size":-0.320000000000000006661338147750939242541790008544921875,"sizes":[]},"job_text_color":"#666666","job_typography_typography":"custom","job_typography_font_family":"Karla","job_typography_font_weight":"400","job_typography_letter_spacing":{"unit":"px","size":-0.40000000000000002220446049250313080847263336181640625,"sizes":[]},"counter_gap":{"unit":"px","size":40,"sizes":[]},"name_gap":{"unit":"px","size":4,"sizes":[]},"_margin":{"unit":"px","top":"0","right":"0","bottom":"30","left":"0","isLinked":false},"_padding":{"unit":"px","top":"31","right":"37","bottom":"35","left":"37","isLinked":false},"_background_background":"classic","_background_color":"#FFFFFF","_box_shadow_box_shadow_type":"yes","_box_shadow_box_shadow":{"horizontal":0,"vertical":2,"blur":4,"spread":0,"color":"rgba(0, 0, 0, 0.04)"},"content_typography_font_size_tablet":{"unit":"px","size":15,"sizes":[]},"content_typography_font_size_mobile":{"unit":"px","size":17,"sizes":[]},"image_size":{"unit":"px","size":42,"sizes":[]},"name_typography_font_size_tablet":{"unit":"px","size":14,"sizes":[]},"name_typography_font_size_mobile":{"unit":"px","size":18,"sizes":[]},"job_typography_font_size_tablet":{"unit":"px","size":14,"sizes":[]},"job_typography_font_size_mobile":{"unit":"px","size":15,"sizes":[]},"_padding_tablet":{"unit":"px","top":"15","right":"15","bottom":"15","left":"15","isLinked":true},"_padding_mobile":{"unit":"px","top":"30","right":"30","bottom":"30","left":"30","isLinked":true}},"elements":[],"widgetType":"testimonial"},{"id":"e29bb36","elType":"widget","settings":{"testimonial_content":"My new site is so much faster and easier to work with than my old site. I just choose the page, make the change and click save. Thanks, guys!\n","testimonial_image":{"url":"https:\/\/finestdevs.com\/demos\/wp\/shadepro\/wp-content\/uploads\/2020\/12\/shade-landing-3-6.png","id":6298},"testimonial_name":"Charlie Beck","testimonial_job":"Startup Founder","testimonial_alignment":"left","content_content_color":"#1F1F1F","content_typography_typography":"custom","content_typography_font_family":"Rubik","content_typography_font_size":{"unit":"px","size":18,"sizes":[]},"content_typography_font_weight":"400","content_typography_line_height":{"unit":"em","size":1.770000000000000017763568394002504646778106689453125,"sizes":[]},"content_typography_letter_spacing":{"unit":"px","size":-0.1000000000000000055511151231257827021181583404541015625,"sizes":[]},"name_text_color":"#1F1F1F","name_typography_typography":"custom","name_typography_font_family":"Karla","name_typography_font_size":{"unit":"px","size":17,"sizes":[]},"name_typography_font_weight":"700","name_typography_line_height":{"unit":"em","size":1.6399999999999999023003738329862244427204132080078125,"sizes":[]},"name_typography_letter_spacing":{"unit":"px","size":-0.320000000000000006661338147750939242541790008544921875,"sizes":[]},"job_text_color":"#666666","job_typography_typography":"custom","job_typography_font_family":"Karla","job_typography_font_weight":"400","job_typography_letter_spacing":{"unit":"px","size":-0.40000000000000002220446049250313080847263336181640625,"sizes":[]},"counter_gap":{"unit":"px","size":40,"sizes":[]},"name_gap":{"unit":"px","size":4,"sizes":[]},"_margin":{"unit":"px","top":"0","right":"0","bottom":"30","left":"0","isLinked":false},"_padding":{"unit":"px","top":"31","right":"37","bottom":"35","left":"37","isLinked":false},"_background_background":"classic","_background_color":"#FFFFFF","_box_shadow_box_shadow_type":"yes","_box_shadow_box_shadow":{"horizontal":0,"vertical":2,"blur":4,"spread":0,"color":"rgba(0, 0, 0, 0.04)"},"content_typography_font_size_tablet":{"unit":"px","size":15,"sizes":[]},"content_typography_font_size_mobile":{"unit":"px","size":17,"sizes":[]},"image_size":{"unit":"px","size":42,"sizes":[]},"name_typography_font_size_tablet":{"unit":"px","size":14,"sizes":[]},"name_typography_font_size_mobile":{"unit":"px","size":18,"sizes":[]},"job_typography_font_size_tablet":{"unit":"px","size":14,"sizes":[]},"job_typography_font_size_mobile":{"unit":"px","size":15,"sizes":[]},"_padding_tablet":{"unit":"px","top":"15","right":"15","bottom":"15","left":"15","isLinked":true},"_padding_mobile":{"unit":"px","top":"30","right":"30","bottom":"30","left":"30","isLinked":true}},"elements":[],"widgetType":"testimonial"}],"isInner":true}],"isInner":true}],"isInner":false}],"isInner":false},{"id":"132dca9","elType":"section","settings":{"gap":"no","padding":{"unit":"px","top":"220","right":"0","bottom":"0","left":"0","isLinked":false},"padding_tablet":{"unit":"px","top":"150","right":"0","bottom":"0","left":"0","isLinked":false}},"elements":[{"id":"19471e2","elType":"column","settings":{"_column_size":100,"_inline_size":null,"align":"center"},"elements":[{"id":"3ae3fbe","elType":"section","settings":{"border_border":"solid","border_width":{"unit":"px","top":"0","right":"0","bottom":"1","left":"0","isLinked":false},"border_color":"#E5E5E5","padding":{"unit":"px","top":"0","right":"150","bottom":"125","left":"150","isLinked":false},"padding_tablet":{"unit":"px","top":"0","right":"80","bottom":"70","left":"80","isLinked":false},"padding_mobile":{"unit":"px","top":"0","right":"0","bottom":"50","left":"0","isLinked":false},"animation":"fadeInUp"},"elements":[{"id":"9a71d3b","elType":"column","settings":{"_column_size":100,"_inline_size":null,"align":"center"},"elements":[{"id":"9704393","elType":"widget","settings":{"title":"Time to take action","align":"center","title_color":"#666666","typography_typography":"custom","typography_font_family":"Karla","typography_font_size":{"unit":"px","size":16,"sizes":[]},"typography_font_weight":"700","typography_text_transform":"uppercase","typography_letter_spacing":{"unit":"px","size":2,"sizes":[]},"_margin":{"unit":"px","top":"0","right":"0","bottom":"45","left":"0","isLinked":false},"_margin_mobile":{"unit":"px","top":"0","right":"0","bottom":"20","left":"0","isLinked":false}},"elements":[],"widgetType":"heading"},{"id":"16c6149","elType":"widget","settings":{"title":"Join over 30,000+ happy users & launch your product fast.","align":"center","title_color":"#1F1F1F","typography_typography":"custom","typography_font_family":"Karla","typography_font_size":{"unit":"px","size":60,"sizes":[]},"typography_font_weight":"700","typography_line_height":{"unit":"em","size":1.0660000000000000586197757002082653343677520751953125,"sizes":[]},"typography_letter_spacing":{"unit":"px","size":-5,"sizes":[]},"_margin":{"unit":"px","top":"0","right":"0","bottom":"50","left":"0","isLinked":false},"typography_font_size_tablet":{"unit":"px","size":47,"sizes":[]},"_margin_mobile":{"unit":"px","top":"0","right":"0","bottom":"30","left":"0","isLinked":false}},"elements":[],"widgetType":"heading"},{"id":"5ba687a","elType":"widget","settings":{"image":{"url":"https:\/\/finestdevs.com\/demos\/wp\/shadepro\/wp-content\/uploads\/2020\/09\/l6-download-appstore.png","id":3430},"image_size":"full","link_to":"custom","link":{"url":"https:\/\/www.apple.com\/app-store\/","is_external":"on","nofollow":"","custom_attributes":""},"hover_animation":"float","_margin":{"unit":"px","top":"0","right":"17","bottom":"0","left":"0","isLinked":false},"_element_width":"auto","_element_width_mobile":"initial","_element_custom_width_mobile":{"unit":"px","size":150,"sizes":[]}},"elements":[],"widgetType":"image"},{"id":"de6d22d","elType":"widget","settings":{"image":{"url":"https:\/\/finestdevs.com\/demos\/wp\/shadepro\/wp-content\/uploads\/2020\/09\/l6-download-gplay.png","id":3429},"link_to":"custom","link":{"url":"https:\/\/play.google.com\/store\/apps\/","is_external":"on","nofollow":"","custom_attributes":""},"hover_animation":"float","_margin":{"unit":"px","top":"0","right":"17","bottom":"0","left":"0","isLinked":false},"_element_width":"auto","_element_width_mobile":"initial","_element_custom_width_mobile":{"unit":"px","size":150,"sizes":[]}},"elements":[],"widgetType":"image"}],"isInner":true}],"isInner":true}],"isInner":false}],"isInner":false},{"id":"472a4ca","elType":"section","settings":{"stretch_section":"section-stretched","structure":"30","padding":{"unit":"px","top":"20","right":"0","bottom":"20","left":"0","isLinked":false},"border_border":"solid","border_width":{"unit":"px","top":"0","right":"0","bottom":"1","left":"0","isLinked":false},"border_color":"#E3D8D8","animation":"fadeInUp"},"elements":[{"id":"f0d8985","elType":"column","settings":{"_column_size":33,"_inline_size":17.71900000000000119371179607696831226348876953125,"_inline_size_tablet":20},"elements":[{"id":"9237fc4","elType":"widget","settings":{"content_align_mobile":"center"},"elements":[],"widgetType":"ama-logo"}],"isInner":false},{"id":"7e0ed23","elType":"column","settings":{"_column_size":33,"_inline_size":62.28099999999999880628820392303168773651123046875,"_inline_size_tablet":50},"elements":[{"id":"dac56a6","elType":"widget","settings":{"view":"inline","icon_list":[{"text":"About","selected_icon":{"value":"","library":""},"_id":"00976cb","link":{"url":"https:\/\/finestdevs.com\/demos\/wp\/shadepro\/about-us\/","is_external":"","nofollow":"","custom_attributes":""}},{"text":"Terms & Conditions","selected_icon":{"value":"","library":""},"link":{"url":"https:\/\/finestdevs.com\/demos\/wp\/shadepro\/terms-conditions\/","is_external":"","nofollow":"","custom_attributes":""},"_id":"b3916b0"},{"_id":"2011239","text":"Support","selected_icon":{"value":"","library":""},"link":{"url":"https:\/\/finestdevs.com\/demos\/wp\/shadepro\/contact\/","is_external":"","nofollow":"","custom_attributes":""}}],"space_between":{"unit":"px","size":39,"sizes":[]},"icon_align":"center","text_color":"#333333","icon_typography_typography":"custom","icon_typography_font_family":"Karla","icon_typography_font_size":{"unit":"px","size":15,"sizes":[]},"icon_typography_font_weight":"700","icon_typography_line_height":{"unit":"em","size":1.600000000000000088817841970012523233890533447265625,"sizes":[]},"icon_typography_letter_spacing":{"unit":"px","size":-0.64000000000000001332267629550187848508358001708984375,"sizes":[]},"__globals__":{"text_color":"","text_color_hover":"","icon_typography_typography":""},"space_between_mobile":{"unit":"px","size":11,"sizes":[]},"icon_align_mobile":"center"},"elements":[],"widgetType":"icon-list"}],"isInner":false},{"id":"37a3784","elType":"column","settings":{"_column_size":33,"_inline_size":19.6640000000000014779288903810083866119384765625,"_inline_size_tablet":30},"elements":[{"id":"c703df6","elType":"widget","settings":{"title":"\u00a9 Grayic 2019 All right reserved. ","align":"right","title_color":"#666666","typography_typography":"custom","typography_font_family":"Circular Std","typography_font_size":{"unit":"px","size":15,"sizes":[]},"typography_font_weight":"400","typography_line_height":{"unit":"em","size":1.866000000000000103028696685214526951313018798828125,"sizes":[]},"typography_letter_spacing":{"unit":"px","size":-0.64000000000000001332267629550187848508358001708984375,"sizes":[]},"align_mobile":"center"},"elements":[],"widgetType":"heading"}],"isInner":false}],"isInner":false}] ]]></wp:meta_value>
										</wp:postmeta>
																				<wp:postmeta>
											<wp:meta_key>_elementor_controls_usage</wp:meta_key>
											<wp:meta_value><![CDATA[a:10:{s:8:"ama-logo";a:3:{s:5:"count";i:2;s:15:"control_percent";i:1;s:8:"controls";a:1:{s:7:"content";a:1:{s:14:"section_layout";a:2:{s:11:"image_width";i:1;s:20:"content_align_mobile";i:1;}}}}s:6:"column";a:3:{s:5:"count";i:23;s:15:"control_percent";i:1;s:8:"controls";a:2:{s:6:"layout";a:1:{s:6:"layout";a:5:{s:12:"_inline_size";i:23;s:19:"_inline_size_mobile";i:2;s:19:"_inline_size_tablet";i:7;s:5:"align";i:3;s:16:"content_position";i:1;}}s:8:"advanced";a:2:{s:16:"section_advanced";a:3:{s:6:"margin";i:5;s:13:"margin_tablet";i:5;s:13:"margin_mobile";i:2;}s:15:"section_effects";a:1:{s:9:"animation";i:4;}}}}s:18:"shadepro-main-menu";a:3:{s:5:"count";i:1;s:15:"control_percent";i:8;s:8:"controls";a:3:{s:7:"content";a:1:{s:7:"general";a:2:{s:12:"primary_menu";i:1;s:10:"menu_align";i:1;}}s:5:"style";a:3:{s:10:"menu_style";a:6:{s:10:"menu_color";i:1;s:16:"menu_hover_color";i:1;s:26:"menu_typography_typography";i:1;s:27:"menu_typography_font_family";i:1;s:25:"menu_typography_font_size";i:1;s:27:"menu_typography_font_weight";i:1;}s:14:"megamenu_style";a:8:{s:20:"megamenu_panel_width";i:1;s:35:"megamenu_title_typography_font_size";i:1;s:19:"megamenu_width_type";i:1;s:36:"megamenu_title_typography_typography";i:1;s:40:"megamenu_title_typography_text_transform";i:1;s:40:"megamenu_title_typography_letter_spacing";i:1;s:20:"megamenu_title_color";i:1;s:16:"megamenu_padding";i:1;}s:14:"dropdown_style";a:4:{s:30:"dripdown_typography_typography";i:1;s:31:"dripdown_typography_font_family";i:1;s:29:"dripdown_typography_font_size";i:1;s:31:"dripdown_typography_font_weight";i:1;}}s:8:"advanced";a:2:{s:14:"_section_style";a:1:{s:8:"_z_index";i:1;}s:17:"_section_position";a:1:{s:14:"_element_width";i:1;}}}}s:12:"shadepro-btn";a:3:{s:5:"count";i:1;s:15:"control_percent";i:7;s:8:"controls";a:3:{s:7:"content";a:1:{s:6:"button";a:3:{s:12:"button_label";i:1;s:11:"button_type";i:1;s:12:"button_align";i:1;}}s:5:"style";a:1:{s:12:"button_style";a:9:{s:20:"boxed_btn_background";i:1;s:29:"heading_typography_typography";i:1;s:30:"heading_typography_font_family";i:1;s:28:"heading_typography_font_size";i:1;s:30:"heading_typography_font_weight";i:1;s:30:"heading_typography_line_height";i:1;s:33:"heading_typography_letter_spacing";i:1;s:14:"button_padding";i:1;s:13:"button_radius";i:1;}}s:8:"advanced";a:3:{s:14:"_section_style";a:2:{s:7:"_margin";i:1;s:14:"_margin_tablet";i:1;}s:17:"_section_position";a:1:{s:14:"_element_width";i:1;}s:19:"_section_responsive";a:1:{s:11:"hide_mobile";i:1;}}}}s:7:"section";a:3:{s:5:"count";i:14;s:15:"control_percent";i:2;s:8:"controls";a:3:{s:6:"layout";a:2:{s:14:"section_layout";a:4:{s:16:"content_position";i:7;s:3:"gap";i:5;s:15:"stretch_section";i:2;s:8:"overflow";i:3;}s:17:"section_structure";a:1:{s:9:"structure";i:7;}}s:8:"advanced";a:3:{s:16:"section_advanced";a:6:{s:7:"z_index";i:1;s:7:"padding";i:9;s:14:"padding_mobile";i:6;s:13:"margin_mobile";i:2;s:14:"padding_tablet";i:6;s:6:"margin";i:1;}s:19:"_section_responsive";a:1:{s:20:"reverse_order_mobile";i:2;}s:15:"section_effects";a:1:{s:9:"animation";i:2;}}s:5:"style";a:3:{s:18:"section_background";a:7:{s:21:"background_background";i:2;s:19:"background_position";i:1;s:17:"background_repeat";i:1;s:15:"background_size";i:1;s:19:"background_bg_width";i:1;s:16:"background_color";i:2;s:22:"background_size_tablet";i:1;}s:21:"section_shape_divider";a:8:{s:20:"shape_divider_bottom";i:2;s:26:"shape_divider_bottom_color";i:2;s:26:"shape_divider_bottom_width";i:2;s:33:"shape_divider_bottom_width_tablet";i:1;s:27:"shape_divider_bottom_height";i:2;s:34:"shape_divider_bottom_height_tablet";i:1;s:25:"shape_divider_bottom_flip";i:1;s:29:"shape_divider_bottom_negative";i:1;}s:14:"section_border";a:3:{s:13:"border_border";i:4;s:12:"border_width";i:5;s:12:"border_color";i:5;}}}}s:5:"image";a:3:{s:5:"count";i:8;s:15:"control_percent";i:3;s:8:"controls";a:3:{s:7:"content";a:1:{s:13:"section_image";a:6:{s:5:"image";i:8;s:10:"image_size";i:6;s:5:"align";i:1;s:7:"link_to";i:4;s:4:"link";i:4;s:22:"image_custom_dimension";i:3;}}s:8:"advanced";a:3:{s:14:"_section_style";a:3:{s:7:"_margin";i:8;s:14:"_margin_tablet";i:1;s:14:"_margin_mobile";i:4;}s:15:"section_effects";a:1:{s:10:"_animation";i:4;}s:17:"_section_position";a:5:{s:14:"_element_width";i:4;s:21:"_element_width_tablet";i:2;s:28:"_element_custom_width_tablet";i:2;s:21:"_element_width_mobile";i:2;s:28:"_element_custom_width_mobile";i:2;}}s:5:"style";a:1:{s:19:"section_style_image";a:1:{s:15:"hover_animation";i:4;}}}}s:7:"heading";a:3:{s:5:"count";i:8;s:15:"control_percent";i:5;s:8:"controls";a:3:{s:7:"content";a:1:{s:13:"section_title";a:3:{s:5:"title";i:8;s:5:"align";i:4;s:12:"align_mobile";i:1;}}s:5:"style";a:1:{s:19:"section_title_style";a:10:{s:11:"title_color";i:8;s:21:"typography_typography";i:8;s:22:"typography_font_family";i:8;s:20:"typography_font_size";i:8;s:22:"typography_font_weight";i:8;s:22:"typography_line_height";i:6;s:25:"typography_letter_spacing";i:8;s:27:"typography_font_size_tablet";i:5;s:27:"typography_font_size_mobile";i:1;s:25:"typography_text_transform";i:1;}}s:8:"advanced";a:1:{s:14:"_section_style";a:2:{s:7:"_margin";i:7;s:14:"_margin_mobile";i:3;}}}}s:11:"text-editor";a:3:{s:5:"count";i:4;s:15:"control_percent";i:3;s:8:"controls";a:3:{s:7:"content";a:1:{s:14:"section_editor";a:1:{s:6:"editor";i:4;}}s:5:"style";a:1:{s:13:"section_style";a:7:{s:10:"text_color";i:4;s:21:"typography_typography";i:4;s:22:"typography_font_family";i:4;s:20:"typography_font_size";i:4;s:22:"typography_font_weight";i:4;s:22:"typography_line_height";i:4;s:25:"typography_letter_spacing";i:4;}}s:8:"advanced";a:1:{s:14:"_section_style";a:1:{s:7:"_margin";i:1;}}}}s:11:"testimonial";a:3:{s:5:"count";i:6;s:15:"control_percent";i:16;s:8:"controls";a:3:{s:7:"content";a:1:{s:19:"section_testimonial";a:5:{s:19:"testimonial_content";i:6;s:17:"testimonial_image";i:6;s:16:"testimonial_name";i:6;s:21:"testimonial_alignment";i:6;s:15:"testimonial_job";i:5;}}s:5:"style";a:5:{s:33:"section_style_testimonial_content";a:9:{s:21:"content_content_color";i:6;s:29:"content_typography_typography";i:6;s:30:"content_typography_font_family";i:6;s:28:"content_typography_font_size";i:6;s:30:"content_typography_font_weight";i:6;s:30:"content_typography_line_height";i:6;s:33:"content_typography_letter_spacing";i:6;s:35:"content_typography_font_size_tablet";i:6;s:35:"content_typography_font_size_mobile";i:6;}s:30:"section_style_testimonial_name";a:9:{s:15:"name_text_color";i:6;s:26:"name_typography_typography";i:6;s:27:"name_typography_font_family";i:6;s:25:"name_typography_font_size";i:6;s:27:"name_typography_font_weight";i:6;s:27:"name_typography_line_height";i:6;s:30:"name_typography_letter_spacing";i:6;s:32:"name_typography_font_size_tablet";i:6;s:32:"name_typography_font_size_mobile";i:6;}s:29:"section_style_testimonial_job";a:7:{s:14:"job_text_color";i:6;s:25:"job_typography_typography";i:6;s:26:"job_typography_font_family";i:6;s:26:"job_typography_font_weight";i:6;s:29:"job_typography_letter_spacing";i:6;s:31:"job_typography_font_size_tablet";i:6;s:31:"job_typography_font_size_mobile";i:6;}s:13:"section_extra";a:2:{s:11:"counter_gap";i:6;s:8:"name_gap";i:6;}s:31:"section_style_testimonial_image";a:1:{s:10:"image_size";i:6;}}s:8:"advanced";a:3:{s:14:"_section_style";a:5:{s:7:"_margin";i:6;s:8:"_padding";i:6;s:15:"_padding_tablet";i:6;s:15:"_padding_mobile";i:6;s:14:"_margin_mobile";i:2;}s:19:"_section_background";a:2:{s:22:"_background_background";i:6;s:17:"_background_color";i:6;}s:15:"_section_border";a:2:{s:27:"_box_shadow_box_shadow_type";i:6;s:22:"_box_shadow_box_shadow";i:6;}}}}s:9:"icon-list";a:3:{s:5:"count";i:1;s:15:"control_percent";i:6;s:8:"controls";a:2:{s:7:"content";a:1:{s:12:"section_icon";a:2:{s:4:"view";i:1;s:9:"icon_list";i:1;}}s:5:"style";a:2:{s:17:"section_icon_list";a:4:{s:13:"space_between";i:1;s:10:"icon_align";i:1;s:20:"space_between_mobile";i:1;s:17:"icon_align_mobile";i:1;}s:18:"section_text_style";a:7:{s:10:"text_color";i:1;s:26:"icon_typography_typography";i:1;s:27:"icon_typography_font_family";i:1;s:25:"icon_typography_font_size";i:1;s:27:"icon_typography_font_weight";i:1;s:27:"icon_typography_line_height";i:1;s:30:"icon_typography_letter_spacing";i:1;}}}}}]]></wp:meta_value>
										</wp:postmeta>
																				<wp:postmeta>
											<wp:meta_key>_elementor_css</wp:meta_key>
											<wp:meta_value><![CDATA[a:6:{s:4:"time";i:1612444757;s:5:"fonts";a:4:{i:0;s:5:"Inter";i:3;s:5:"Karla";i:4;s:5:"Rubik";i:6;s:12:"Circular Std";}s:5:"icons";a:1:{i:0;s:0:"";}s:20:"dynamic_elements_ids";a:0:{}s:6:"status";s:4:"file";i:0;s:0:"";}]]></wp:meta_value>
										</wp:postmeta>
																						</item>
							</channel>
</rss>
			