<?xml version="1.0" encoding="UTF-8" ?>
<!-- This is a WordPress eXtended RSS file generated by WordPress as an export of your site. -->
<!-- It contains information about your site's posts, pages, comments, categories, and other content. -->
<!-- You may use this file to transfer that content from one site to another. -->
<!-- This file is not intended to serve as a complete backup of your site. -->

<!-- To import this information into a WordPress site follow these steps: -->
<!-- 1. Log in to that site as an administrator. -->
<!-- 2. Go to Tools: Import in the WordPress admin panel. -->
<!-- 3. Install the "WordPress" importer from the list. -->
<!-- 4. Activate & Run Importer. -->
<!-- 5. Upload this file using the form provided on that page. -->
<!-- 6. You will first be asked to map the authors in this export file to users -->
<!--    on the site. For each author, you may choose to map to an -->
<!--    existing user on the site or to create a new user. -->
<!-- 7. WordPress will then import each of the posts, pages, comments, categories, etc. -->
<!--    contained in this file into your site. -->

<!-- generator="WordPress/5.6.1" created="2021-02-04 15:00" -->
<rss version="2.0"
	xmlns:excerpt="http://wordpress.org/export/1.1/excerpt/"
	xmlns:content="http://purl.org/rss/1.0/modules/content/"
	xmlns:wfw="http://wellformedweb.org/CommentAPI/"
	xmlns:dc="http://purl.org/dc/elements/1.1/"
	xmlns:wp="http://wordpress.org/export/1.1/"
>
<channel>
	<title>shadepro</title>
	<link>https://finestdevs.com/demos/wp/shadepro</link>
	<description>A Premium WordPress Theme</description>
	<pubDate>Thu, 04 Feb 2021 15:00:48 +0000</pubDate>
	<language></language>
	<wp:wxr_version>1.1</wp:wxr_version>
	<wp:base_site_url>https://finestdevs.com/demos/wp/shadepro</wp:base_site_url>
	<wp:base_blog_url>https://finestdevs.com/demos/wp/shadepro</wp:base_blog_url>

			
			<generator>https://wordpress.org/?v=5.6.1</generator>

<image>
	<url>https://finestdevs.com/demos/wp/shadepro/wp-content/uploads/2020/09/favicon.png</url>
	<title>shadepro</title>
	<link>https://finestdevs.com/demos/wp/shadepro</link>
	<width>32</width>
	<height>32</height>
</image> 

									<item>
							<title>Mobile App 3.0</title>
							<link>https://finestdevs.com/demos/wp/shadepro/mobile-app-3/</link>
							<pubDate>Sun, 06 Dec 2020 09:44:29 +0000</pubDate>
							<dc:creator>shadepro-admin</dc:creator>
							<guid isPermaLink="false">https://finestdevs.com/demos/wp/shadepro/?page_id=6833</guid>
							<description></description>
							<content:encoded><![CDATA[<a href="https://finestdevs.com/demos/wp/shadepro">
                <img src="https://finestdevs.com/demos/wp/shadepro/wp-content/uploads/2020/11/logo.svg" alt="shadepro">            </a>
            <button type="button" data-toggle="navbarToggler" aria-label="Toggle navigation">
            </button>
            <!-- end of Nav toggler -->
                <button type="button" data-toggle="navbarToggler" aria-label="Toggle navigation">
                </button>
                <nav id="site-navigation">
                    <ul id="navbar-nav"><li id="menu-item-5003"><a>Demos</a>
<ul>
	<li id="menu-item-12772"><a href="#">New Landings</a>
	<ul>
		<li id="menu-item-5802"><a href="https://finestdevs.com/demos/wp/shadepro/">Digital Marketing new</a></li>
		<li id="menu-item-8653"><a href="https://finestdevs.com/demos/wp/shadepro/education/">Online Education new</a></li>
		<li id="menu-item-8933"><a href="https://finestdevs.com/demos/wp/shadepro/event/">Tech Event new</a></li>
		<li id="menu-item-8167"><a href="https://finestdevs.com/demos/wp/shadepro/ebook/">eBook Landing new</a></li>
		<li id="menu-item-7532"><a href="https://finestdevs.com/demos/wp/shadepro/mobile-app-3/">Mobile App 3.0 new</a></li>
		<li id="menu-item-8166"><a href="https://finestdevs.com/demos/wp/shadepro/team-management/">Team Management new</a></li>
	</ul>
</li>
	<li id="menu-item-13028"><a href="#">SaaS Landings</a>
	<ul>
		<li id="menu-item-7533"><a href="https://finestdevs.com/demos/wp/shadepro/social-app/">Social App</a></li>
		<li id="menu-item-6194"><a href="https://finestdevs.com/demos/wp/shadepro/chat-service/">Chat Service</a></li>
		<li id="menu-item-6195"><a href="https://finestdevs.com/demos/wp/shadepro/digital-service/">Digital Service</a></li>
		<li id="menu-item-6713"><a href="https://finestdevs.com/demos/wp/shadepro/sass-service/">SasS Service</a></li>
		<li id="menu-item-5009"><a href="https://finestdevs.com/demos/wp/shadepro/job-site/">Job Directory</a></li>
		<li id="menu-item-5001"><a href="https://finestdevs.com/demos/wp/shadepro/sass-subscription/">Sass Subscription</a></li>
	</ul>
</li>
	<li id="menu-item-12773"><a href="#">Apps &#038; Software</a>
	<ul>
		<li id="menu-item-7702"><a href="https://finestdevs.com/demos/wp/shadepro/software/">Software</a></li>
		<li id="menu-item-6349"><a href="https://finestdevs.com/demos/wp/shadepro/app/">IOS App</a></li>
		<li id="menu-item-5005"><a href="https://finestdevs.com/demos/wp/shadepro/web-application/">Web Application</a></li>
		<li id="menu-item-8165"><a href="https://finestdevs.com/demos/wp/shadepro/desktop-software/">Desktop Software</a></li>
		<li id="menu-item-5008"><a href="https://finestdevs.com/demos/wp/shadepro/mobile-app/">Mobile App</a></li>
		<li id="menu-item-5012"><a href="https://finestdevs.com/demos/wp/shadepro/product-landing/">Product Landing</a></li>
	</ul>
</li>
	<li id="menu-item-13035"><a href="#">General Services</a>
	<ul>
		<li id="menu-item-5002"><a href="https://finestdevs.com/demos/wp/shadepro/video-conference/">Video Conference</a></li>
		<li id="menu-item-5262"><a href="https://finestdevs.com/demos/wp/shadepro/agency">Agency</a></li>
		<li id="menu-item-5011"><a href="https://finestdevs.com/demos/wp/shadepro/telemedicine/">Telemedicine</a></li>
		<li id="menu-item-5004"><a href="https://finestdevs.com/demos/wp/shadepro/ecommerce/">ECommerce</a></li>
		<li id="menu-item-5010"><a href="https://finestdevs.com/demos/wp/shadepro/coworking/">Coworking</a></li>
		<li id="menu-item-5006"><a href="https://finestdevs.com/demos/wp/shadepro/consultation/">Consultation</a></li>
		<li id="menu-item-5007"><a href="https://finestdevs.com/demos/wp/shadepro/b2b/">B2B</a></li>
	</ul>
</li>
</ul>
</li>
<li id="menu-item-4997"><a href="https://finestdevs.com/demos/wp/shadepro/about-us/">About Us</a></li>
<li id="menu-item-12726"><a href="https://finestdevs.com/demos/wp/shadepro/portfolio/">Portfolio</a>
<ul>
	<li id="menu-item-12730"><a href="#">Gallery Style</a>
	<ul>
		<li id="menu-item-12755"><a href="https://finestdevs.com/demos/wp/shadepro/portfolio-grid-2-in-container/">Two Column Grid</a></li>
		<li id="menu-item-12735"><a href="https://finestdevs.com/demos/wp/shadepro/portfolio-3-grid-container/">Three Column Grid</a></li>
		<li id="menu-item-12743"><a href="https://finestdevs.com/demos/wp/shadepro/portfolio-4-grid-container/">Four Column Grid</a></li>
		<li id="menu-item-12753"><a href="https://finestdevs.com/demos/wp/shadepro/portfolio-grid-2-full/">Two Column Wide</a></li>
		<li id="menu-item-12737"><a href="https://finestdevs.com/demos/wp/shadepro/portfolio-3-grid-full/">Three Column Wide</a></li>
		<li id="menu-item-12745"><a href="https://finestdevs.com/demos/wp/shadepro/portfolio-4-grid-full/">Four Column Wide</a></li>
	</ul>
</li>
	<li id="menu-item-12758"><a href="#">Classic Grid Style</a>
	<ul>
		<li id="menu-item-12756"><a href="https://finestdevs.com/demos/wp/shadepro/portfolio-grid-2-in-container-cno-gap/">Two Column Grid</a></li>
		<li id="menu-item-12736"><a href="https://finestdevs.com/demos/wp/shadepro/portfolio-3-grid-container-no-gap/">Three Column Grid</a></li>
		<li id="menu-item-12744"><a href="https://finestdevs.com/demos/wp/shadepro/portfolio-4-grid-container-no-gap/">Four Column Grid</a></li>
		<li id="menu-item-12754"><a href="https://finestdevs.com/demos/wp/shadepro/portfolio-grid-2-full-no-gap/">Two Column Wide</a></li>
		<li id="menu-item-12738"><a href="https://finestdevs.com/demos/wp/shadepro/portfolio-3-grid-full-no-gap/">Three Column Wide</a></li>
		<li id="menu-item-12746"><a href="https://finestdevs.com/demos/wp/shadepro/portfolio-4-grid-full-no-gap/">Four Column Wide</a></li>
	</ul>
</li>
	<li id="menu-item-12759"><a href="#">Masonry Style</a>
	<ul>
		<li id="menu-item-12741"><a href="https://finestdevs.com/demos/wp/shadepro/portfolio-3-masonry-in-container/">Three Column in Grid</a></li>
		<li id="menu-item-12749"><a href="https://finestdevs.com/demos/wp/shadepro/portfolio-4-masonry-in-container/">Four Column in Grid</a></li>
		<li id="menu-item-12739"><a href="https://finestdevs.com/demos/wp/shadepro/portfolio-3-masonry-full/">Three Column Wide</a></li>
		<li id="menu-item-12747"><a href="https://finestdevs.com/demos/wp/shadepro/portfolio-4-masonry-full/">Four Column Wide</a></li>
		<li id="menu-item-12742"><a href="https://finestdevs.com/demos/wp/shadepro/portfolio-3-masonry-in-container-no-gap/">Three Column Classic</a></li>
		<li id="menu-item-12750"><a href="https://finestdevs.com/demos/wp/shadepro/portfolio-4-masonry-in-container-no-gap/">Four Column Classic</a></li>
	</ul>
</li>
	<li id="menu-item-12760"><a href="#">Single Project</a>
	<ul>
		<li id="menu-item-12761"><a href="https://finestdevs.com/demos/wp/shadepro/portfolio/agricultural-processing/">Project Style 01</a></li>
		<li id="menu-item-12762"><a href="https://finestdevs.com/demos/wp/shadepro/portfolio/decode-branding/">Project Style 02</a></li>
		<li id="menu-item-12763"><a href="https://finestdevs.com/demos/wp/shadepro/portfolio/griffe-velta/">Project Style 03</a></li>
		<li id="menu-item-12764"><a href="https://finestdevs.com/demos/wp/shadepro/portfolio/exones-website/">Project Style 04</a></li>
	</ul>
</li>
</ul>
</li>
<li id="menu-item-4998"><a href="https://finestdevs.com/demos/wp/shadepro/blog">Pages</a>
<ul>
	<li id="menu-item-5032"><a href="#">About Us</a>
	<ul>
		<li id="menu-item-5033"><a href="https://finestdevs.com/demos/wp/shadepro/about-us/">About Us</a></li>
		<li id="menu-item-5034"><a href="https://finestdevs.com/demos/wp/shadepro/team/jason-reed/">Team Details</a></li>
	</ul>
</li>
	<li id="menu-item-5021"><a href="#">Career</a>
	<ul>
		<li id="menu-item-5020"><a href="https://finestdevs.com/demos/wp/shadepro/job-opening/">Job Opening</a></li>
		<li id="menu-item-5022"><a href="https://finestdevs.com/demos/wp/shadepro/jobs/senior-software-engineer/">Job Details</a></li>
	</ul>
</li>
	<li id="menu-item-5000"><a href="https://finestdevs.com/demos/wp/shadepro/blog/">Blog</a>
	<ul>
		<li id="menu-item-5369"><a href="https://finestdevs.com/demos/wp/shadepro/blog-style-1/">Blog Style 1</a></li>
		<li id="menu-item-5351"><a href="https://finestdevs.com/demos/wp/shadepro/blog-style-2/">Blog Style 2</a></li>
		<li id="menu-item-5386"><a href="https://finestdevs.com/demos/wp/shadepro/blog-style-3/">Blog Style 3</a></li>
		<li id="menu-item-5350"><a href="https://finestdevs.com/demos/wp/shadepro/blog-style-4/">Blog Style 4</a></li>
		<li id="menu-item-5031"><a href="https://finestdevs.com/demos/wp/shadepro/design-studios-that-everyone-should-know-about/">Blog Details</a></li>
	</ul>
</li>
	<li id="menu-item-5023"><a href="#">eCommerce</a>
	<ul>
		<li id="menu-item-5024"><a href="https://finestdevs.com/demos/wp/shadepro/shop/">Shop</a></li>
		<li id="menu-item-5025"><a href="https://finestdevs.com/demos/wp/shadepro/cart/">Cart</a></li>
		<li id="menu-item-5026"><a href="https://finestdevs.com/demos/wp/shadepro/checkout/">Checkout</a></li>
	</ul>
</li>
	<li id="menu-item-5013"><a href="#">Pricing</a>
	<ul>
		<li id="menu-item-5015"><a href="https://finestdevs.com/demos/wp/shadepro/pricing-01/">Pricing 01</a></li>
		<li id="menu-item-5014"><a href="https://finestdevs.com/demos/wp/shadepro/pricing-02/">Pricing 02</a></li>
		<li id="menu-item-4999"><a href="https://finestdevs.com/demos/wp/shadepro/pricing-03/">Pricing 03</a></li>
	</ul>
</li>
	<li id="menu-item-5016"><a href="#">Contact</a>
	<ul>
		<li id="menu-item-5017"><a href="https://finestdevs.com/demos/wp/shadepro/contact/">Contact 01</a></li>
		<li id="menu-item-5018"><a href="https://finestdevs.com/demos/wp/shadepro/contact-02/">Contact 02</a></li>
		<li id="menu-item-5019"><a href="https://finestdevs.com/demos/wp/shadepro/contact-03/">Contact 03</a></li>
	</ul>
</li>
	<li id="menu-item-5029"><a href="#">Account</a>
	<ul>
		<li id="menu-item-5028"><a href="https://finestdevs.com/demos/wp/shadepro/sign-up/">Sign up</a></li>
		<li id="menu-item-5027"><a href="https://finestdevs.com/demos/wp/shadepro/login/">Sign In</a></li>
	</ul>
</li>
	<li id="menu-item-5355"><a href="#">Utility</a>
	<ul>
		<li id="menu-item-5352"><a href="https://finestdevs.com/demos/wp/shadepro/terms-conditions/">Terms &#038; Conditions</a></li>
		<li id="menu-item-5353"><a href="https://finestdevs.com/demos/wp/shadepro/return-policy/">Return Policy</a></li>
		<li id="menu-item-5356"><a href="https://finestdevs.com/demos/wp/shadepro/privacy-policy/">Privacy Policy</a></li>
	</ul>
</li>
</ul>
</li>
<li id="menu-item-5648"><a href="#">Elements</a>
<ul>
	<li id="menu-item-5647"><a href="https://finestdevs.com/demos/wp/shadepro/sections/headers/">Headers</a>
	<ul>
		<li id="menu-item-5646"><a href="https://finestdevs.com/demos/wp/shadepro/sections/hero-areas/">Hero Areas</a></li>
		<li id="menu-item-5643"><a href="https://finestdevs.com/demos/wp/shadepro/sections/features/">Features</a></li>
		<li id="menu-item-5644"><a href="https://finestdevs.com/demos/wp/shadepro/sections/contents/">Contents</a></li>
	</ul>
</li>
	<li id="menu-item-5642"><a href="https://finestdevs.com/demos/wp/shadepro/sections/pricings/">Pricings</a>
	<ul>
		<li id="menu-item-5640"><a href="https://finestdevs.com/demos/wp/shadepro/sections/cta/">CTA</a></li>
		<li id="menu-item-5641"><a href="https://finestdevs.com/demos/wp/shadepro/sections/stats/">Stats</a></li>
		<li id="menu-item-8404"><a href="https://finestdevs.com/demos/wp/shadepro/sections/alerts/">Alerts</a></li>
	</ul>
</li>
	<li id="menu-item-8405"><a href="https://finestdevs.com/demos/wp/shadepro/sections/videos/">Videos</a>
	<ul>
		<li id="menu-item-8406"><a href="https://finestdevs.com/demos/wp/shadepro/sections/newsletter/">Newsletter</a></li>
		<li id="menu-item-8407"><a href="https://finestdevs.com/demos/wp/shadepro/sections/teams/">Teams</a></li>
		<li id="menu-item-8408"><a href="https://finestdevs.com/demos/wp/shadepro/sections/faq/">FAQ</a></li>
	</ul>
</li>
	<li id="menu-item-8409"><a href="https://finestdevs.com/demos/wp/shadepro/sections/blogs/">Blogs</a>
	<ul>
		<li id="menu-item-8410"><a href="https://finestdevs.com/demos/wp/shadepro/sections/clients/">Clients</a></li>
		<li id="menu-item-8411"><a href="https://finestdevs.com/demos/wp/shadepro/sections/testimonials/">Testimonials</a></li>
		<li id="menu-item-5645"><a href="https://finestdevs.com/demos/wp/shadepro/sections/footers/">Footers</a></li>
	</ul>
</li>
</ul>
</li>
<li id="menu-item-4996"><a href="https://finestdevs.com/demos/wp/shadepro/contact/">Contact</a></li>
</ul>                </nav><!-- #site-navigation -->
                            <a href="https://finestdevs.com/demos/wp/shadepro/"  >
                    Download Now
                                                        </a>
			<h2>Promote your app with ShadePro landing pages.</h2>		
		<p>Create custom landing pages with Berlin that convert more visitors than any website.</p>		
                            <a href=""  >
                    Download for Android
                                                        </a>
                            <a href=""  >
                    Download for iOS
                                                        </a>
						<i>&#xE934;</i><i>&#xE934;</i><i>&#xE934;</i><i>&#xE934;</i><i>&#xE934;</i> 4.6/5		
			Trused by over 1M+ users		
										<img width="466" height="613" src="https://finestdevs.com/demos/wp/shadepro/wp-content/uploads/2020/12/shade-v2-l1-2.png" alt="" loading="lazy" srcset="https://finestdevs.com/demos/wp/shadepro/wp-content/uploads/2020/12/shade-v2-l1-2.png 466w, https://finestdevs.com/demos/wp/shadepro/wp-content/uploads/2020/12/shade-v2-l1-2-228x300.png 228w" sizes="(max-width: 466px) 100vw, 466px" />											
										<img width="504" height="641" src="https://finestdevs.com/demos/wp/shadepro/wp-content/uploads/2020/12/shade-v2-l1-1.png" alt="" loading="lazy" srcset="https://finestdevs.com/demos/wp/shadepro/wp-content/uploads/2020/12/shade-v2-l1-1.png 504w, https://finestdevs.com/demos/wp/shadepro/wp-content/uploads/2020/12/shade-v2-l1-1-236x300.png 236w, https://finestdevs.com/demos/wp/shadepro/wp-content/uploads/2020/12/shade-v2-l1-1-492x626.png 492w" sizes="(max-width: 504px) 100vw, 504px" />											
										<img width="292" height="87" src="https://finestdevs.com/demos/wp/shadepro/wp-content/uploads/2020/12/shade-v2-l1-3.png" alt="" loading="lazy" />											
					01
					<h4>Modern design</h4>
					<p>Create custom landing pages with Berlin that convert more visitors than any website.</p>
					02
					<h4>Easy to find</h4>
					<p>Create custom landing pages with Berlin that convert more visitors than any website.</p>
					03
					<h4>Quick booking</h4>
					<p>Create custom landing pages with Berlin that convert more visitors than any website.</p>
					<ul>
							<li>
										New feature
									</li>
						</ul>
			<h2>Explore the things you never saw.</h2>		
		<p>Create custom landing pages with Berlin that convert more visitors than any website. With lots of unique blocks, you can easily build a page without coding.</p>		
										<img width="395" height="555" src="https://finestdevs.com/demos/wp/shadepro/wp-content/uploads/2020/12/shade-v2-l1-4.png" alt="" loading="lazy" srcset="https://finestdevs.com/demos/wp/shadepro/wp-content/uploads/2020/12/shade-v2-l1-4.png 395w, https://finestdevs.com/demos/wp/shadepro/wp-content/uploads/2020/12/shade-v2-l1-4-214x300.png 214w" sizes="(max-width: 395px) 100vw, 395px" />											
										<img width="395" height="601" src="https://finestdevs.com/demos/wp/shadepro/wp-content/uploads/2020/12/shade-v2-l1-5.png" alt="" loading="lazy" srcset="https://finestdevs.com/demos/wp/shadepro/wp-content/uploads/2020/12/shade-v2-l1-5.png 395w, https://finestdevs.com/demos/wp/shadepro/wp-content/uploads/2020/12/shade-v2-l1-5-197x300.png 197w" sizes="(max-width: 395px) 100vw, 395px" />											
			<h2>Present some awesome features.</h2>		
						<svg xmlns="http://www.w3.org/2000/svg" width="24" height="26" viewBox="0 0 24 26"><g><g><g><path fill="none" stroke="#fff" stroke-linecap="round" stroke-linejoin="round" stroke-miterlimit="20" stroke-width="2" d="M21.35 12.114v0L23 13.143v0L12 20v0L1 13.143v0L2.833 12v0"></path></g><g><path fill="none" stroke="#fff" stroke-linecap="round" stroke-linejoin="round" stroke-miterlimit="20" stroke-width="2" d="M21.169 17.001v0L23 18.143v0L12 25v0L1 18.143v0L2.833 17v0"></path></g><g><path fill="none" stroke="#fff" stroke-linecap="round" stroke-linejoin="round" stroke-miterlimit="20" stroke-width="2" d="M1 7.5v0L12 1v0l11 6.5v0L12 14v0z"></path></g></g></g></svg>					
					<h4>Super Organized</h4>
					<p>Create custom landing pages with Berlin that convert more visitors than any website.</p>
						<svg xmlns="http://www.w3.org/2000/svg" width="24" height="26" viewBox="0 0 24 26"><g><g><g><path fill="none" stroke="#fff" stroke-linecap="round" stroke-linejoin="round" stroke-miterlimit="20" stroke-width="2" d="M21.35 12.114v0L23 13.143v0L12 20v0L1 13.143v0L2.833 12v0"></path></g><g><path fill="none" stroke="#fff" stroke-linecap="round" stroke-linejoin="round" stroke-miterlimit="20" stroke-width="2" d="M21.169 17.001v0L23 18.143v0L12 25v0L1 18.143v0L2.833 17v0"></path></g><g><path fill="none" stroke="#fff" stroke-linecap="round" stroke-linejoin="round" stroke-miterlimit="20" stroke-width="2" d="M1 7.5v0L12 1v0l11 6.5v0L12 14v0z"></path></g></g></g></svg>					
					<h4>Easy to Manage</h4>
					<p>Create custom landing pages with Berlin that convert more visitors than any website.</p>
			<h2>What people say about us</h2>		
		<p>Create custom landing pages with Berlin that convert more visitors than any website. With lots of unique blocks, you can easily build a page without coding.</p>		
                        <img src="https://finestdevs.com/demos/wp/shadepro/wp-content/uploads/2020/12/BG-1-1.png" title="BG (1)" alt="BG (1)" />                    
                        <img src="https://finestdevs.com/demos/wp/shadepro/wp-content/uploads/2020/12/BG-4.png" title="BG" alt="BG" />                    
                        <img src="https://finestdevs.com/demos/wp/shadepro/wp-content/uploads/2020/12/BG-3-1.png" title="BG (3)" alt="BG (3)" />                    
                        <img src="https://finestdevs.com/demos/wp/shadepro/wp-content/uploads/2020/12/BG-2.png" title="BG (2)" alt="BG (2)" />                    
                <img src="https://finestdevs.com/demos/wp/shadepro/wp-content/uploads/2020/12/iphone-xr.svg" title="iphone-xr" alt="iphone-xr" />            
			<h2>What people say about us</h2>		
		<p>Create custom landing pages with Berlin that convert more visitors than any website. With lots of unique blocks, you can easily build a page without coding.</p>		
										<img width="83" height="83" src="https://finestdevs.com/demos/wp/shadepro/wp-content/uploads/2020/12/shade-v2-l1-8.png" alt="" loading="lazy" />											
							“Amazing experience i love it a lot. Thanks to the team dreams come true, great! I really super appreciate there approach here.”
														James Patinson
																						Founder at Sandix
										<img width="83" height="83" src="https://finestdevs.com/demos/wp/shadepro/wp-content/uploads/2020/12/shade-v2-l1-7.png" alt="" loading="lazy" />											
							“Amazing experience i love it a lot. Thanks to the team dreams come true, great! I really super appreciate there approach here”
														Martin Jones
																						Digital Marketer
										<img width="137" height="137" src="https://finestdevs.com/demos/wp/shadepro/wp-content/uploads/2020/12/author-iamge.png" alt="" loading="lazy" srcset="https://finestdevs.com/demos/wp/shadepro/wp-content/uploads/2020/12/author-iamge.png 137w, https://finestdevs.com/demos/wp/shadepro/wp-content/uploads/2020/12/author-iamge-100x100.png 100w" sizes="(max-width: 137px) 100vw, 137px" />											
							“Amazing experience i love it a lot. Thanks to the team dreams come true, great! I really super appreciate there approach here”
														David Harsal
																						Product Designer
			<h2>Get started for free</h2>		
                            <a href=""  >
                    Download for Android
                                                        </a>
                            <a href=""  >
                    Download for iOS
                                                        </a>
		Tell your visitors why they should download your app.
Two lines can be enough here.		
			<figure><img width="59" height="62" src="https://finestdevs.com/demos/wp/shadepro/wp-content/uploads/2020/12/shade-v2-l1-12.png" alt="" loading="lazy" /></figure><h3>Create custom landing pages with Berlin that convert more visitors than any website.</h3>		
			<h2>Office</h2>		
		<p>359 Hidden Valley Road, NY</p>		
			<h2>Contacts</h2>		
			<h2><a href="mailto:contact@grayic.com">contact@grayic.com</a></h2>		
			© 2020 Finestdevs. All rights reserved		
					<a target="_blank" rel="noopener">
						Twitter
											</a>
					<a target="_blank" rel="noopener">
						Facebook-f
											</a>
					<a target="_blank" rel="noopener">
						Google
											</a>]]></content:encoded>
							<excerpt:encoded><![CDATA[]]></excerpt:encoded>
							<wp:post_id>6833</wp:post_id>
							<wp:post_date>2020-12-06 09:44:29</wp:post_date>
							<wp:post_date_gmt>2020-12-06 09:44:29</wp:post_date_gmt>
							<wp:comment_status>closed</wp:comment_status>
							<wp:ping_status>closed</wp:ping_status>
							<wp:post_name>mobile-app-3</wp:post_name>
							<wp:status>publish</wp:status>
							<wp:post_parent>0</wp:post_parent>
							<wp:menu_order>0</wp:menu_order>
							<wp:post_type>page</wp:post_type>
							<wp:post_password></wp:post_password>
							<wp:is_sticky>0</wp:is_sticky>
																															<wp:postmeta>
											<wp:meta_key>_wp_page_template</wp:meta_key>
											<wp:meta_value><![CDATA[page-templates/template-page-builder.php]]></wp:meta_value>
										</wp:postmeta>
																				<wp:postmeta>
											<wp:meta_key>_edit_last</wp:meta_key>
											<wp:meta_value><![CDATA[1]]></wp:meta_value>
										</wp:postmeta>
																				<wp:postmeta>
											<wp:meta_key>body_background_color</wp:meta_key>
											<wp:meta_value><![CDATA[]]></wp:meta_value>
										</wp:postmeta>
																				<wp:postmeta>
											<wp:meta_key>_body_background_color</wp:meta_key>
											<wp:meta_value><![CDATA[field_5c721ec24addf]]></wp:meta_value>
										</wp:postmeta>
																				<wp:postmeta>
											<wp:meta_key>hide_global_header</wp:meta_key>
											<wp:meta_value><![CDATA[1]]></wp:meta_value>
										</wp:postmeta>
																				<wp:postmeta>
											<wp:meta_key>_hide_global_header</wp:meta_key>
											<wp:meta_value><![CDATA[field_5f3288799a622]]></wp:meta_value>
										</wp:postmeta>
																				<wp:postmeta>
											<wp:meta_key>use_custom_logo</wp:meta_key>
											<wp:meta_value><![CDATA[0]]></wp:meta_value>
										</wp:postmeta>
																				<wp:postmeta>
											<wp:meta_key>_use_custom_logo</wp:meta_key>
											<wp:meta_value><![CDATA[field_5c718923b2115]]></wp:meta_value>
										</wp:postmeta>
																				<wp:postmeta>
											<wp:meta_key>buttons_background_color</wp:meta_key>
											<wp:meta_value><![CDATA[]]></wp:meta_value>
										</wp:postmeta>
																				<wp:postmeta>
											<wp:meta_key>_buttons_background_color</wp:meta_key>
											<wp:meta_value><![CDATA[field_5c721ec248a3d]]></wp:meta_value>
										</wp:postmeta>
																				<wp:postmeta>
											<wp:meta_key>buttons_text_color</wp:meta_key>
											<wp:meta_value><![CDATA[]]></wp:meta_value>
										</wp:postmeta>
																				<wp:postmeta>
											<wp:meta_key>_buttons_text_color</wp:meta_key>
											<wp:meta_value><![CDATA[field_5c721ed648a3e]]></wp:meta_value>
										</wp:postmeta>
																				<wp:postmeta>
											<wp:meta_key>buttons_border_color</wp:meta_key>
											<wp:meta_value><![CDATA[]]></wp:meta_value>
										</wp:postmeta>
																				<wp:postmeta>
											<wp:meta_key>_buttons_border_color</wp:meta_key>
											<wp:meta_value><![CDATA[field_5c723ccb7677b]]></wp:meta_value>
										</wp:postmeta>
																				<wp:postmeta>
											<wp:meta_key>buttons_hover_background_color</wp:meta_key>
											<wp:meta_value><![CDATA[]]></wp:meta_value>
										</wp:postmeta>
																				<wp:postmeta>
											<wp:meta_key>_buttons_hover_background_color</wp:meta_key>
											<wp:meta_value><![CDATA[field_5c72341d85272]]></wp:meta_value>
										</wp:postmeta>
																				<wp:postmeta>
											<wp:meta_key>buttons_hover_text_color</wp:meta_key>
											<wp:meta_value><![CDATA[]]></wp:meta_value>
										</wp:postmeta>
																				<wp:postmeta>
											<wp:meta_key>_buttons_hover_text_color</wp:meta_key>
											<wp:meta_value><![CDATA[field_5c7235491991b]]></wp:meta_value>
										</wp:postmeta>
																				<wp:postmeta>
											<wp:meta_key>buttons_hover_border_color</wp:meta_key>
											<wp:meta_value><![CDATA[]]></wp:meta_value>
										</wp:postmeta>
																				<wp:postmeta>
											<wp:meta_key>_buttons_hover_border_color</wp:meta_key>
											<wp:meta_value><![CDATA[field_5c7235571991c]]></wp:meta_value>
										</wp:postmeta>
																				<wp:postmeta>
											<wp:meta_key>btn2_buttons_background_color</wp:meta_key>
											<wp:meta_value><![CDATA[]]></wp:meta_value>
										</wp:postmeta>
																				<wp:postmeta>
											<wp:meta_key>_btn2_buttons_background_color</wp:meta_key>
											<wp:meta_value><![CDATA[field_5c721f1648a42]]></wp:meta_value>
										</wp:postmeta>
																				<wp:postmeta>
											<wp:meta_key>btn2_buttons_text_color</wp:meta_key>
											<wp:meta_value><![CDATA[]]></wp:meta_value>
										</wp:postmeta>
																				<wp:postmeta>
											<wp:meta_key>_btn2_buttons_text_color</wp:meta_key>
											<wp:meta_value><![CDATA[field_5c721f1f48a43]]></wp:meta_value>
										</wp:postmeta>
																				<wp:postmeta>
											<wp:meta_key>btn2_buttons_hover_background_color</wp:meta_key>
											<wp:meta_value><![CDATA[]]></wp:meta_value>
										</wp:postmeta>
																				<wp:postmeta>
											<wp:meta_key>_btn2_buttons_hover_background_color</wp:meta_key>
											<wp:meta_value><![CDATA[field_5c72341d8527244]]></wp:meta_value>
										</wp:postmeta>
																				<wp:postmeta>
											<wp:meta_key>btn2_buttons_hover_text_color</wp:meta_key>
											<wp:meta_value><![CDATA[]]></wp:meta_value>
										</wp:postmeta>
																				<wp:postmeta>
											<wp:meta_key>_btn2_buttons_hover_text_color</wp:meta_key>
											<wp:meta_value><![CDATA[field_5c7235491991b34]]></wp:meta_value>
										</wp:postmeta>
																				<wp:postmeta>
											<wp:meta_key>btn2_buttons_hover_border_color</wp:meta_key>
											<wp:meta_value><![CDATA[]]></wp:meta_value>
										</wp:postmeta>
																				<wp:postmeta>
											<wp:meta_key>_btn2_buttons_hover_border_color</wp:meta_key>
											<wp:meta_value><![CDATA[field_5c7235571991ccf]]></wp:meta_value>
										</wp:postmeta>
																				<wp:postmeta>
											<wp:meta_key>btn2_button_custom_css</wp:meta_key>
											<wp:meta_value><![CDATA[]]></wp:meta_value>
										</wp:postmeta>
																				<wp:postmeta>
											<wp:meta_key>_btn2_button_custom_css</wp:meta_key>
											<wp:meta_value><![CDATA[field_5c72342c85273]]></wp:meta_value>
										</wp:postmeta>
																				<wp:postmeta>
											<wp:meta_key>button_2_custom_css</wp:meta_key>
											<wp:meta_value><![CDATA[]]></wp:meta_value>
										</wp:postmeta>
																				<wp:postmeta>
											<wp:meta_key>_button_2_custom_css</wp:meta_key>
											<wp:meta_value><![CDATA[field_5f5e29a676d5e]]></wp:meta_value>
										</wp:postmeta>
																				<wp:postmeta>
											<wp:meta_key>hide_global_footer</wp:meta_key>
											<wp:meta_value><![CDATA[1]]></wp:meta_value>
										</wp:postmeta>
																				<wp:postmeta>
											<wp:meta_key>_hide_global_footer</wp:meta_key>
											<wp:meta_value><![CDATA[field_5b5ab66bdd531]]></wp:meta_value>
										</wp:postmeta>
																				<wp:postmeta>
											<wp:meta_key>_elementor_edit_mode</wp:meta_key>
											<wp:meta_value><![CDATA[builder]]></wp:meta_value>
										</wp:postmeta>
																				<wp:postmeta>
											<wp:meta_key>_elementor_template_type</wp:meta_key>
											<wp:meta_value><![CDATA[wp-page]]></wp:meta_value>
										</wp:postmeta>
																				<wp:postmeta>
											<wp:meta_key>_elementor_version</wp:meta_key>
											<wp:meta_value><![CDATA[3.1.1]]></wp:meta_value>
										</wp:postmeta>
																				<wp:postmeta>
											<wp:meta_key>_elementor_data</wp:meta_key>
											<wp:meta_value><![CDATA[[{"id":"efcf0ad","elType":"section","settings":{"__globals__":{"background_color":""},"layout":"full_width","gap":"no","background_color":"#F5F5F8","background_position":"bottom left","background_repeat":"no-repeat","background_size":"cover","background_background":"classic"},"elements":[{"id":"c9e517f","elType":"column","settings":{"_column_size":100,"_inline_size":null},"elements":[{"id":"358c4c2","elType":"section","settings":{"content_position":"middle","structure":"20","layout":"full_width","padding_mobile":{"unit":"px","top":"0","right":"0","bottom":"0","left":"0","isLinked":false},"padding":{"unit":"px","top":"0","right":"20","bottom":"0","left":"20","isLinked":false}},"elements":[{"id":"8e32cee","elType":"column","settings":{"_column_size":50,"_inline_size":15.7889999999999997015720509807579219341278076171875,"_inline_size_mobile":40,"_inline_size_tablet":20,"padding":{"unit":"px","top":"0","right":"0","bottom":"0","left":"0","isLinked":true}},"elements":[{"id":"bfbe200","elType":"widget","settings":[],"elements":[],"widgetType":"ama-logo"}],"isInner":true},{"id":"8b3c277","elType":"column","settings":{"_column_size":50,"_inline_size":84.2109999999999985220711096189916133880615234375,"_inline_size_tablet":80,"align":"flex-end","_inline_size_mobile":60},"elements":[{"id":"6d52d83","elType":"widget","settings":{"button_label":"Learn More","primary_menu":"main-menu","menu_align":"","use_primary_menu":"","menu_color":"#161C2D","menu_hover_color":"#258AFF","megamenu_panel_width":{"unit":"vw","size":"","sizes":[]},"megamenu_title_typography_font_size":{"unit":"px","size":13,"sizes":[]},"item_padding":{"unit":"px","top":"10","right":"20","bottom":"10","left":"10","isLinked":false},"megamenu_title_typography_typography":"custom","megamenu_title_typography_text_transform":"uppercase","megamenu_title_typography_letter_spacing":{"unit":"px","size":3,"sizes":[]},"megamenu_title_color":"#7A7A7A","_z_index":3,"__globals__":{"megamenu_title_color":"","menu_color":"","menu_hover_color":""},"_element_width":"auto","megamenu_width_type":"container","megamenu_padding":{"unit":"px","top":"25","right":"10","bottom":"25","left":"10","isLinked":false}},"elements":[],"widgetType":"shadepro-main-menu"},{"id":"48b331f","elType":"widget","settings":{"button_type":"boxed","button_label":"Download Now","button_align":"right","heading_typography_typography":"custom","heading_typography_font_family":"Inter","heading_typography_font_size":{"unit":"px","size":16,"sizes":[]},"heading_typography_font_weight":"500","heading_typography_line_height":{"unit":"em","size":1,"sizes":[]},"heading_typography_letter_spacing":{"unit":"px","size":0,"sizes":[]},"button_padding":{"unit":"px","top":"10","right":"20","bottom":"10","left":"20","isLinked":false},"_element_width":"auto","__globals__":{"heading_typography_typography":""},"hide_mobile":"hidden-phone","button_url":{"url":"https:\/\/finestdevs.com\/demos\/wp\/shadepro\/","is_external":"","nofollow":"","custom_attributes":""},"boxed_btn_color":"#FFFFFF","boxed_btn_background":"#258AFF","button_border_border":"solid","button_border_width":{"unit":"px","top":"2","right":"2","bottom":"2","left":"2","isLinked":true},"button_border_color":"#258AFF","button_radius":{"unit":"px","top":"3","right":"3","bottom":"3","left":"3","isLinked":true},"_margin":{"unit":"px","top":"0","right":"0","bottom":"0","left":"15","isLinked":false}},"elements":[],"widgetType":"shadepro-btn"}],"isInner":true}],"isInner":true},{"id":"726c958","elType":"section","settings":{"gap":"no","content_position":"top","structure":"20","reverse_order_mobile":"reverse-mobile","padding":{"unit":"px","top":"100","right":"0","bottom":"0","left":"0","isLinked":false}},"elements":[{"id":"fd57399","elType":"column","settings":{"_column_size":50,"_inline_size":null,"margin":{"unit":"px","top":"40","right":"40","bottom":"0","left":"0","isLinked":false},"margin_tablet":{"unit":"px","top":"60","right":"0","bottom":"70","left":"0","isLinked":false},"margin_mobile":{"unit":"px","top":"20","right":"10","bottom":"70","left":"10","isLinked":false}},"elements":[{"id":"5c7332a","elType":"widget","settings":{"title":"Promote your app with ShadePro landing pages.","title_color":"#000000","typography_typography":"custom","typography_font_family":"Manrope","typography_font_size":{"unit":"px","size":56,"sizes":[]},"typography_font_weight":"800","typography_line_height":{"unit":"em","size":1.3000000000000000444089209850062616169452667236328125,"sizes":[]},"typography_letter_spacing":{"unit":"px","size":-1.100000000000000088817841970012523233890533447265625,"sizes":[]},"_margin":{"unit":"px","top":"0","right":"0","bottom":"25","left":"0","isLinked":false},"typography_font_size_tablet":{"unit":"px","size":45,"sizes":[]}},"elements":[],"widgetType":"heading"},{"id":"0fd9f6b","elType":"widget","settings":{"editor":"<p>Create custom landing pages with Berlin that convert more visitors than any website.<\/p>","text_color":"#000000","typography_typography":"custom","typography_font_family":"Inter","typography_font_size":{"unit":"px","size":20,"sizes":[]},"typography_font_weight":"400","typography_line_height":{"unit":"em","size":1.6999999999999999555910790149937383830547332763671875,"sizes":[]},"_margin":{"unit":"px","top":"0","right":"40","bottom":"40","left":"0","isLinked":false}},"elements":[],"widgetType":"text-editor"},{"id":"e07f34d","elType":"widget","settings":{"button_type":"boxed","button_label":"Download for Android","icon":{"value":"fab fa-android","library":"fa-brands"},"icon_position":"before","icon_size":{"unit":"px","size":18,"sizes":[]},"icon_gap":{"unit":"px","size":12,"sizes":[]},"heading_typography_typography":"custom","heading_typography_font_family":"Inter","heading_typography_font_size":{"unit":"px","size":16,"sizes":[]},"heading_typography_font_weight":"600","boxed_btn_background":"#2780FF","button_padding":{"unit":"px","top":"18","right":"20","bottom":"18","left":"20","isLinked":false},"button_radius":{"unit":"px","top":"5","right":"5","bottom":"5","left":"5","isLinked":true},"_element_width":"auto","heading_typography_letter_spacing":{"unit":"px","size":0,"sizes":[]}},"elements":[],"widgetType":"shadepro-btn"},{"id":"6f3c220","elType":"widget","settings":{"button_type":"boxed","button_label":"Download for iOS","icon":{"value":"fab fa-apple","library":"fa-brands"},"icon_position":"before","icon_size":{"unit":"px","size":18,"sizes":[]},"icon_gap":{"unit":"px","size":12,"sizes":[]},"heading_typography_typography":"custom","heading_typography_font_family":"Inter","heading_typography_font_size":{"unit":"px","size":16,"sizes":[]},"heading_typography_font_weight":"600","boxed_btn_background":"#2780FF","button_padding":{"unit":"px","top":"18","right":"20","bottom":"18","left":"20","isLinked":false},"button_radius":{"unit":"px","top":"5","right":"5","bottom":"5","left":"5","isLinked":true},"_margin":{"unit":"px","top":"0","right":"0","bottom":"0","left":"20","isLinked":false},"_element_width":"auto","_margin_tablet":{"unit":"px","top":"15","right":"0","bottom":"0","left":"0","isLinked":false},"heading_typography_letter_spacing":{"unit":"px","size":0,"sizes":[]}},"elements":[],"widgetType":"shadepro-btn"},{"id":"40cf306","elType":"widget","settings":{"space":{"unit":"px","size":15,"sizes":[]}},"elements":[],"widgetType":"spacer"},{"id":"932443b","elType":"widget","settings":{"rating":4.5999999999999996447286321199499070644378662109375,"icon_size":{"unit":"px","size":16,"sizes":[]},"icon_space":{"unit":"px","size":4,"sizes":[]},"stars_color":"#FA8231","_element_width":"auto"},"elements":[],"widgetType":"star-rating"},{"id":"9f3e78d","elType":"widget","settings":{"title":"Trused by over 1M+ users","header_size":"span","title_color":"#535659","typography_typography":"custom","typography_font_family":"Inter","typography_font_size":{"unit":"px","size":17,"sizes":[]},"typography_font_weight":"400","typography_letter_spacing":{"unit":"px","size":-0.320000000000000006661338147750939242541790008544921875,"sizes":[]},"_margin":{"unit":"px","top":"0","right":"0","bottom":"0","left":"10","isLinked":false},"_element_width":"auto"},"elements":[],"widgetType":"heading"}],"isInner":true},{"id":"83cb5e1","elType":"column","settings":{"_column_size":50,"_inline_size":null,"align":"flex-end","margin":{"unit":"px","top":"40","right":"0","bottom":"0","left":"0","isLinked":false},"content_position_tablet":"center"},"elements":[{"id":"18a842d","elType":"widget","settings":{"image":{"url":"https:\/\/finestdevs.com\/demos\/wp\/shadepro\/wp-content\/uploads\/2020\/12\/shade-v2-l1-2.png","id":6997},"image_size":"full","align":"right","_z_index":0,"_element_width":"auto","_position":"absolute","_offset_x":{"size":0,"unit":"px"},"_offset_y":{"size":-21,"unit":"px"},"_element_width_tablet":"initial","_element_custom_width_tablet":{"unit":"px","size":308},"_offset_x_tablet":{"size":-15.986000000000000653699316899292171001434326171875,"unit":"px"},"_offset_y_tablet":{"size":25.993999999999999772626324556767940521240234375,"unit":"px"},"_animation":"zoomInRight","_animation_delay":400},"elements":[],"widgetType":"image"},{"id":"0a0c5ee","elType":"widget","settings":{"image":{"url":"https:\/\/finestdevs.com\/demos\/wp\/shadepro\/wp-content\/uploads\/2020\/12\/shade-v2-l1-1.png","id":6998},"image_size":"full","align":"right","_element_width":"auto","_animation":"slideInRight"},"elements":[],"widgetType":"image"}],"isInner":true}],"isInner":true},{"id":"20a64d8","elType":"widget","settings":{"image":{"url":"https:\/\/finestdevs.com\/demos\/wp\/shadepro\/wp-content\/uploads\/2020\/12\/shade-v2-l1-3.png","id":6999},"image_size":"full","_element_width":"auto","_position":"absolute","_offset_x":{"size":115,"unit":"px"},"_offset_orientation_v":"end","_offset_y":{"size":690,"unit":"px"},"_element_width_tablet":"initial","_element_custom_width_tablet":{"unit":"px","size":171}},"elements":[],"widgetType":"image"}],"isInner":false}],"isInner":false},{"id":"a7f39f3","elType":"section","settings":{"padding":{"unit":"px","top":"100","right":"0","bottom":"0","left":"0","isLinked":false},"padding_tablet":{"unit":"px","top":"60","right":"0","bottom":"0","left":"0","isLinked":false},"padding_mobile":{"unit":"px","top":"40","right":"0","bottom":"0","left":"0","isLinked":false}},"elements":[{"id":"6a8a281","elType":"column","settings":{"_column_size":100,"_inline_size":null},"elements":[{"id":"696fcf4","elType":"section","settings":{"structure":"30","border_border":"solid","border_width":{"unit":"px","top":"0","right":"0","bottom":"1","left":"0","isLinked":false},"border_color":"#E8E8EA","padding":{"unit":"px","top":"0","right":"0","bottom":"90","left":"0","isLinked":false},"padding_tablet":{"unit":"px","top":"0","right":"0","bottom":"65","left":"0","isLinked":false},"padding_mobile":{"unit":"px","top":"0","right":"0","bottom":"30","left":"0","isLinked":false}},"elements":[{"id":"64b83ec","elType":"column","settings":{"_column_size":33,"_inline_size":null,"animation":"fadeIn"},"elements":[{"id":"4357209","elType":"widget","settings":{"icon_type":"text","box_number":"01","title":"Modern design","description":"Create custom landing pages with Berlin that convert more visitors than any website.","button_text":"Learn more","content_align":"left","enable_icon_box":"","icon_color":"#00000026","icon_text_typo_typography":"custom","icon_text_typo_font_family":"Manrope","icon_text_typo_font_size":{"unit":"px","size":56,"sizes":[]},"icon_text_typo_font_weight":"700","space_between_icon":{"unit":"px","size":70,"sizes":[]},"title_gap":{"unit":"px","size":24,"sizes":[]},"heading_typography_typography":"custom","heading_typography_font_family":"Manrope","heading_typography_font_size":{"unit":"px","size":22,"sizes":[]},"heading_typography_font_weight":"800","description_typography_typography":"custom","description_typography_font_family":"Inter","description_typography_font_size":{"unit":"px","size":18,"sizes":[]},"description_typography_font_weight":"400","description_typography_line_height":{"unit":"em","size":1.87999999999999989341858963598497211933135986328125,"sizes":[]},"box_padding":{"unit":"px","top":"0","right":"70","bottom":"0","left":"0","isLinked":false},"box_shadow_box_shadow_type":"","desscription_color":"#323232","space_between_icon_tablet":{"unit":"px","size":50,"sizes":[]},"box_padding_tablet":{"unit":"px","top":"0","right":"0","bottom":"0","left":"0","isLinked":false},"space_between_icon_mobile":{"unit":"px","size":30,"sizes":[]},"_margin_mobile":{"unit":"px","top":"0","right":"0","bottom":"30","left":"0","isLinked":false}},"elements":[],"widgetType":"shadepro-feature-box"}],"isInner":true},{"id":"8fe5eb0","elType":"column","settings":{"_column_size":33,"_inline_size":null,"animation":"fadeIn","animation_delay":200},"elements":[{"id":"a0af043","elType":"widget","settings":{"icon_type":"text","box_number":"02","title":"Easy to find","description":"Create custom landing pages with Berlin that convert more visitors than any website.","button_text":"Learn more","content_align":"left","enable_icon_box":"","icon_color":"#00000026","icon_text_typo_typography":"custom","icon_text_typo_font_family":"Manrope","icon_text_typo_font_size":{"unit":"px","size":56,"sizes":[]},"icon_text_typo_font_weight":"700","space_between_icon":{"unit":"px","size":70,"sizes":[]},"title_gap":{"unit":"px","size":24,"sizes":[]},"heading_typography_typography":"custom","heading_typography_font_family":"Manrope","heading_typography_font_size":{"unit":"px","size":22,"sizes":[]},"heading_typography_font_weight":"800","description_typography_typography":"custom","description_typography_font_family":"Inter","description_typography_font_size":{"unit":"px","size":18,"sizes":[]},"description_typography_font_weight":"400","description_typography_line_height":{"unit":"em","size":1.87999999999999989341858963598497211933135986328125,"sizes":[]},"box_padding":{"unit":"px","top":"0","right":"70","bottom":"0","left":"0","isLinked":false},"box_shadow_box_shadow_type":"","desscription_color":"#323232","space_between_icon_tablet":{"unit":"px","size":50,"sizes":[]},"box_padding_tablet":{"unit":"px","top":"0","right":"0","bottom":"0","left":"0","isLinked":false},"space_between_icon_mobile":{"unit":"px","size":30,"sizes":[]},"_margin_mobile":{"unit":"px","top":"0","right":"0","bottom":"30","left":"0","isLinked":false}},"elements":[],"widgetType":"shadepro-feature-box"}],"isInner":true},{"id":"808b08d","elType":"column","settings":{"_column_size":33,"_inline_size":null,"animation":"fadeIn","animation_delay":300},"elements":[{"id":"2bda9f9","elType":"widget","settings":{"icon_type":"text","box_number":"03","title":"Quick booking","description":"Create custom landing pages with Berlin that convert more visitors than any website.","button_text":"Learn more","content_align":"left","enable_icon_box":"","icon_color":"#00000026","icon_text_typo_typography":"custom","icon_text_typo_font_family":"Manrope","icon_text_typo_font_size":{"unit":"px","size":56,"sizes":[]},"icon_text_typo_font_weight":"700","space_between_icon":{"unit":"px","size":70,"sizes":[]},"title_gap":{"unit":"px","size":24,"sizes":[]},"heading_typography_typography":"custom","heading_typography_font_family":"Manrope","heading_typography_font_size":{"unit":"px","size":22,"sizes":[]},"heading_typography_font_weight":"800","description_typography_typography":"custom","description_typography_font_family":"Inter","description_typography_font_size":{"unit":"px","size":18,"sizes":[]},"description_typography_font_weight":"400","description_typography_line_height":{"unit":"em","size":1.87999999999999989341858963598497211933135986328125,"sizes":[]},"box_padding":{"unit":"px","top":"0","right":"70","bottom":"0","left":"0","isLinked":false},"box_shadow_box_shadow_type":"","desscription_color":"#323232","space_between_icon_tablet":{"unit":"px","size":50,"sizes":[]},"box_padding_tablet":{"unit":"px","top":"0","right":"0","bottom":"0","left":"0","isLinked":false},"space_between_icon_mobile":{"unit":"px","size":30,"sizes":[]},"_margin_mobile":{"unit":"px","top":"0","right":"0","bottom":"30","left":"0","isLinked":false}},"elements":[],"widgetType":"shadepro-feature-box"}],"isInner":true}],"isInner":true}],"isInner":false}],"isInner":false},{"id":"58d73b1","elType":"section","settings":{"gap":"no","padding":{"unit":"px","top":"100","right":"0","bottom":"0","left":"0","isLinked":false},"padding_tablet":{"unit":"px","top":"0","right":"0","bottom":"0","left":"0","isLinked":false}},"elements":[{"id":"c08ac3a","elType":"column","settings":{"_column_size":100,"_inline_size":null},"elements":[{"id":"4e9aabc","elType":"section","settings":{"gap":"no","content_position":"middle","structure":"20","border_border":"solid","border_width":{"unit":"px","top":"0","right":"0","bottom":"1","left":"0","isLinked":false},"border_color":"#E5E5E5","padding_tablet":{"unit":"px","top":"50","right":"0","bottom":"0","left":"0","isLinked":false},"padding_mobile":{"unit":"px","top":"40","right":"0","bottom":"40","left":"0","isLinked":false},"reverse_order_mobile":"reverse-mobile"},"elements":[{"id":"ce8a4c0","elType":"column","settings":{"_column_size":50,"_inline_size":39.38600000000000278532752417959272861480712890625,"margin":{"unit":"px","top":"0","right":"0","bottom":"0","left":"0","isLinked":false},"margin_tablet":{"unit":"px","top":"0","right":"0","bottom":"0","left":"0","isLinked":false},"margin_mobile":{"unit":"px","top":"30","right":"10","bottom":"0","left":"10","isLinked":false}},"elements":[{"id":"f517fd5","elType":"widget","settings":{"icon_list":[{"text":"New feature","selected_icon":{"value":"fas fa-bolt","library":"fa-solid"},"_id":"ec325d6"}],"icon_color":"#FFFFFF","icon_size":{"unit":"px","size":12,"sizes":[]},"text_color":"#FFFFFF","text_indent":{"unit":"px","size":4,"sizes":[]},"icon_typography_typography":"custom","icon_typography_font_family":"Inter","icon_typography_font_size":{"unit":"px","size":12,"sizes":[]},"icon_typography_font_weight":"600","icon_typography_text_transform":"uppercase","_margin":{"unit":"px","top":"0","right":"0","bottom":"45","left":"0","isLinked":false},"_padding":{"unit":"px","top":"2","right":"14","bottom":"2","left":"12","isLinked":false},"_background_background":"classic","_background_color":"#F7813E","_border_radius":{"unit":"px","top":"24","right":"24","bottom":"24","left":"24","isLinked":true},"_element_width":"auto","_margin_mobile":{"unit":"px","top":"0","right":"0","bottom":"20","left":"0","isLinked":false},"__globals__":{"_background_color":""}},"elements":[],"widgetType":"icon-list"},{"id":"a321013","elType":"widget","settings":{"title":"Explore the things you never saw.","title_color":"#000000","typography_typography":"custom","typography_font_family":"Manrope","typography_font_size":{"unit":"px","size":48,"sizes":[]},"typography_font_weight":"800","typography_line_height":{"unit":"em","size":1.2141999999999999459987520822323858737945556640625,"sizes":[]},"typography_letter_spacing":{"unit":"px","size":-1.100000000000000088817841970012523233890533447265625,"sizes":[]},"_margin":{"unit":"px","top":"0","right":"0","bottom":"25","left":"0","isLinked":false},"typography_font_size_tablet":{"unit":"px","size":45,"sizes":[]}},"elements":[],"widgetType":"heading"},{"id":"f10fa94","elType":"widget","settings":{"editor":"<p>Create custom landing pages with Berlin that convert more visitors than any website. With lots of unique blocks, you can easily build a page without coding.<\/p>","text_color":"#323232","typography_typography":"custom","typography_font_family":"Inter","typography_font_size":{"unit":"px","size":18,"sizes":[]},"typography_font_weight":"400","typography_line_height":{"unit":"em","size":1.6999999999999999555910790149937383830547332763671875,"sizes":[]},"_margin":{"unit":"px","top":"0","right":"40","bottom":"40","left":"0","isLinked":false},"_margin_mobile":{"unit":"px","top":"0","right":"0","bottom":"0","left":"0","isLinked":false}},"elements":[],"widgetType":"text-editor"}],"isInner":true},{"id":"c26843e","elType":"column","settings":{"_column_size":50,"_inline_size":60.61399999999999721467247582040727138519287109375,"padding":{"unit":"px","top":"0","right":"50","bottom":"0","left":"0","isLinked":false}},"elements":[{"id":"51684b3","elType":"widget","settings":{"image":{"url":"https:\/\/finestdevs.com\/demos\/wp\/shadepro\/wp-content\/uploads\/2020\/12\/shade-v2-l1-4.png","id":7058},"align":"right","_animation":"fadeInRight"},"elements":[],"widgetType":"image"}],"isInner":true}],"isInner":true}],"isInner":false}],"isInner":false},{"id":"539e927","elType":"section","settings":{"gap":"no","padding":{"unit":"px","top":"100","right":"0","bottom":"0","left":"0","isLinked":false},"padding_tablet":{"unit":"px","top":"0","right":"0","bottom":"0","left":"0","isLinked":false},"padding_mobile":{"unit":"px","top":"50","right":"0","bottom":"0","left":"0","isLinked":false}},"elements":[{"id":"ef15dc1","elType":"column","settings":{"_column_size":100,"_inline_size":null},"elements":[{"id":"0d2c4d6","elType":"section","settings":{"gap":"no","content_position":"middle","structure":"20","border_border":"solid","border_width":{"unit":"px","top":"0","right":"0","bottom":"1","left":"0","isLinked":false},"border_color":"#E5E5E5"},"elements":[{"id":"cb40f53","elType":"column","settings":{"_column_size":50,"_inline_size":50.87700000000000244426701101474463939666748046875,"content_position_tablet":"bottom"},"elements":[{"id":"edbdbaa","elType":"widget","settings":{"image":{"url":"https:\/\/finestdevs.com\/demos\/wp\/shadepro\/wp-content\/uploads\/2020\/12\/shade-v2-l1-5.png","id":7060},"align":"left","_animation":"fadeInLeft"},"elements":[],"widgetType":"image"}],"isInner":true},{"id":"9e0f92f","elType":"column","settings":{"_column_size":50,"_inline_size":49.12299999999999755573298898525536060333251953125,"margin":{"unit":"px","top":"0","right":"0","bottom":"50","left":"66","isLinked":false},"margin_tablet":{"unit":"px","top":"70","right":"0","bottom":"50","left":"30","isLinked":false},"margin_mobile":{"unit":"px","top":"30","right":"10","bottom":"50","left":"10","isLinked":false}},"elements":[{"id":"2087e69","elType":"widget","settings":{"title":"Present some awesome features.","title_color":"#000000","typography_typography":"custom","typography_font_family":"Manrope","typography_font_size":{"unit":"px","size":48,"sizes":[]},"typography_font_weight":"800","typography_line_height":{"unit":"em","size":1.2141999999999999459987520822323858737945556640625,"sizes":[]},"typography_letter_spacing":{"unit":"px","size":-1.100000000000000088817841970012523233890533447265625,"sizes":[]},"_margin":{"unit":"px","top":"0","right":"0","bottom":"70","left":"0","isLinked":false},"typography_font_size_tablet":{"unit":"px","size":45,"sizes":[]}},"elements":[],"widgetType":"heading"},{"id":"ad2580c","elType":"widget","settings":{"icon":{"value":{"url":"https:\/\/finestdevs.com\/demos\/wp\/shadepro\/wp-content\/uploads\/2020\/12\/shade-v2-l1-6.svg","id":7065},"library":"svg"},"title":"Super Organized","description":"Create custom landing pages with Berlin that convert more visitors than any website.","icon_background":"#2780FF","change_icon_color":"yes","icon_size":{"unit":"px","size":22,"sizes":[]},"icon_box_size":{"unit":"px","size":55,"sizes":[]},"icon_border_radius":{"unit":"%","top":"55","right":"55","bottom":"55","left":"55","isLinked":true},"title_gap":{"unit":"px","size":12,"sizes":[]},"heading_typography_typography":"custom","heading_typography_font_family":"Manrope","heading_typography_font_size":{"unit":"px","size":22,"sizes":[]},"heading_typography_font_weight":"700","heading_typography_line_height":{"unit":"em","size":1.5449999999999999289457264239899814128875732421875,"sizes":[]},"description_typography_typography":"custom","description_typography_font_family":"Inter","description_typography_font_size":{"unit":"px","size":18,"sizes":[]},"description_typography_font_weight":"400","description_typography_line_height":{"unit":"em","size":1.87999999999999989341858963598497211933135986328125,"sizes":[]},"description_color":"#323232","_margin":{"unit":"px","top":"0","right":"0","bottom":"30","left":"0","isLinked":false}},"elements":[],"widgetType":"shadepro-inline-icon-box"},{"id":"24bbadb","elType":"widget","settings":{"icon":{"value":{"url":"https:\/\/finestdevs.com\/demos\/wp\/shadepro\/wp-content\/uploads\/2020\/12\/shade-v2-l1-6.svg","id":7065},"library":"svg"},"title":"Easy to Manage","description":"Create custom landing pages with Berlin that convert more visitors than any website.","icon_background":"#2780FF","change_icon_color":"yes","icon_size":{"unit":"px","size":22,"sizes":[]},"icon_box_size":{"unit":"px","size":55,"sizes":[]},"icon_border_radius":{"unit":"%","top":"55","right":"55","bottom":"55","left":"55","isLinked":true},"title_gap":{"unit":"px","size":12,"sizes":[]},"heading_typography_typography":"custom","heading_typography_font_family":"Manrope","heading_typography_font_size":{"unit":"px","size":22,"sizes":[]},"heading_typography_font_weight":"700","heading_typography_line_height":{"unit":"em","size":1.5449999999999999289457264239899814128875732421875,"sizes":[]},"description_typography_typography":"custom","description_typography_font_family":"Inter","description_typography_font_size":{"unit":"px","size":18,"sizes":[]},"description_typography_font_weight":"400","description_typography_line_height":{"unit":"em","size":1.87999999999999989341858963598497211933135986328125,"sizes":[]},"description_color":"#323232","_margin":{"unit":"px","top":"0","right":"0","bottom":"30","left":"0","isLinked":false}},"elements":[],"widgetType":"shadepro-inline-icon-box"}],"isInner":true}],"isInner":true}],"isInner":false}],"isInner":false},{"id":"9640bb0","elType":"section","settings":{"background_background":"classic","background_color":"#222D3D","layout":"full_width","gap":"no","stretch_section":"section-stretched","padding":{"unit":"px","top":"100","right":"0","bottom":"170","left":"0","isLinked":false},"padding_tablet":{"unit":"px","top":"60","right":"0","bottom":"150","left":"0","isLinked":false}},"elements":[{"id":"3f60f75","elType":"column","settings":{"_column_size":100,"_inline_size":null},"elements":[{"id":"47e5551","elType":"section","settings":{"content_width":{"unit":"px","size":787,"sizes":[]},"background_color":"#222D3D","padding":{"unit":"px","top":"0","right":"0","bottom":"60","left":"0","isLinked":false},"padding_tablet":{"unit":"px","top":"0","right":"0","bottom":"30","left":"0","isLinked":false}},"elements":[{"id":"86b8566","elType":"column","settings":{"_column_size":100,"_inline_size":null},"elements":[{"id":"65044b4","elType":"widget","settings":{"title":"What people say about us","align":"center","title_color":"#FFFFFF","typography_typography":"custom","typography_font_family":"Manrope","typography_font_size":{"unit":"px","size":48,"sizes":[]},"typography_font_weight":"800","typography_line_height":{"unit":"em","size":1.2173000000000000486721773995668627321720123291015625,"sizes":[]},"typography_letter_spacing":{"unit":"px","size":-0.340000000000000024424906541753443889319896697998046875,"sizes":[]},"_margin":{"unit":"px","top":"0","right":"0","bottom":"30","left":"0","isLinked":false},"typography_font_size_mobile":{"unit":"px","size":38,"sizes":[]}},"elements":[],"widgetType":"heading"},{"id":"c531cc4","elType":"widget","settings":{"editor":"<p>Create custom landing pages with Berlin that convert more visitors than any website. With lots of unique blocks, you can easily build a page without coding.<\/p>","text_color":"#DBE4F1","typography_typography":"custom","typography_font_family":"Inter","typography_font_size":{"unit":"px","size":18,"sizes":[]},"typography_font_weight":"400","typography_line_height":{"unit":"em","size":1.6999999999999999555910790149937383830547332763671875,"sizes":[]},"_margin":{"unit":"px","top":"0","right":"40","bottom":"0","left":"0","isLinked":false},"align":"center","_margin_mobile":{"unit":"px","top":"0","right":"0","bottom":"0","left":"0","isLinked":false}},"elements":[],"widgetType":"text-editor"}],"isInner":true}],"isInner":true},{"id":"52cb9df","elType":"widget","settings":{"testimonial_lists":[{"thumbail":{"url":"https:\/\/finestdevs.com\/demos\/wp\/shadepro\/wp-content\/plugins\/elementor\/assets\/images\/placeholder.png"},"_id":"c087176","image":{"url":"https:\/\/finestdevs.com\/demos\/wp\/shadepro\/wp-content\/uploads\/2020\/12\/BG-1-1.png","id":7184}},{"thumbail":{"url":"https:\/\/finestdevs.com\/demos\/wp\/shadepro\/wp-content\/plugins\/elementor\/assets\/images\/placeholder.png"},"image":{"url":"https:\/\/finestdevs.com\/demos\/wp\/shadepro\/wp-content\/uploads\/2020\/12\/BG-4.png","id":7297},"_id":"da1c154"},{"thumbail":{"url":"https:\/\/finestdevs.com\/demos\/wp\/shadepro\/wp-content\/plugins\/elementor\/assets\/images\/placeholder.png"},"image":{"url":"https:\/\/finestdevs.com\/demos\/wp\/shadepro\/wp-content\/uploads\/2020\/12\/BG-3-1.png","id":7298},"_id":"5a6dff6"},{"thumbail":{"url":"https:\/\/finestdevs.com\/demos\/wp\/shadepro\/wp-content\/plugins\/elementor\/assets\/images\/placeholder.png"},"image":{"url":"https:\/\/finestdevs.com\/demos\/wp\/shadepro\/wp-content\/uploads\/2020\/12\/BG-2.png","id":7296},"_id":"fc78140"}],"frame_image":{"url":"https:\/\/finestdevs.com\/demos\/wp\/shadepro\/wp-content\/uploads\/2020\/12\/iphone-xr.svg","id":7197},"tes_per_coulmn":"3","arrow_x_position":{"unit":"%","size":26,"sizes":[]},"dots_y_position":{"unit":"px","size":-94,"sizes":[]},"autoplaytimeout":"1000","dots_y_position_tablet":{"unit":"px","size":-77,"sizes":[]},"_animation":"fadeInUp"},"elements":[],"widgetType":"shadepro-image-carousel"}],"isInner":false}],"isInner":false},{"id":"4e0ef59","elType":"section","settings":{"padding":{"unit":"px","top":"80","right":"0","bottom":"100","left":"0","isLinked":false},"padding_tablet":{"unit":"px","top":"60","right":"0","bottom":"60","left":"0","isLinked":false},"padding_mobile":{"unit":"px","top":"30","right":"0","bottom":"40","left":"0","isLinked":false}},"elements":[{"id":"1cfc445","elType":"column","settings":{"_column_size":100,"_inline_size":null},"elements":[{"id":"3c37ef2","elType":"section","settings":{"content_width":{"unit":"px","size":787,"sizes":[]}},"elements":[{"id":"030bb29","elType":"column","settings":{"_column_size":100,"_inline_size":null},"elements":[{"id":"c94cc53","elType":"widget","settings":{"title":"What people say about us","align":"center","title_color":"#000000","typography_typography":"custom","typography_font_family":"Manrope","typography_font_size":{"unit":"px","size":48,"sizes":[]},"typography_font_weight":"800","typography_line_height":{"unit":"em","size":1.2141999999999999459987520822323858737945556640625,"sizes":[]},"typography_letter_spacing":{"unit":"px","size":-1.100000000000000088817841970012523233890533447265625,"sizes":[]},"_margin":{"unit":"px","top":"0","right":"0","bottom":"25","left":"0","isLinked":false},"typography_font_size_tablet":{"unit":"px","size":45,"sizes":[]}},"elements":[],"widgetType":"heading"},{"id":"7383773","elType":"widget","settings":{"editor":"<p>Create custom landing pages with Berlin that convert more visitors than any website. With lots of unique blocks, you can easily build a page without coding.<\/p>","text_color":"#323232","typography_typography":"custom","typography_font_family":"Inter","typography_font_size":{"unit":"px","size":18,"sizes":[]},"typography_font_weight":"400","typography_line_height":{"unit":"em","size":1.6999999999999999555910790149937383830547332763671875,"sizes":[]},"_margin":{"unit":"px","top":"0","right":"40","bottom":"60","left":"0","isLinked":false},"align":"center","_margin_mobile":{"unit":"px","top":"0","right":"0","bottom":"0","left":"0","isLinked":false}},"elements":[],"widgetType":"text-editor"}],"isInner":true}],"isInner":true},{"id":"52d8c71","elType":"section","settings":{"structure":"30","animation":"pulse"},"elements":[{"id":"697103c","elType":"column","settings":{"_column_size":33,"_inline_size":33,"margin":{"unit":"px","top":"0","right":"30","bottom":"0","left":"0","isLinked":false},"margin_tablet":{"unit":"px","top":"0","right":"0","bottom":"0","left":"0","isLinked":false}},"elements":[{"id":"bb153b2","elType":"widget","settings":{"image":{"url":"https:\/\/finestdevs.com\/demos\/wp\/shadepro\/wp-content\/uploads\/2020\/12\/shade-v2-l1-8.png","id":7080},"image_size":"full","align":"left","width":{"unit":"px","size":80,"sizes":[]},"_margin":{"unit":"px","top":"0","right":"0","bottom":"40","left":"0","isLinked":false}},"elements":[],"widgetType":"image"},{"id":"3d9ef2b","elType":"widget","settings":{"testimonial_content":"\u201cAmazing experience i love it a lot. Thanks to the team dreams come true, great! I really super appreciate there approach here.\u201d","testimonial_image":{"url":"","id":""},"testimonial_name":"James Patinson","testimonial_job":"Founder at Sandix","testimonial_alignment":"left","content_content_color":"#000000","content_typography_typography":"custom","content_typography_font_family":"Inter","content_typography_font_size":{"unit":"px","size":18,"sizes":[]},"content_typography_font_weight":"400","content_typography_line_height":{"unit":"em","size":1.6999999999999999555910790149937383830547332763671875,"sizes":[]},"name_text_color":"#000000","name_typography_typography":"custom","name_typography_font_family":"Manrope","name_typography_font_size":{"unit":"px","size":18,"sizes":[]},"name_typography_font_weight":"700","job_text_color":"#323232","job_typography_typography":"custom","job_typography_font_family":"Inter","job_typography_font_size":{"unit":"px","size":15,"sizes":[]},"job_typography_font_weight":"400","counter_gap":{"unit":"px","size":34,"sizes":[]},"name_gap":{"unit":"px","size":8,"sizes":[]}},"elements":[],"widgetType":"testimonial"}],"isInner":true},{"id":"3e82de0","elType":"column","settings":{"_column_size":33,"_inline_size":33.28399999999999891997504164464771747589111328125,"margin":{"unit":"px","top":"0","right":"30","bottom":"0","left":"0","isLinked":false},"margin_tablet":{"unit":"px","top":"0","right":"0","bottom":"0","left":"0","isLinked":false}},"elements":[{"id":"990c9bf","elType":"widget","settings":{"image":{"url":"https:\/\/finestdevs.com\/demos\/wp\/shadepro\/wp-content\/uploads\/2020\/12\/shade-v2-l1-7.png","id":7079},"image_size":"full","align":"left","width":{"unit":"px","size":80,"sizes":[]},"_margin":{"unit":"px","top":"0","right":"0","bottom":"40","left":"0","isLinked":false}},"elements":[],"widgetType":"image"},{"id":"85d02a2","elType":"widget","settings":{"testimonial_content":"\u201cAmazing experience i love it a lot. Thanks to the team dreams come true, great! I really super appreciate there approach here\u201d","testimonial_image":{"url":"","id":""},"testimonial_name":"Martin Jones","testimonial_job":"Digital Marketer","testimonial_alignment":"left","content_content_color":"#000000","content_typography_typography":"custom","content_typography_font_family":"Inter","content_typography_font_size":{"unit":"px","size":18,"sizes":[]},"content_typography_font_weight":"400","content_typography_line_height":{"unit":"em","size":1.6999999999999999555910790149937383830547332763671875,"sizes":[]},"name_text_color":"#000000","name_typography_typography":"custom","name_typography_font_family":"Manrope","name_typography_font_size":{"unit":"px","size":18,"sizes":[]},"name_typography_font_weight":"700","job_text_color":"#323232","job_typography_typography":"custom","job_typography_font_family":"Inter","job_typography_font_size":{"unit":"px","size":15,"sizes":[]},"job_typography_font_weight":"400","counter_gap":{"unit":"px","size":34,"sizes":[]},"name_gap":{"unit":"px","size":8,"sizes":[]}},"elements":[],"widgetType":"testimonial"}],"isInner":true},{"id":"c13936d","elType":"column","settings":{"_column_size":33,"_inline_size":33,"margin":{"unit":"px","top":"0","right":"23","bottom":"0","left":"0","isLinked":false},"margin_tablet":{"unit":"px","top":"0","right":"0","bottom":"0","left":"0","isLinked":false}},"elements":[{"id":"57b5a0e","elType":"widget","settings":{"image":{"url":"https:\/\/finestdevs.com\/demos\/wp\/shadepro\/wp-content\/uploads\/2020\/12\/author-iamge.png","id":6861},"image_size":"full","align":"left","width":{"unit":"px","size":80,"sizes":[]},"_margin":{"unit":"px","top":"0","right":"0","bottom":"40","left":"0","isLinked":false}},"elements":[],"widgetType":"image"},{"id":"6a8b5df","elType":"widget","settings":{"testimonial_content":"\u201cAmazing experience i love it a lot. Thanks to the team dreams come true, great! I really super appreciate there approach here\u201d","testimonial_image":{"url":"","id":""},"testimonial_name":"David Harsal","testimonial_job":"Product Designer","testimonial_alignment":"left","content_content_color":"#000000","content_typography_typography":"custom","content_typography_font_family":"Inter","content_typography_font_size":{"unit":"px","size":18,"sizes":[]},"content_typography_font_weight":"400","content_typography_line_height":{"unit":"em","size":1.6999999999999999555910790149937383830547332763671875,"sizes":[]},"name_text_color":"#000000","name_typography_typography":"custom","name_typography_font_family":"Manrope","name_typography_font_size":{"unit":"px","size":18,"sizes":[]},"name_typography_font_weight":"700","job_text_color":"#323232","job_typography_typography":"custom","job_typography_font_family":"Inter","job_typography_font_size":{"unit":"px","size":15,"sizes":[]},"job_typography_font_weight":"400","counter_gap":{"unit":"px","size":34,"sizes":[]},"name_gap":{"unit":"px","size":8,"sizes":[]}},"elements":[],"widgetType":"testimonial"}],"isInner":true}],"isInner":true}],"isInner":false}],"isInner":false},{"id":"939f116","elType":"section","settings":{"background_background":"classic","background_image":{"url":"https:\/\/finestdevs.com\/demos\/wp\/shadepro\/wp-content\/uploads\/2020\/12\/shade-v2-l1-9.png","id":7087},"background_overlay_background":"classic","background_overlay_image":{"url":"https:\/\/finestdevs.com\/demos\/wp\/shadepro\/wp-content\/uploads\/2020\/12\/shade-v2-l1-10.png","id":7088},"background_overlay_position":"initial","background_overlay_xpos":{"unit":"%","size":13,"sizes":[]},"background_overlay_ypos":{"unit":"%","size":100,"sizes":[]},"background_overlay_repeat":"no-repeat","background_overlay_opacity":{"unit":"px","size":1,"sizes":[]},"padding":{"unit":"px","top":"89","right":"0","bottom":"80","left":"0","isLinked":false},"padding_tablet":{"unit":"px","top":"60","right":"0","bottom":"70","left":"0","isLinked":false},"padding_mobile":{"unit":"px","top":"40","right":"0","bottom":"70","left":"0","isLinked":false}},"elements":[{"id":"1f30b09","elType":"column","settings":{"_column_size":100,"_inline_size":null},"elements":[{"id":"952000b","elType":"section","settings":{"content_width":{"unit":"px","size":617,"sizes":[]},"padding":{"unit":"px","top":"0","right":"0","bottom":"0","left":"0","isLinked":false},"animation":"fadeInUp"},"elements":[{"id":"a9d7ef6","elType":"column","settings":{"_column_size":100,"_inline_size":null,"align":"center"},"elements":[{"id":"1b8acb1","elType":"widget","settings":{"view":"stacked","primary_color":"#FFFFFF","secondary_color":"#2780FF","size":{"unit":"px","size":23,"sizes":[]},"icon_padding":{"unit":"px","size":30,"sizes":[]},"_margin":{"unit":"px","top":"0","right":"0","bottom":"30","left":"0","isLinked":false},"_margin_mobile":{"unit":"px","top":"0","right":"0","bottom":"20","left":"0","isLinked":false}},"elements":[],"widgetType":"icon"},{"id":"ba578a9","elType":"widget","settings":{"title":"Get started for free","align":"center","title_color":"#161C2D","typography_typography":"custom","typography_font_family":"Manrope","typography_font_size":{"unit":"px","size":48,"sizes":[]},"typography_font_weight":"700","typography_line_height":{"unit":"em","size":1.2173000000000000486721773995668627321720123291015625,"sizes":[]},"typography_letter_spacing":{"unit":"px","size":-0.340000000000000024424906541753443889319896697998046875,"sizes":[]},"_margin":{"unit":"px","top":"0","right":"0","bottom":"40","left":"0","isLinked":false},"typography_font_size_mobile":{"unit":"px","size":38,"sizes":[]}},"elements":[],"widgetType":"heading"},{"id":"0a515ab","elType":"widget","settings":{"button_type":"boxed","button_label":"Download for Android","icon":{"value":"fab fa-android","library":"fa-brands"},"icon_position":"before","icon_size":{"unit":"px","size":18,"sizes":[]},"icon_gap":{"unit":"px","size":12,"sizes":[]},"heading_typography_typography":"custom","heading_typography_font_family":"Inter","heading_typography_font_size":{"unit":"px","size":16,"sizes":[]},"heading_typography_font_weight":"600","boxed_btn_background":"#2780FF","button_padding":{"unit":"px","top":"18","right":"20","bottom":"18","left":"20","isLinked":false},"button_radius":{"unit":"px","top":"5","right":"5","bottom":"5","left":"5","isLinked":true},"_element_width":"auto","heading_typography_letter_spacing":{"unit":"px","size":0,"sizes":[]}},"elements":[],"widgetType":"shadepro-btn"},{"id":"eddc028","elType":"widget","settings":{"button_type":"boxed","button_label":"Download for iOS","icon":{"value":"fab fa-apple","library":"fa-brands"},"icon_position":"before","icon_size":{"unit":"px","size":18,"sizes":[]},"icon_gap":{"unit":"px","size":12,"sizes":[]},"heading_typography_typography":"custom","heading_typography_font_family":"Inter","heading_typography_font_size":{"unit":"px","size":16,"sizes":[]},"heading_typography_font_weight":"600","boxed_btn_background":"#2780FF","button_padding":{"unit":"px","top":"18","right":"20","bottom":"18","left":"20","isLinked":false},"button_radius":{"unit":"px","top":"5","right":"5","bottom":"5","left":"5","isLinked":true},"_margin":{"unit":"px","top":"0","right":"0","bottom":"0","left":"20","isLinked":false},"_element_width":"auto","heading_typography_letter_spacing":{"unit":"px","size":0,"sizes":[]},"_margin_tablet":{"unit":"px","top":"15","right":"0","bottom":"0","left":"0","isLinked":false}},"elements":[],"widgetType":"shadepro-btn"},{"id":"752bd87","elType":"widget","settings":{"editor":"Tell your visitors why they should download your app.\nTwo lines can be enough here.","align":"center","text_color":"#676C72","typography_typography":"custom","typography_font_family":"Inter","typography_font_size":{"unit":"px","size":16,"sizes":[]},"typography_font_weight":"400","typography_line_height":{"unit":"em","size":1.75,"sizes":[]},"_padding":{"unit":"px","top":"35","right":"80","bottom":"0","left":"80","isLinked":false},"_padding_mobile":{"unit":"px","top":"20","right":"0","bottom":"0","left":"0","isLinked":false}},"elements":[],"widgetType":"text-editor"}],"isInner":true}],"isInner":true}],"isInner":false}],"isInner":false},{"id":"45ebb06","elType":"section","settings":{"padding":{"unit":"px","top":"70","right":"0","bottom":"0","left":"0","isLinked":false},"padding_tablet":{"unit":"px","top":"60","right":"0","bottom":"0","left":"0","isLinked":false}},"elements":[{"id":"2b67a1d","elType":"column","settings":{"_column_size":100,"_inline_size":null},"elements":[{"id":"f1be053","elType":"section","settings":{"structure":"40","padding":{"unit":"px","top":"0","right":"0","bottom":"80","left":"0","isLinked":false},"padding_tablet":{"unit":"px","top":"0","right":"0","bottom":"40","left":"0","isLinked":false}},"elements":[{"id":"7238855","elType":"column","settings":{"_column_size":25,"_inline_size":35.625},"elements":[{"id":"27e5a18","elType":"widget","settings":{"image":{"url":"https:\/\/finestdevs.com\/demos\/wp\/shadepro\/wp-content\/uploads\/2020\/12\/shade-v2-l1-12.png","id":7133},"title_text":"Create custom landing pages with Berlin that convert more visitors than any website.","description_text":"","position":"left","image_space":{"unit":"px","size":38,"sizes":[]},"image_size":{"unit":"%","size":"","sizes":[]},"title_color":"#000000","title_typography_typography":"custom","title_typography_font_family":"Inter","title_typography_font_size":{"unit":"px","size":18,"sizes":[]},"title_typography_font_weight":"400","title_typography_line_height":{"unit":"em","size":1.7769999999999999129585148693877272307872772216796875,"sizes":[]},"image_space_tablet":{"unit":"px","size":21,"sizes":[]},"image_margin_mobile":{"unit":"px","top":"0","right":"0","bottom":"9","left":"0","isLinked":false}},"elements":[],"widgetType":"image-box"}],"isInner":true},{"id":"934b122","elType":"column","settings":{"_column_size":25,"_inline_size":21.78600000000000136424205265939235687255859375},"elements":[],"isInner":true},{"id":"7eb4b87","elType":"column","settings":{"_column_size":25,"_inline_size":23.303999999999998493649400188587605953216552734375,"margin":{"unit":"px","top":"0","right":"40","bottom":"0","left":"0","isLinked":false},"margin_tablet":{"unit":"px","top":"0","right":"0","bottom":"0","left":"0","isLinked":false}},"elements":[{"id":"2e30e52","elType":"widget","settings":{"title":"Office","title_color":"#000000","typography_typography":"custom","typography_font_family":"Inter","typography_font_size":{"unit":"px","size":18,"sizes":[]},"typography_font_weight":"700","_margin":{"unit":"px","top":"0","right":"0","bottom":"16","left":"0","isLinked":false},"align_mobile":"center"},"elements":[],"widgetType":"heading"},{"id":"89b20a0","elType":"widget","settings":{"editor":"<p>359 Hidden Valley Road, NY<\/p>","align":"left","text_color":"#323232","typography_typography":"custom","typography_font_family":"Inter","typography_font_size":{"unit":"px","size":18,"sizes":[]},"typography_font_weight":"400","typography_line_height":{"unit":"em","size":1.6999999999999999555910790149937383830547332763671875,"sizes":[]},"align_mobile":"center"},"elements":[],"widgetType":"text-editor"}],"isInner":true},{"id":"49aad9d","elType":"column","settings":{"_column_size":25,"_inline_size":19.129999999999999005240169935859739780426025390625},"elements":[{"id":"772c39a","elType":"widget","settings":{"title":"Contacts","title_color":"#000000","typography_typography":"custom","typography_font_family":"Inter","typography_font_size":{"unit":"px","size":18,"sizes":[]},"typography_font_weight":"700","_margin":{"unit":"px","top":"0","right":"0","bottom":"16","left":"0","isLinked":false},"align_mobile":"center"},"elements":[],"widgetType":"heading"},{"id":"489ce7c","elType":"widget","settings":{"title":"contact@grayic.com","link":{"url":"mailto:contact@grayic.com","is_external":"","nofollow":"","custom_attributes":""},"align":"left","typography_typography":"custom","typography_font_family":"Inter","typography_font_size":{"unit":"px","size":18,"sizes":[]},"typography_font_weight":"400","typography_line_height":{"unit":"em","size":1.6999999999999999555910790149937383830547332763671875,"sizes":[]},"align_mobile":"center","title_color":"#161C2D"},"elements":[],"widgetType":"heading"}],"isInner":true}],"isInner":true},{"id":"bae32d3","elType":"section","settings":{"structure":"20"},"elements":[{"id":"f1393e9","elType":"column","settings":{"_column_size":50,"_inline_size":null},"elements":[{"id":"1eefee9","elType":"widget","settings":{"title":"\u00a9 2020 Finestdevs. All rights reserved","header_size":"span","title_color":"#000000A3","typography_typography":"custom","typography_font_family":"Inter","typography_font_size":{"unit":"px","size":14,"sizes":[]},"typography_font_weight":"400","align_mobile":"center"},"elements":[],"widgetType":"heading"}],"isInner":true},{"id":"a12e03d","elType":"column","settings":{"_column_size":50,"_inline_size":null},"elements":[{"id":"1713d10","elType":"widget","settings":{"social_icon_list":[{"social_icon":{"value":"fab fa-twitter","library":"fa-brands"},"_id":"a8b4d85","item_icon_color":"custom","item_icon_primary_color":"#ECECEC"},{"social_icon":{"value":"fab fa-facebook-f","library":"fa-brands"},"_id":"9666352","item_icon_color":"custom","item_icon_primary_color":"#ECECEC"},{"social_icon":{"value":"fab fa-google","library":"fa-brands"},"_id":"ca3df7e","item_icon_color":"custom","item_icon_primary_color":"#ECECEC"}],"align":"right","icon_color":"custom","icon_primary_color":"#6B474700","icon_secondary_color":"#000000","icon_size":{"unit":"px","size":13,"sizes":[]},"align_mobile":"center","shape":"circle","icon_padding":{"unit":"em","size":0.59999999999999997779553950749686919152736663818359375,"sizes":[]},"icon_spacing":{"unit":"px","size":11,"sizes":[]}},"elements":[],"widgetType":"social-icons"}],"isInner":true}],"isInner":true}],"isInner":false}],"isInner":false}] ]]></wp:meta_value>
										</wp:postmeta>
																				<wp:postmeta>
											<wp:meta_key>_elementor_controls_usage</wp:meta_key>
											<wp:meta_value><![CDATA[a:18:{s:8:"ama-logo";a:3:{s:5:"count";i:1;s:15:"control_percent";i:0;s:8:"controls";a:0:{}}s:6:"column";a:3:{s:5:"count";i:31;s:15:"control_percent";i:0;s:8:"controls";a:2:{s:6:"layout";a:1:{s:6:"layout";a:5:{s:12:"_inline_size";i:31;s:19:"_inline_size_mobile";i:2;s:19:"_inline_size_tablet";i:2;s:5:"align";i:3;s:23:"content_position_tablet";i:2;}}s:8:"advanced";a:2:{s:16:"section_advanced";a:4:{s:7:"padding";i:2;s:6:"margin";i:8;s:13:"margin_tablet";i:7;s:13:"margin_mobile";i:3;}s:15:"section_effects";a:2:{s:9:"animation";i:3;s:15:"animation_delay";i:2;}}}}s:18:"shadepro-main-menu";a:3:{s:5:"count";i:1;s:15:"control_percent";i:5;s:8:"controls";a:3:{s:7:"content";a:1:{s:7:"general";a:2:{s:12:"primary_menu";i:1;s:10:"menu_align";i:1;}}s:5:"style";a:2:{s:10:"menu_style";a:3:{s:10:"menu_color";i:1;s:16:"menu_hover_color";i:1;s:12:"item_padding";i:1;}s:14:"megamenu_style";a:8:{s:20:"megamenu_panel_width";i:1;s:35:"megamenu_title_typography_font_size";i:1;s:36:"megamenu_title_typography_typography";i:1;s:40:"megamenu_title_typography_text_transform";i:1;s:40:"megamenu_title_typography_letter_spacing";i:1;s:20:"megamenu_title_color";i:1;s:19:"megamenu_width_type";i:1;s:16:"megamenu_padding";i:1;}}s:8:"advanced";a:2:{s:14:"_section_style";a:1:{s:8:"_z_index";i:1;}s:17:"_section_position";a:1:{s:14:"_element_width";i:1;}}}}s:12:"shadepro-btn";a:3:{s:5:"count";i:5;s:15:"control_percent";i:7;s:8:"controls";a:3:{s:7:"content";a:1:{s:6:"button";a:6:{s:11:"button_type";i:5;s:12:"button_label";i:5;s:12:"button_align";i:1;s:10:"button_url";i:1;s:4:"icon";i:4;s:13:"icon_position";i:4;}}s:5:"style";a:2:{s:12:"button_style";a:13:{s:29:"heading_typography_typography";i:5;s:30:"heading_typography_font_family";i:5;s:28:"heading_typography_font_size";i:5;s:30:"heading_typography_font_weight";i:5;s:30:"heading_typography_line_height";i:1;s:33:"heading_typography_letter_spacing";i:5;s:14:"button_padding";i:5;s:15:"boxed_btn_color";i:1;s:20:"boxed_btn_background";i:5;s:20:"button_border_border";i:1;s:19:"button_border_width";i:1;s:19:"button_border_color";i:1;s:13:"button_radius";i:5;}s:10:"icon_style";a:2:{s:9:"icon_size";i:4;s:8:"icon_gap";i:4;}}s:8:"advanced";a:3:{s:17:"_section_position";a:1:{s:14:"_element_width";i:5;}s:19:"_section_responsive";a:1:{s:11:"hide_mobile";i:1;}s:14:"_section_style";a:2:{s:7:"_margin";i:3;s:14:"_margin_tablet";i:2;}}}}s:7:"section";a:3:{s:5:"count";i:19;s:15:"control_percent";i:1;s:8:"controls";a:3:{s:6:"layout";a:2:{s:14:"section_layout";a:5:{s:16:"content_position";i:4;s:6:"layout";i:3;s:3:"gap";i:7;s:13:"content_width";i:3;s:15:"stretch_section";i:1;}s:17:"section_structure";a:1:{s:9:"structure";i:8;}}s:8:"advanced";a:3:{s:16:"section_advanced";a:3:{s:14:"padding_mobile";i:7;s:7:"padding";i:13;s:14:"padding_tablet";i:11;}s:19:"_section_responsive";a:1:{s:20:"reverse_order_mobile";i:2;}s:15:"section_effects";a:1:{s:9:"animation";i:2;}}s:5:"style";a:3:{s:18:"section_background";a:6:{s:16:"background_color";i:3;s:19:"background_position";i:1;s:17:"background_repeat";i:1;s:15:"background_size";i:1;s:21:"background_background";i:3;s:16:"background_image";i:1;}s:14:"section_border";a:3:{s:13:"border_border";i:3;s:12:"border_width";i:3;s:12:"border_color";i:3;}s:26:"section_background_overlay";a:7:{s:29:"background_overlay_background";i:1;s:24:"background_overlay_image";i:1;s:27:"background_overlay_position";i:1;s:23:"background_overlay_xpos";i:1;s:23:"background_overlay_ypos";i:1;s:25:"background_overlay_repeat";i:1;s:26:"background_overlay_opacity";i:1;}}}}s:7:"heading";a:3:{s:5:"count";i:11;s:15:"control_percent";i:4;s:8:"controls";a:3:{s:7:"content";a:1:{s:13:"section_title";a:5:{s:5:"title";i:11;s:11:"header_size";i:2;s:5:"align";i:4;s:12:"align_mobile";i:4;s:4:"link";i:1;}}s:5:"style";a:1:{s:19:"section_title_style";a:9:{s:11:"title_color";i:11;s:21:"typography_typography";i:11;s:22:"typography_font_family";i:11;s:20:"typography_font_size";i:11;s:22:"typography_font_weight";i:11;s:22:"typography_line_height";i:7;s:25:"typography_letter_spacing";i:7;s:27:"typography_font_size_tablet";i:4;s:27:"typography_font_size_mobile";i:2;}}s:8:"advanced";a:2:{s:14:"_section_style";a:1:{s:7:"_margin";i:9;}s:17:"_section_position";a:1:{s:14:"_element_width";i:1;}}}}s:11:"text-editor";a:3:{s:5:"count";i:6;s:15:"control_percent";i:4;s:8:"controls";a:3:{s:7:"content";a:1:{s:14:"section_editor";a:1:{s:6:"editor";i:6;}}s:5:"style";a:1:{s:13:"section_style";a:8:{s:10:"text_color";i:6;s:21:"typography_typography";i:6;s:22:"typography_font_family";i:6;s:20:"typography_font_size";i:6;s:22:"typography_font_weight";i:6;s:22:"typography_line_height";i:6;s:5:"align";i:4;s:12:"align_mobile";i:1;}}s:8:"advanced";a:1:{s:14:"_section_style";a:4:{s:7:"_margin";i:4;s:14:"_margin_mobile";i:3;s:8:"_padding";i:1;s:15:"_padding_mobile";i:1;}}}}s:6:"spacer";a:3:{s:5:"count";i:1;s:15:"control_percent";i:1;s:8:"controls";a:1:{s:7:"content";a:1:{s:14:"section_spacer";a:1:{s:5:"space";i:1;}}}}s:11:"star-rating";a:3:{s:5:"count";i:1;s:15:"control_percent";i:2;s:8:"controls";a:3:{s:7:"content";a:1:{s:14:"section_rating";a:1:{s:6:"rating";i:1;}}s:5:"style";a:1:{s:19:"section_stars_style";a:3:{s:9:"icon_size";i:1;s:10:"icon_space";i:1;s:11:"stars_color";i:1;}}s:8:"advanced";a:1:{s:17:"_section_position";a:1:{s:14:"_element_width";i:1;}}}}s:5:"image";a:3:{s:5:"count";i:8;s:15:"control_percent";i:2;s:8:"controls";a:3:{s:7:"content";a:1:{s:13:"section_image";a:3:{s:5:"image";i:8;s:10:"image_size";i:6;s:5:"align";i:7;}}s:8:"advanced";a:3:{s:14:"_section_style";a:2:{s:8:"_z_index";i:1;s:7:"_margin";i:3;}s:17:"_section_position";a:9:{s:14:"_element_width";i:3;s:9:"_position";i:2;s:9:"_offset_x";i:2;s:9:"_offset_y";i:2;s:21:"_element_width_tablet";i:2;s:28:"_element_custom_width_tablet";i:2;s:16:"_offset_x_tablet";i:1;s:16:"_offset_y_tablet";i:1;s:21:"_offset_orientation_v";i:1;}s:15:"section_effects";a:2:{s:10:"_animation";i:4;s:16:"_animation_delay";i:1;}}s:5:"style";a:1:{s:19:"section_style_image";a:1:{s:5:"width";i:3;}}}}s:20:"shadepro-feature-box";a:3:{s:5:"count";i:3;s:15:"control_percent";i:9;s:8:"controls";a:3:{s:7:"content";a:1:{s:15:"content_section";a:5:{s:9:"icon_type";i:3;s:10:"box_number";i:3;s:5:"title";i:3;s:11:"description";i:3;s:13:"content_align";i:3;}}s:5:"style";a:3:{s:10:"icon_style";a:9:{s:15:"enable_icon_box";i:3;s:10:"icon_color";i:3;s:25:"icon_text_typo_typography";i:3;s:26:"icon_text_typo_font_family";i:3;s:24:"icon_text_typo_font_size";i:3;s:26:"icon_text_typo_font_weight";i:3;s:18:"space_between_icon";i:3;s:25:"space_between_icon_tablet";i:3;s:25:"space_between_icon_mobile";i:3;}s:13:"content_style";a:11:{s:9:"title_gap";i:3;s:29:"heading_typography_typography";i:3;s:30:"heading_typography_font_family";i:3;s:28:"heading_typography_font_size";i:3;s:30:"heading_typography_font_weight";i:3;s:33:"description_typography_typography";i:3;s:34:"description_typography_font_family";i:3;s:32:"description_typography_font_size";i:3;s:34:"description_typography_font_weight";i:3;s:34:"description_typography_line_height";i:3;s:18:"desscription_color";i:3;}s:9:"box_style";a:3:{s:11:"box_padding";i:3;s:26:"box_shadow_box_shadow_type";i:3;s:18:"box_padding_tablet";i:3;}}s:8:"advanced";a:1:{s:14:"_section_style";a:1:{s:14:"_margin_mobile";i:3;}}}}s:9:"icon-list";a:3:{s:5:"count";i:1;s:15:"control_percent";i:7;s:8:"controls";a:3:{s:7:"content";a:1:{s:12:"section_icon";a:1:{s:9:"icon_list";i:1;}}s:5:"style";a:2:{s:18:"section_icon_style";a:2:{s:10:"icon_color";i:1;s:9:"icon_size";i:1;}s:18:"section_text_style";a:7:{s:10:"text_color";i:1;s:11:"text_indent";i:1;s:26:"icon_typography_typography";i:1;s:27:"icon_typography_font_family";i:1;s:25:"icon_typography_font_size";i:1;s:27:"icon_typography_font_weight";i:1;s:30:"icon_typography_text_transform";i:1;}}s:8:"advanced";a:4:{s:14:"_section_style";a:3:{s:7:"_margin";i:1;s:8:"_padding";i:1;s:14:"_margin_mobile";i:1;}s:19:"_section_background";a:2:{s:22:"_background_background";i:1;s:17:"_background_color";i:1;}s:15:"_section_border";a:1:{s:14:"_border_radius";i:1;}s:17:"_section_position";a:1:{s:14:"_element_width";i:1;}}}}s:24:"shadepro-inline-icon-box";a:3:{s:5:"count";i:2;s:15:"control_percent";i:8;s:8:"controls";a:3:{s:7:"content";a:1:{s:15:"content_section";a:3:{s:4:"icon";i:2;s:5:"title";i:2;s:11:"description";i:2;}}s:5:"style";a:2:{s:10:"icon_style";a:5:{s:15:"icon_background";i:2;s:17:"change_icon_color";i:2;s:9:"icon_size";i:2;s:13:"icon_box_size";i:2;s:18:"icon_border_radius";i:2;}s:13:"content_style";a:12:{s:9:"title_gap";i:2;s:29:"heading_typography_typography";i:2;s:30:"heading_typography_font_family";i:2;s:28:"heading_typography_font_size";i:2;s:30:"heading_typography_font_weight";i:2;s:30:"heading_typography_line_height";i:2;s:33:"description_typography_typography";i:2;s:34:"description_typography_font_family";i:2;s:32:"description_typography_font_size";i:2;s:34:"description_typography_font_weight";i:2;s:34:"description_typography_line_height";i:2;s:17:"description_color";i:2;}}s:8:"advanced";a:1:{s:14:"_section_style";a:1:{s:7:"_margin";i:2;}}}}s:23:"shadepro-image-carousel";a:3:{s:5:"count";i:1;s:15:"control_percent";i:3;s:8:"controls";a:2:{s:7:"content";a:2:{s:15:"content_section";a:2:{s:17:"testimonial_lists";i:1;s:11:"frame_image";i:1;}s:15:"slider_settings";a:4:{s:16:"arrow_x_position";i:1;s:15:"dots_y_position";i:1;s:15:"autoplaytimeout";i:1;s:22:"dots_y_position_tablet";i:1;}}s:8:"advanced";a:1:{s:15:"section_effects";a:1:{s:10:"_animation";i:1;}}}}s:11:"testimonial";a:3:{s:5:"count";i:3;s:15:"control_percent";i:9;s:8:"controls";a:2:{s:7:"content";a:1:{s:19:"section_testimonial";a:5:{s:19:"testimonial_content";i:3;s:17:"testimonial_image";i:3;s:16:"testimonial_name";i:3;s:15:"testimonial_job";i:3;s:21:"testimonial_alignment";i:3;}}s:5:"style";a:4:{s:33:"section_style_testimonial_content";a:6:{s:21:"content_content_color";i:3;s:29:"content_typography_typography";i:3;s:30:"content_typography_font_family";i:3;s:28:"content_typography_font_size";i:3;s:30:"content_typography_font_weight";i:3;s:30:"content_typography_line_height";i:3;}s:30:"section_style_testimonial_name";a:5:{s:15:"name_text_color";i:3;s:26:"name_typography_typography";i:3;s:27:"name_typography_font_family";i:3;s:25:"name_typography_font_size";i:3;s:27:"name_typography_font_weight";i:3;}s:29:"section_style_testimonial_job";a:5:{s:14:"job_text_color";i:3;s:25:"job_typography_typography";i:3;s:26:"job_typography_font_family";i:3;s:24:"job_typography_font_size";i:3;s:26:"job_typography_font_weight";i:3;}s:13:"section_extra";a:2:{s:11:"counter_gap";i:3;s:8:"name_gap";i:3;}}}}s:4:"icon";a:3:{s:5:"count";i:1;s:15:"control_percent";i:3;s:8:"controls";a:3:{s:7:"content";a:1:{s:12:"section_icon";a:1:{s:4:"view";i:1;}}s:5:"style";a:1:{s:18:"section_style_icon";a:4:{s:13:"primary_color";i:1;s:15:"secondary_color";i:1;s:4:"size";i:1;s:12:"icon_padding";i:1;}}s:8:"advanced";a:1:{s:14:"_section_style";a:2:{s:7:"_margin";i:1;s:14:"_margin_mobile";i:1;}}}}s:9:"image-box";a:3:{s:5:"count";i:1;s:15:"control_percent";i:5;s:8:"controls";a:2:{s:7:"content";a:1:{s:13:"section_image";a:4:{s:5:"image";i:1;s:10:"title_text";i:1;s:16:"description_text";i:1;s:8:"position";i:1;}}s:5:"style";a:3:{s:19:"section_style_image";a:3:{s:11:"image_space";i:1;s:10:"image_size";i:1;s:18:"image_space_tablet";i:1;}s:21:"section_style_content";a:6:{s:11:"title_color";i:1;s:27:"title_typography_typography";i:1;s:28:"title_typography_font_family";i:1;s:26:"title_typography_font_size";i:1;s:28:"title_typography_font_weight";i:1;s:28:"title_typography_line_height";i:1;}s:13:"section_extra";a:1:{s:19:"image_margin_mobile";i:1;}}}}s:12:"social-icons";a:3:{s:5:"count";i:1;s:15:"control_percent";i:4;s:8:"controls";a:2:{s:7:"content";a:1:{s:19:"section_social_icon";a:4:{s:16:"social_icon_list";i:1;s:5:"align";i:1;s:12:"align_mobile";i:1;s:5:"shape";i:1;}}s:5:"style";a:1:{s:20:"section_social_style";a:6:{s:10:"icon_color";i:1;s:18:"icon_primary_color";i:1;s:20:"icon_secondary_color";i:1;s:9:"icon_size";i:1;s:12:"icon_padding";i:1;s:12:"icon_spacing";i:1;}}}}}]]></wp:meta_value>
										</wp:postmeta>
																				<wp:postmeta>
											<wp:meta_key>_elementor_css</wp:meta_key>
											<wp:meta_value><![CDATA[a:6:{s:4:"time";i:1612443057;s:5:"fonts";a:2:{i:0;s:5:"Inter";i:1;s:7:"Manrope";}s:5:"icons";a:4:{i:0;s:0:"";i:1;s:9:"fa-brands";i:3;s:8:"fa-solid";i:4;s:3:"svg";}s:20:"dynamic_elements_ids";a:0:{}s:6:"status";s:4:"file";i:0;s:0:"";}]]></wp:meta_value>
										</wp:postmeta>
																						</item>
							</channel>
</rss>
			