<?xml version="1.0" encoding="UTF-8" ?>
<!-- This is a WordPress eXtended RSS file generated by WordPress as an export of your site. -->
<!-- It contains information about your site's posts, pages, comments, categories, and other content. -->
<!-- You may use this file to transfer that content from one site to another. -->
<!-- This file is not intended to serve as a complete backup of your site. -->

<!-- To import this information into a WordPress site follow these steps: -->
<!-- 1. Log in to that site as an administrator. -->
<!-- 2. Go to Tools: Import in the WordPress admin panel. -->
<!-- 3. Install the "WordPress" importer from the list. -->
<!-- 4. Activate & Run Importer. -->
<!-- 5. Upload this file using the form provided on that page. -->
<!-- 6. You will first be asked to map the authors in this export file to users -->
<!--    on the site. For each author, you may choose to map to an -->
<!--    existing user on the site or to create a new user. -->
<!-- 7. WordPress will then import each of the posts, pages, comments, categories, etc. -->
<!--    contained in this file into your site. -->

<!-- generator="WordPress/5.6.1" created="2021-02-04 15:05" -->
<rss version="2.0"
	xmlns:excerpt="http://wordpress.org/export/1.1/excerpt/"
	xmlns:content="http://purl.org/rss/1.0/modules/content/"
	xmlns:wfw="http://wellformedweb.org/CommentAPI/"
	xmlns:dc="http://purl.org/dc/elements/1.1/"
	xmlns:wp="http://wordpress.org/export/1.1/"
>
<channel>
	<title>shadepro</title>
	<link>https://finestdevs.com/demos/wp/shadepro</link>
	<description>A Premium WordPress Theme</description>
	<pubDate>Thu, 04 Feb 2021 15:05:00 +0000</pubDate>
	<language></language>
	<wp:wxr_version>1.1</wp:wxr_version>
	<wp:base_site_url>https://finestdevs.com/demos/wp/shadepro</wp:base_site_url>
	<wp:base_blog_url>https://finestdevs.com/demos/wp/shadepro</wp:base_blog_url>

			
			<generator>https://wordpress.org/?v=5.6.1</generator>

<image>
	<url>https://finestdevs.com/demos/wp/shadepro/wp-content/uploads/2020/09/favicon.png</url>
	<title>shadepro</title>
	<link>https://finestdevs.com/demos/wp/shadepro</link>
	<width>32</width>
	<height>32</height>
</image> 

									<item>
							<title>Sass Service</title>
							<link>https://finestdevs.com/demos/wp/shadepro/sass-service/</link>
							<pubDate>Thu, 03 Dec 2020 04:41:58 +0000</pubDate>
							<dc:creator>shadepro-admin</dc:creator>
							<guid isPermaLink="false">https://finestdevs.com/demos/wp/shadepro/app-copy/</guid>
							<description></description>
							<content:encoded><![CDATA[<a href="https://finestdevs.com/demos/wp/shadepro">
                <img src="https://finestdevs.com/demos/wp/shadepro/wp-content/uploads/2020/11/logo.svg" alt="shadepro">            </a>
            <button type="button" data-toggle="navbarToggler" aria-label="Toggle navigation">
            </button>
            <!-- end of Nav toggler -->
                <button type="button" data-toggle="navbarToggler" aria-label="Toggle navigation">
                </button>
                <nav id="site-navigation">
                    <ul id="navbar-nav"><li id="menu-item-5003"><a>Demos</a>
<ul>
	<li id="menu-item-12772"><a href="#">New Landings</a>
	<ul>
		<li id="menu-item-5802"><a href="https://finestdevs.com/demos/wp/shadepro/">Digital Marketing new</a></li>
		<li id="menu-item-8653"><a href="https://finestdevs.com/demos/wp/shadepro/education/">Online Education new</a></li>
		<li id="menu-item-8933"><a href="https://finestdevs.com/demos/wp/shadepro/event/">Tech Event new</a></li>
		<li id="menu-item-8167"><a href="https://finestdevs.com/demos/wp/shadepro/ebook/">eBook Landing new</a></li>
		<li id="menu-item-7532"><a href="https://finestdevs.com/demos/wp/shadepro/mobile-app-3/">Mobile App 3.0 new</a></li>
		<li id="menu-item-8166"><a href="https://finestdevs.com/demos/wp/shadepro/team-management/">Team Management new</a></li>
	</ul>
</li>
	<li id="menu-item-13028"><a href="#">SaaS Landings</a>
	<ul>
		<li id="menu-item-7533"><a href="https://finestdevs.com/demos/wp/shadepro/social-app/">Social App</a></li>
		<li id="menu-item-6194"><a href="https://finestdevs.com/demos/wp/shadepro/chat-service/">Chat Service</a></li>
		<li id="menu-item-6195"><a href="https://finestdevs.com/demos/wp/shadepro/digital-service/">Digital Service</a></li>
		<li id="menu-item-6713"><a href="https://finestdevs.com/demos/wp/shadepro/sass-service/">SasS Service</a></li>
		<li id="menu-item-5009"><a href="https://finestdevs.com/demos/wp/shadepro/job-site/">Job Directory</a></li>
		<li id="menu-item-5001"><a href="https://finestdevs.com/demos/wp/shadepro/sass-subscription/">Sass Subscription</a></li>
	</ul>
</li>
	<li id="menu-item-12773"><a href="#">Apps &#038; Software</a>
	<ul>
		<li id="menu-item-7702"><a href="https://finestdevs.com/demos/wp/shadepro/software/">Software</a></li>
		<li id="menu-item-6349"><a href="https://finestdevs.com/demos/wp/shadepro/app/">IOS App</a></li>
		<li id="menu-item-5005"><a href="https://finestdevs.com/demos/wp/shadepro/web-application/">Web Application</a></li>
		<li id="menu-item-8165"><a href="https://finestdevs.com/demos/wp/shadepro/desktop-software/">Desktop Software</a></li>
		<li id="menu-item-5008"><a href="https://finestdevs.com/demos/wp/shadepro/mobile-app/">Mobile App</a></li>
		<li id="menu-item-5012"><a href="https://finestdevs.com/demos/wp/shadepro/product-landing/">Product Landing</a></li>
	</ul>
</li>
	<li id="menu-item-13035"><a href="#">General Services</a>
	<ul>
		<li id="menu-item-5002"><a href="https://finestdevs.com/demos/wp/shadepro/video-conference/">Video Conference</a></li>
		<li id="menu-item-5262"><a href="https://finestdevs.com/demos/wp/shadepro/agency">Agency</a></li>
		<li id="menu-item-5011"><a href="https://finestdevs.com/demos/wp/shadepro/telemedicine/">Telemedicine</a></li>
		<li id="menu-item-5004"><a href="https://finestdevs.com/demos/wp/shadepro/ecommerce/">ECommerce</a></li>
		<li id="menu-item-5010"><a href="https://finestdevs.com/demos/wp/shadepro/coworking/">Coworking</a></li>
		<li id="menu-item-5006"><a href="https://finestdevs.com/demos/wp/shadepro/consultation/">Consultation</a></li>
		<li id="menu-item-5007"><a href="https://finestdevs.com/demos/wp/shadepro/b2b/">B2B</a></li>
	</ul>
</li>
</ul>
</li>
<li id="menu-item-4997"><a href="https://finestdevs.com/demos/wp/shadepro/about-us/">About Us</a></li>
<li id="menu-item-12726"><a href="https://finestdevs.com/demos/wp/shadepro/portfolio/">Portfolio</a>
<ul>
	<li id="menu-item-12730"><a href="#">Gallery Style</a>
	<ul>
		<li id="menu-item-12755"><a href="https://finestdevs.com/demos/wp/shadepro/portfolio-grid-2-in-container/">Two Column Grid</a></li>
		<li id="menu-item-12735"><a href="https://finestdevs.com/demos/wp/shadepro/portfolio-3-grid-container/">Three Column Grid</a></li>
		<li id="menu-item-12743"><a href="https://finestdevs.com/demos/wp/shadepro/portfolio-4-grid-container/">Four Column Grid</a></li>
		<li id="menu-item-12753"><a href="https://finestdevs.com/demos/wp/shadepro/portfolio-grid-2-full/">Two Column Wide</a></li>
		<li id="menu-item-12737"><a href="https://finestdevs.com/demos/wp/shadepro/portfolio-3-grid-full/">Three Column Wide</a></li>
		<li id="menu-item-12745"><a href="https://finestdevs.com/demos/wp/shadepro/portfolio-4-grid-full/">Four Column Wide</a></li>
	</ul>
</li>
	<li id="menu-item-12758"><a href="#">Classic Grid Style</a>
	<ul>
		<li id="menu-item-12756"><a href="https://finestdevs.com/demos/wp/shadepro/portfolio-grid-2-in-container-cno-gap/">Two Column Grid</a></li>
		<li id="menu-item-12736"><a href="https://finestdevs.com/demos/wp/shadepro/portfolio-3-grid-container-no-gap/">Three Column Grid</a></li>
		<li id="menu-item-12744"><a href="https://finestdevs.com/demos/wp/shadepro/portfolio-4-grid-container-no-gap/">Four Column Grid</a></li>
		<li id="menu-item-12754"><a href="https://finestdevs.com/demos/wp/shadepro/portfolio-grid-2-full-no-gap/">Two Column Wide</a></li>
		<li id="menu-item-12738"><a href="https://finestdevs.com/demos/wp/shadepro/portfolio-3-grid-full-no-gap/">Three Column Wide</a></li>
		<li id="menu-item-12746"><a href="https://finestdevs.com/demos/wp/shadepro/portfolio-4-grid-full-no-gap/">Four Column Wide</a></li>
	</ul>
</li>
	<li id="menu-item-12759"><a href="#">Masonry Style</a>
	<ul>
		<li id="menu-item-12741"><a href="https://finestdevs.com/demos/wp/shadepro/portfolio-3-masonry-in-container/">Three Column in Grid</a></li>
		<li id="menu-item-12749"><a href="https://finestdevs.com/demos/wp/shadepro/portfolio-4-masonry-in-container/">Four Column in Grid</a></li>
		<li id="menu-item-12739"><a href="https://finestdevs.com/demos/wp/shadepro/portfolio-3-masonry-full/">Three Column Wide</a></li>
		<li id="menu-item-12747"><a href="https://finestdevs.com/demos/wp/shadepro/portfolio-4-masonry-full/">Four Column Wide</a></li>
		<li id="menu-item-12742"><a href="https://finestdevs.com/demos/wp/shadepro/portfolio-3-masonry-in-container-no-gap/">Three Column Classic</a></li>
		<li id="menu-item-12750"><a href="https://finestdevs.com/demos/wp/shadepro/portfolio-4-masonry-in-container-no-gap/">Four Column Classic</a></li>
	</ul>
</li>
	<li id="menu-item-12760"><a href="#">Single Project</a>
	<ul>
		<li id="menu-item-12761"><a href="https://finestdevs.com/demos/wp/shadepro/portfolio/agricultural-processing/">Project Style 01</a></li>
		<li id="menu-item-12762"><a href="https://finestdevs.com/demos/wp/shadepro/portfolio/decode-branding/">Project Style 02</a></li>
		<li id="menu-item-12763"><a href="https://finestdevs.com/demos/wp/shadepro/portfolio/griffe-velta/">Project Style 03</a></li>
		<li id="menu-item-12764"><a href="https://finestdevs.com/demos/wp/shadepro/portfolio/exones-website/">Project Style 04</a></li>
	</ul>
</li>
</ul>
</li>
<li id="menu-item-4998"><a href="https://finestdevs.com/demos/wp/shadepro/blog">Pages</a>
<ul>
	<li id="menu-item-5032"><a href="#">About Us</a>
	<ul>
		<li id="menu-item-5033"><a href="https://finestdevs.com/demos/wp/shadepro/about-us/">About Us</a></li>
		<li id="menu-item-5034"><a href="https://finestdevs.com/demos/wp/shadepro/team/jason-reed/">Team Details</a></li>
	</ul>
</li>
	<li id="menu-item-5021"><a href="#">Career</a>
	<ul>
		<li id="menu-item-5020"><a href="https://finestdevs.com/demos/wp/shadepro/job-opening/">Job Opening</a></li>
		<li id="menu-item-5022"><a href="https://finestdevs.com/demos/wp/shadepro/jobs/senior-software-engineer/">Job Details</a></li>
	</ul>
</li>
	<li id="menu-item-5000"><a href="https://finestdevs.com/demos/wp/shadepro/blog/">Blog</a>
	<ul>
		<li id="menu-item-5369"><a href="https://finestdevs.com/demos/wp/shadepro/blog-style-1/">Blog Style 1</a></li>
		<li id="menu-item-5351"><a href="https://finestdevs.com/demos/wp/shadepro/blog-style-2/">Blog Style 2</a></li>
		<li id="menu-item-5386"><a href="https://finestdevs.com/demos/wp/shadepro/blog-style-3/">Blog Style 3</a></li>
		<li id="menu-item-5350"><a href="https://finestdevs.com/demos/wp/shadepro/blog-style-4/">Blog Style 4</a></li>
		<li id="menu-item-5031"><a href="https://finestdevs.com/demos/wp/shadepro/design-studios-that-everyone-should-know-about/">Blog Details</a></li>
	</ul>
</li>
	<li id="menu-item-5023"><a href="#">eCommerce</a>
	<ul>
		<li id="menu-item-5024"><a href="https://finestdevs.com/demos/wp/shadepro/shop/">Shop</a></li>
		<li id="menu-item-5025"><a href="https://finestdevs.com/demos/wp/shadepro/cart/">Cart</a></li>
		<li id="menu-item-5026"><a href="https://finestdevs.com/demos/wp/shadepro/checkout/">Checkout</a></li>
	</ul>
</li>
	<li id="menu-item-5013"><a href="#">Pricing</a>
	<ul>
		<li id="menu-item-5015"><a href="https://finestdevs.com/demos/wp/shadepro/pricing-01/">Pricing 01</a></li>
		<li id="menu-item-5014"><a href="https://finestdevs.com/demos/wp/shadepro/pricing-02/">Pricing 02</a></li>
		<li id="menu-item-4999"><a href="https://finestdevs.com/demos/wp/shadepro/pricing-03/">Pricing 03</a></li>
	</ul>
</li>
	<li id="menu-item-5016"><a href="#">Contact</a>
	<ul>
		<li id="menu-item-5017"><a href="https://finestdevs.com/demos/wp/shadepro/contact/">Contact 01</a></li>
		<li id="menu-item-5018"><a href="https://finestdevs.com/demos/wp/shadepro/contact-02/">Contact 02</a></li>
		<li id="menu-item-5019"><a href="https://finestdevs.com/demos/wp/shadepro/contact-03/">Contact 03</a></li>
	</ul>
</li>
	<li id="menu-item-5029"><a href="#">Account</a>
	<ul>
		<li id="menu-item-5028"><a href="https://finestdevs.com/demos/wp/shadepro/sign-up/">Sign up</a></li>
		<li id="menu-item-5027"><a href="https://finestdevs.com/demos/wp/shadepro/login/">Sign In</a></li>
	</ul>
</li>
	<li id="menu-item-5355"><a href="#">Utility</a>
	<ul>
		<li id="menu-item-5352"><a href="https://finestdevs.com/demos/wp/shadepro/terms-conditions/">Terms &#038; Conditions</a></li>
		<li id="menu-item-5353"><a href="https://finestdevs.com/demos/wp/shadepro/return-policy/">Return Policy</a></li>
		<li id="menu-item-5356"><a href="https://finestdevs.com/demos/wp/shadepro/privacy-policy/">Privacy Policy</a></li>
	</ul>
</li>
</ul>
</li>
<li id="menu-item-5648"><a href="#">Elements</a>
<ul>
	<li id="menu-item-5647"><a href="https://finestdevs.com/demos/wp/shadepro/sections/headers/">Headers</a>
	<ul>
		<li id="menu-item-5646"><a href="https://finestdevs.com/demos/wp/shadepro/sections/hero-areas/">Hero Areas</a></li>
		<li id="menu-item-5643"><a href="https://finestdevs.com/demos/wp/shadepro/sections/features/">Features</a></li>
		<li id="menu-item-5644"><a href="https://finestdevs.com/demos/wp/shadepro/sections/contents/">Contents</a></li>
	</ul>
</li>
	<li id="menu-item-5642"><a href="https://finestdevs.com/demos/wp/shadepro/sections/pricings/">Pricings</a>
	<ul>
		<li id="menu-item-5640"><a href="https://finestdevs.com/demos/wp/shadepro/sections/cta/">CTA</a></li>
		<li id="menu-item-5641"><a href="https://finestdevs.com/demos/wp/shadepro/sections/stats/">Stats</a></li>
		<li id="menu-item-8404"><a href="https://finestdevs.com/demos/wp/shadepro/sections/alerts/">Alerts</a></li>
	</ul>
</li>
	<li id="menu-item-8405"><a href="https://finestdevs.com/demos/wp/shadepro/sections/videos/">Videos</a>
	<ul>
		<li id="menu-item-8406"><a href="https://finestdevs.com/demos/wp/shadepro/sections/newsletter/">Newsletter</a></li>
		<li id="menu-item-8407"><a href="https://finestdevs.com/demos/wp/shadepro/sections/teams/">Teams</a></li>
		<li id="menu-item-8408"><a href="https://finestdevs.com/demos/wp/shadepro/sections/faq/">FAQ</a></li>
	</ul>
</li>
	<li id="menu-item-8409"><a href="https://finestdevs.com/demos/wp/shadepro/sections/blogs/">Blogs</a>
	<ul>
		<li id="menu-item-8410"><a href="https://finestdevs.com/demos/wp/shadepro/sections/clients/">Clients</a></li>
		<li id="menu-item-8411"><a href="https://finestdevs.com/demos/wp/shadepro/sections/testimonials/">Testimonials</a></li>
		<li id="menu-item-5645"><a href="https://finestdevs.com/demos/wp/shadepro/sections/footers/">Footers</a></li>
	</ul>
</li>
</ul>
</li>
<li id="menu-item-4996"><a href="https://finestdevs.com/demos/wp/shadepro/contact/">Contact</a></li>
</ul>                </nav><!-- #site-navigation -->
                            <a href=""  >
                    Start free trial
                                                        </a>
			<h2>Get More Customers</h2>		
		<p>Create custom landing pages with Shades that convert more visitors than any website—no coding required.</p>		
                            <a href=""  >
                    Start my free trial
                                                        </a>
										<img width="603" height="630" src="https://finestdevs.com/demos/wp/shadepro/wp-content/uploads/2020/12/hero-img.png" alt="" loading="lazy" srcset="https://finestdevs.com/demos/wp/shadepro/wp-content/uploads/2020/12/hero-img.png 603w, https://finestdevs.com/demos/wp/shadepro/wp-content/uploads/2020/12/hero-img-287x300.png 287w, https://finestdevs.com/demos/wp/shadepro/wp-content/uploads/2020/12/hero-img-492x514.png 492w" sizes="(max-width: 603px) 100vw, 603px" />											
			<h2>The #1 Landing Page Platform for 15,000+ Brands</h2>		
										<img width="204" height="30" src="https://finestdevs.com/demos/wp/shadepro/wp-content/uploads/2020/12/shade-logo-5.png" alt="" loading="lazy" />											
										<img width="166" height="31" src="https://finestdevs.com/demos/wp/shadepro/wp-content/uploads/2020/12/shade-logo-4.png" alt="" loading="lazy" />											
										<img width="131" height="37" src="https://finestdevs.com/demos/wp/shadepro/wp-content/uploads/2020/12/shade-logo-3.png" alt="" loading="lazy" />											
										<img width="205" height="34" src="https://finestdevs.com/demos/wp/shadepro/wp-content/uploads/2020/12/shade-logo-2.png" alt="" loading="lazy" />											
										<img width="179" height="37" src="https://finestdevs.com/demos/wp/shadepro/wp-content/uploads/2020/12/shade-logo-1.png" alt="" loading="lazy" />											
			<h2>Build your website fast.</h2>		
		<p>Create custom landing pages with Shades that convert more visitors than any website—no coding required.</p>		
                            <a href=""  >
                    Get started now
                                                        </a>
										<img width="359" height="400" src="https://finestdevs.com/demos/wp/shadepro/wp-content/uploads/2020/12/shade-landing-4-4.png" alt="" loading="lazy" srcset="https://finestdevs.com/demos/wp/shadepro/wp-content/uploads/2020/12/shade-landing-4-4.png 359w, https://finestdevs.com/demos/wp/shadepro/wp-content/uploads/2020/12/shade-landing-4-4-269x300.png 269w" sizes="(max-width: 359px) 100vw, 359px" />											
										<img width="762" height="421" src="https://finestdevs.com/demos/wp/shadepro/wp-content/uploads/2020/12/shade-landing-4-3.png" alt="" loading="lazy" srcset="https://finestdevs.com/demos/wp/shadepro/wp-content/uploads/2020/12/shade-landing-4-3.png 762w, https://finestdevs.com/demos/wp/shadepro/wp-content/uploads/2020/12/shade-landing-4-3-300x166.png 300w, https://finestdevs.com/demos/wp/shadepro/wp-content/uploads/2020/12/shade-landing-4-3-492x272.png 492w" sizes="(max-width: 762px) 100vw, 762px" />											
										<img width="519" height="528" src="https://finestdevs.com/demos/wp/shadepro/wp-content/uploads/2020/12/content-img-2.png" alt="" loading="lazy" srcset="https://finestdevs.com/demos/wp/shadepro/wp-content/uploads/2020/12/content-img-2.png 519w, https://finestdevs.com/demos/wp/shadepro/wp-content/uploads/2020/12/content-img-2-295x300.png 295w, https://finestdevs.com/demos/wp/shadepro/wp-content/uploads/2020/12/content-img-2-492x501.png 492w" sizes="(max-width: 519px) 100vw, 519px" />											
			<h2>Manage from a single platform.</h2>		
		<p>Create custom landing pages with Shades that convert more visitors than any website—no coding required.</p>		
                            <a href=""  >
                    Get started now
                                                        </a>
					<h4>Easy to use</h4>
					<p>Event is not like most tech conferences. We want our presentations to engage the audience, spark discussion.</p>
					<h4>Responsive Design</h4>
					<p>Event is not like most tech conferences. We want our presentations to engage the audience, spark discussion.</p>
					<h4>Quick Setup</h4>
					<p>Event is not like most tech conferences. We want our presentations to engage the audience, spark discussion.</p>
					<h4>Grow Faste</h4>
					<p>Event is not like most tech conferences. We want our presentations to engage the audience, spark discussion.</p>
			<h2>Pricing &amp; Plans</h2>		
		<p>Create custom landing pages with Shades that convert more visitors than any website—no coding required.</p>		
										<a href="javascript:" data-pricing-tab-trigger data-target="#shadepro-dynamic-deck">
											Monthly 										</a>
										<a href="javascript:" data-pricing-tab-trigger data-target="#shadepro-dynamic-deck">
											Yearly										</a>
									<!-- classic pricing -->
											Basic
												<h2 data-active="19" data-monthly="19" data-yearly="180">$</h2>
										<!--  end of shadepro-price-wrap  -->
										<p> Unlimited Blocks</p><p>5GB Clould Storages</p><p>Custom Domain Names</p><p><strong>Unlimited Emails</strong></p>									
									<!-- minimal pricing -->
											<a href="">Get started now </a>
									<!-- classic pricing -->
											PRO
												<h2 data-active="29" data-monthly="29" data-yearly="180">$</h2>
										<!--  end of shadepro-price-wrap  -->
										<p> Unlimited Blocks</p><p>5GB Clould Storages</p><p>Custom Domain Names</p><p>Unlimited Emails </p>									
									<!-- minimal pricing -->
											<a href="">Get started now </a>
									<!-- classic pricing -->
											Smart
												<h2 data-active="49" data-monthly="49" data-yearly="180">$</h2>
										<!--  end of shadepro-price-wrap  -->
										<p> Unlimited Blocks</p><p>5GB Clould Storages</p><p>Custom Domain Names</p><p>Unlimited Emails</p>									
									<!-- minimal pricing -->
											<a href="">Get started now </a>
									<!-- classic pricing -->
											Exclusive
												<h2 data-active="99" data-monthly="99" data-yearly="180">$</h2>
										<!--  end of shadepro-price-wrap  -->
										<p> Unlimited Blocks</p><p>5GB Clould Storages</p><p>Custom Domain Names</p><p>Unlimited Emails</p>									
									<!-- minimal pricing -->
											<a href="">Get started now </a>
			<h2>Ready to get started?</h2>		
                            <a href=""  >
                    Get started now
                                                        </a>
			Help menu		
					<ul>
							<li>
					<a href="#">					About
											</a>
									</li>
								<li>
					<a href="#">					Features
											</a>
									</li>
								<li>
					<a href="#">					Works
											</a>
									</li>
						</ul>
					<ul>
							<li>
					<a href="#">					Contact
											</a>
									</li>
								<li>
					<a href="#">					Help & Support
											</a>
									</li>
								<li>
					<a href="#">					Privacy Policy
											</a>
									</li>
						</ul>
			Products		
					<ul>
							<li>
					<a href="#">					Shades Pro
											</a>
									</li>
								<li>
					<a href="#">					Essential Blocks
											</a>
									</li>
								<li>
					<a href="#">					Avasta Dash
											</a>
									</li>
						</ul>
			Subscribe to our newsletter		
			<h2>Subscribe to get lastest offers, news and events announcements. No spam in your inbox.</h2>		
<p role="status" aria-live="polite" aria-atomic="true">
<ul></ul>
<form action="/demos/wp/shadepro/wp-admin/admin-ajax.php#wpcf7-f6505-o1" method="post" novalidate="novalidate" data-status="init">
<input type="hidden" name="_wpcf7" value="6505" /><br />
<input type="hidden" name="_wpcf7_version" value="5.3.2" /><br />
<input type="hidden" name="_wpcf7_locale" value="en_US" /><br />
<input type="hidden" name="_wpcf7_unit_tag" value="wpcf7-f6505-o1" /><br />
<input type="hidden" name="_wpcf7_container_post" value="0" /><br />
<input type="hidden" name="_wpcf7_posted_data_hash" value="" />
	<input type="email" name="email-41" value="" size="40" aria-required="true" aria-invalid="false" placeholder="Enter your email" /><br />
	<button type="submit" ><img src="https://finestdevs.com/demos/wp/shadepro/wp-content/uploads/2020/12/tail-right@2x.png"</button>
</form>]]></content:encoded>
							<excerpt:encoded><![CDATA[]]></excerpt:encoded>
							<wp:post_id>6353</wp:post_id>
							<wp:post_date>2020-12-03 04:41:58</wp:post_date>
							<wp:post_date_gmt>2020-12-03 04:41:58</wp:post_date_gmt>
							<wp:comment_status>closed</wp:comment_status>
							<wp:ping_status>closed</wp:ping_status>
							<wp:post_name>sass-service</wp:post_name>
							<wp:status>publish</wp:status>
							<wp:post_parent>0</wp:post_parent>
							<wp:menu_order>0</wp:menu_order>
							<wp:post_type>page</wp:post_type>
							<wp:post_password></wp:post_password>
							<wp:is_sticky>0</wp:is_sticky>
																															<wp:postmeta>
											<wp:meta_key>_wp_page_template</wp:meta_key>
											<wp:meta_value><![CDATA[elementor_header_footer]]></wp:meta_value>
										</wp:postmeta>
																				<wp:postmeta>
											<wp:meta_key>_wp_page_template</wp:meta_key>
											<wp:meta_value><![CDATA[elementor_header_footer]]></wp:meta_value>
										</wp:postmeta>
																				<wp:postmeta>
											<wp:meta_key>_edit_last</wp:meta_key>
											<wp:meta_value><![CDATA[1]]></wp:meta_value>
										</wp:postmeta>
																				<wp:postmeta>
											<wp:meta_key>body_background_color</wp:meta_key>
											<wp:meta_value><![CDATA[]]></wp:meta_value>
										</wp:postmeta>
																				<wp:postmeta>
											<wp:meta_key>_body_background_color</wp:meta_key>
											<wp:meta_value><![CDATA[field_5c721ec24addf]]></wp:meta_value>
										</wp:postmeta>
																				<wp:postmeta>
											<wp:meta_key>hide_global_header</wp:meta_key>
											<wp:meta_value><![CDATA[1]]></wp:meta_value>
										</wp:postmeta>
																				<wp:postmeta>
											<wp:meta_key>_hide_global_header</wp:meta_key>
											<wp:meta_value><![CDATA[field_5f3288799a622]]></wp:meta_value>
										</wp:postmeta>
																				<wp:postmeta>
											<wp:meta_key>use_custom_logo</wp:meta_key>
											<wp:meta_value><![CDATA[0]]></wp:meta_value>
										</wp:postmeta>
																				<wp:postmeta>
											<wp:meta_key>_use_custom_logo</wp:meta_key>
											<wp:meta_value><![CDATA[field_5c718923b2115]]></wp:meta_value>
										</wp:postmeta>
																				<wp:postmeta>
											<wp:meta_key>buttons_background_color</wp:meta_key>
											<wp:meta_value><![CDATA[]]></wp:meta_value>
										</wp:postmeta>
																				<wp:postmeta>
											<wp:meta_key>_buttons_background_color</wp:meta_key>
											<wp:meta_value><![CDATA[field_5c721ec248a3d]]></wp:meta_value>
										</wp:postmeta>
																				<wp:postmeta>
											<wp:meta_key>buttons_text_color</wp:meta_key>
											<wp:meta_value><![CDATA[]]></wp:meta_value>
										</wp:postmeta>
																				<wp:postmeta>
											<wp:meta_key>_buttons_text_color</wp:meta_key>
											<wp:meta_value><![CDATA[field_5c721ed648a3e]]></wp:meta_value>
										</wp:postmeta>
																				<wp:postmeta>
											<wp:meta_key>buttons_border_color</wp:meta_key>
											<wp:meta_value><![CDATA[]]></wp:meta_value>
										</wp:postmeta>
																				<wp:postmeta>
											<wp:meta_key>_buttons_border_color</wp:meta_key>
											<wp:meta_value><![CDATA[field_5c723ccb7677b]]></wp:meta_value>
										</wp:postmeta>
																				<wp:postmeta>
											<wp:meta_key>buttons_hover_background_color</wp:meta_key>
											<wp:meta_value><![CDATA[]]></wp:meta_value>
										</wp:postmeta>
																				<wp:postmeta>
											<wp:meta_key>_buttons_hover_background_color</wp:meta_key>
											<wp:meta_value><![CDATA[field_5c72341d85272]]></wp:meta_value>
										</wp:postmeta>
																				<wp:postmeta>
											<wp:meta_key>buttons_hover_text_color</wp:meta_key>
											<wp:meta_value><![CDATA[]]></wp:meta_value>
										</wp:postmeta>
																				<wp:postmeta>
											<wp:meta_key>_buttons_hover_text_color</wp:meta_key>
											<wp:meta_value><![CDATA[field_5c7235491991b]]></wp:meta_value>
										</wp:postmeta>
																				<wp:postmeta>
											<wp:meta_key>buttons_hover_border_color</wp:meta_key>
											<wp:meta_value><![CDATA[]]></wp:meta_value>
										</wp:postmeta>
																				<wp:postmeta>
											<wp:meta_key>_buttons_hover_border_color</wp:meta_key>
											<wp:meta_value><![CDATA[field_5c7235571991c]]></wp:meta_value>
										</wp:postmeta>
																				<wp:postmeta>
											<wp:meta_key>btn2_buttons_background_color</wp:meta_key>
											<wp:meta_value><![CDATA[]]></wp:meta_value>
										</wp:postmeta>
																				<wp:postmeta>
											<wp:meta_key>_btn2_buttons_background_color</wp:meta_key>
											<wp:meta_value><![CDATA[field_5c721f1648a42]]></wp:meta_value>
										</wp:postmeta>
																				<wp:postmeta>
											<wp:meta_key>btn2_buttons_text_color</wp:meta_key>
											<wp:meta_value><![CDATA[]]></wp:meta_value>
										</wp:postmeta>
																				<wp:postmeta>
											<wp:meta_key>_btn2_buttons_text_color</wp:meta_key>
											<wp:meta_value><![CDATA[field_5c721f1f48a43]]></wp:meta_value>
										</wp:postmeta>
																				<wp:postmeta>
											<wp:meta_key>btn2_buttons_hover_background_color</wp:meta_key>
											<wp:meta_value><![CDATA[]]></wp:meta_value>
										</wp:postmeta>
																				<wp:postmeta>
											<wp:meta_key>_btn2_buttons_hover_background_color</wp:meta_key>
											<wp:meta_value><![CDATA[field_5c72341d8527244]]></wp:meta_value>
										</wp:postmeta>
																				<wp:postmeta>
											<wp:meta_key>btn2_buttons_hover_text_color</wp:meta_key>
											<wp:meta_value><![CDATA[]]></wp:meta_value>
										</wp:postmeta>
																				<wp:postmeta>
											<wp:meta_key>_btn2_buttons_hover_text_color</wp:meta_key>
											<wp:meta_value><![CDATA[field_5c7235491991b34]]></wp:meta_value>
										</wp:postmeta>
																				<wp:postmeta>
											<wp:meta_key>btn2_buttons_hover_border_color</wp:meta_key>
											<wp:meta_value><![CDATA[]]></wp:meta_value>
										</wp:postmeta>
																				<wp:postmeta>
											<wp:meta_key>_btn2_buttons_hover_border_color</wp:meta_key>
											<wp:meta_value><![CDATA[field_5c7235571991ccf]]></wp:meta_value>
										</wp:postmeta>
																				<wp:postmeta>
											<wp:meta_key>btn2_button_custom_css</wp:meta_key>
											<wp:meta_value><![CDATA[]]></wp:meta_value>
										</wp:postmeta>
																				<wp:postmeta>
											<wp:meta_key>_btn2_button_custom_css</wp:meta_key>
											<wp:meta_value><![CDATA[field_5c72342c85273]]></wp:meta_value>
										</wp:postmeta>
																				<wp:postmeta>
											<wp:meta_key>button_2_custom_css</wp:meta_key>
											<wp:meta_value><![CDATA[]]></wp:meta_value>
										</wp:postmeta>
																				<wp:postmeta>
											<wp:meta_key>_button_2_custom_css</wp:meta_key>
											<wp:meta_value><![CDATA[field_5f5e29a676d5e]]></wp:meta_value>
										</wp:postmeta>
																				<wp:postmeta>
											<wp:meta_key>hide_global_footer</wp:meta_key>
											<wp:meta_value><![CDATA[1]]></wp:meta_value>
										</wp:postmeta>
																				<wp:postmeta>
											<wp:meta_key>_hide_global_footer</wp:meta_key>
											<wp:meta_value><![CDATA[field_5b5ab66bdd531]]></wp:meta_value>
										</wp:postmeta>
																				<wp:postmeta>
											<wp:meta_key>_elementor_edit_mode</wp:meta_key>
											<wp:meta_value><![CDATA[builder]]></wp:meta_value>
										</wp:postmeta>
																				<wp:postmeta>
											<wp:meta_key>_elementor_template_type</wp:meta_key>
											<wp:meta_value><![CDATA[wp-page]]></wp:meta_value>
										</wp:postmeta>
																				<wp:postmeta>
											<wp:meta_key>_elementor_version</wp:meta_key>
											<wp:meta_value><![CDATA[3.1.1]]></wp:meta_value>
										</wp:postmeta>
																				<wp:postmeta>
											<wp:meta_key>_elementor_data</wp:meta_key>
											<wp:meta_value><![CDATA[[{"id":"97c41f1","elType":"section","settings":{"gap":"no","background_background":"classic","padding":{"unit":"px","top":"7","right":"0","bottom":"7","left":"0","isLinked":false},"stretch_section":"section-stretched","background_image":{"url":"https:\/\/finestdevs.com\/demos\/wp\/shadepro\/wp-content\/uploads\/2020\/12\/shade-landing-41.png","id":6362},"background_position":"bottom right","background_repeat":"no-repeat","background_size":"cover","background_bg_width":{"unit":"em","size":170,"sizes":[]},"background_size_tablet":"auto","shape_divider_bottom_color":"#FFFFFF","shape_divider_bottom_width":{"unit":"%","size":212,"sizes":[]},"shape_divider_bottom_width_tablet":{"unit":"%","size":300,"sizes":[]},"shape_divider_bottom_height":{"unit":"px","size":236,"sizes":[]},"shape_divider_bottom_height_tablet":{"unit":"px","size":101,"sizes":[]},"shape_divider_bottom_flip":"yes","shape_divider_bottom_negative":"yes","background_size_mobile":"cover"},"elements":[{"id":"f3ba24f","elType":"column","settings":{"_column_size":100,"_inline_size":null},"elements":[{"id":"aae87f9","elType":"section","settings":{"content_position":"middle","structure":"20","z_index":12},"elements":[{"id":"d5b20b1","elType":"column","settings":{"_column_size":50,"_inline_size":11.1400000000000005684341886080801486968994140625,"_inline_size_mobile":40,"_inline_size_tablet":20},"elements":[{"id":"971e47d","elType":"widget","settings":{"image_width":{"unit":"px","size":113,"sizes":[]}},"elements":[],"widgetType":"ama-logo"}],"isInner":true},{"id":"ac953bd","elType":"column","settings":{"_column_size":50,"_inline_size":88.8599999999999994315658113919198513031005859375,"align":"flex-end","_inline_size_mobile":60,"_inline_size_tablet":80},"elements":[{"id":"b2294d4","elType":"widget","settings":{"button_label":"Learn More","primary_menu":"main-menu","menu_align":"end","use_primary_menu":"","menu_color":"#161C2D","menu_hover_color":"#161C2D","megamenu_panel_width":{"unit":"vw","size":"","sizes":[]},"megamenu_title_typography_font_size":{"unit":"px","size":13,"sizes":[]},"megamenu_width_type":"container","megamenu_title_typography_typography":"custom","megamenu_title_typography_text_transform":"uppercase","megamenu_title_typography_letter_spacing":{"unit":"px","size":3,"sizes":[]},"megamenu_title_color":"#7A7A7A","_z_index":3,"__globals__":{"megamenu_title_color":"","menu_color":"","menu_hover_color":""},"menu_typography_typography":"custom","menu_typography_font_family":"Rubik","menu_typography_font_size":{"unit":"px","size":16,"sizes":[]},"menu_typography_font_weight":"500","_element_width":"auto","dripdown_typography_typography":"custom","dripdown_typography_font_family":"Rubik","dripdown_typography_font_size":{"unit":"px","size":16,"sizes":[]},"dripdown_typography_font_weight":"500","megamenu_padding":{"unit":"px","top":"25","right":"10","bottom":"25","left":"10","isLinked":false}},"elements":[],"widgetType":"shadepro-main-menu"},{"id":"511dad2","elType":"widget","settings":{"button_label":"Start free trial","button_type":"boxed","boxed_btn_background":"#333333","button_align":"right","heading_typography_typography":"custom","heading_typography_font_family":"Karla","heading_typography_font_size":{"unit":"px","size":16,"sizes":[]},"heading_typography_font_weight":"400","heading_typography_line_height":{"unit":"em","size":1,"sizes":[]},"heading_typography_letter_spacing":{"unit":"px","size":-0.40000000000000002220446049250313080847263336181640625,"sizes":[]},"button_padding":{"unit":"px","top":"10","right":"20","bottom":"10","left":"20","isLinked":false},"_margin":{"unit":"px","top":"0","right":"0","bottom":"0","left":"25","isLinked":false},"_element_width":"auto","_margin_tablet":{"unit":"px","top":"0","right":"0","bottom":"0","left":"20","isLinked":false},"hide_mobile":"hidden-phone","button_radius":{"unit":"px","top":"3","right":"3","bottom":"3","left":"3","isLinked":true}},"elements":[],"widgetType":"shadepro-btn"}],"isInner":true}],"isInner":true},{"id":"cda7082","elType":"section","settings":{"structure":"20","padding":{"unit":"px","top":"30","right":"0","bottom":"0","left":"0","isLinked":false},"padding_mobile":{"unit":"px","top":"20","right":"0","bottom":"50","left":"0","isLinked":false},"overflow":"hidden","reverse_order_mobile":"reverse-mobile"},"elements":[{"id":"8596193","elType":"column","settings":{"_column_size":50,"_inline_size":40.52600000000000335376171278767287731170654296875,"margin":{"unit":"px","top":"60","right":"0","bottom":"0","left":"0","isLinked":false},"_inline_size_tablet":50,"margin_tablet":{"unit":"px","top":"0","right":"0","bottom":"50","left":"0","isLinked":false},"margin_mobile":{"unit":"px","top":"0","right":"0","bottom":"0","left":"0","isLinked":false},"animation":"fadeInRight"},"elements":[{"id":"bd4e4f5","elType":"widget","settings":{"title":"Get More Customers","title_color":"#1F1F1F","typography_typography":"custom","typography_font_family":"Karla","typography_font_size":{"unit":"px","size":70,"sizes":[]},"typography_font_weight":"700","typography_line_height":{"unit":"em","size":1.028000000000000024868995751603506505489349365234375,"sizes":[]},"typography_letter_spacing":{"unit":"px","size":-3.109999999999999875655021241982467472553253173828125,"sizes":[]},"_margin":{"unit":"px","top":"0","right":"0","bottom":"24","left":"0","isLinked":false},"typography_font_size_tablet":{"unit":"px","size":60,"sizes":[]},"typography_font_size_mobile":{"unit":"px","size":54,"sizes":[]}},"elements":[],"widgetType":"heading"},{"id":"dec12de","elType":"widget","settings":{"editor":"<p>Create custom landing pages with Shades that convert more visitors than any website\u2014no coding required.<\/p>","text_color":"#222F3F","typography_typography":"custom","typography_font_family":"Rubik","typography_font_size":{"unit":"px","size":21,"sizes":[]},"typography_font_weight":"400","typography_line_height":{"unit":"em","size":1.713999999999999968025576890795491635799407958984375,"sizes":[]},"typography_letter_spacing":{"unit":"px","size":-0.299999999999999988897769753748434595763683319091796875,"sizes":[]},"_margin":{"unit":"px","top":"0","right":"0","bottom":"36","left":"0","isLinked":false}},"elements":[],"widgetType":"text-editor"},{"id":"803d970","elType":"widget","settings":{"button_label":"Start my free trial","button_type":"boxed","boxed_btn_background":"#333333","button_align":"left","heading_typography_typography":"custom","heading_typography_font_family":"Karla","heading_typography_font_size":{"unit":"px","size":20,"sizes":[]},"heading_typography_font_weight":"400","heading_typography_line_height":{"unit":"em","size":1,"sizes":[]},"heading_typography_letter_spacing":{"unit":"px","size":-0.40000000000000002220446049250313080847263336181640625,"sizes":[]},"button_padding":{"unit":"px","top":"18","right":"24","bottom":"18","left":"24","isLinked":false},"button_radius":{"unit":"px","top":"3","right":"3","bottom":"3","left":"3","isLinked":true},"boxed_btn_color":"#FFFFFF"},"elements":[],"widgetType":"shadepro-btn"}],"isInner":true},{"id":"d18ac3e","elType":"column","settings":{"_column_size":50,"_inline_size":59.42999999999999971578290569595992565155029296875,"content_position":"bottom","margin":{"unit":"px","top":"1","right":"1","bottom":"1","left":"1","isLinked":true},"_inline_size_tablet":50,"margin_tablet":{"unit":"px","top":"0","right":"0","bottom":"0","left":"0","isLinked":false},"content_position_tablet":"center"},"elements":[{"id":"467253d","elType":"widget","settings":{"image":{"url":"https:\/\/finestdevs.com\/demos\/wp\/shadepro\/wp-content\/uploads\/2020\/12\/hero-img.png","id":6361},"image_size":"full","_margin":{"unit":"px","top":"0","right":"0","bottom":"-2","left":"0","isLinked":false},"_animation":"fadeInRight"},"elements":[],"widgetType":"image"}],"isInner":true}],"isInner":true}],"isInner":false}],"isInner":false},{"id":"9c66250","elType":"section","settings":{"padding":{"unit":"px","top":"70","right":"0","bottom":"0","left":"0","isLinked":false},"padding_mobile":{"unit":"px","top":"45","right":"0","bottom":"0","left":"0","isLinked":false}},"elements":[{"id":"e239315","elType":"column","settings":{"_column_size":100,"_inline_size":null},"elements":[{"id":"e41d262","elType":"widget","settings":{"title":"The #1 Landing Page Platform for 15,000+ Brands","align":"center","title_color":"#333333","typography_typography":"custom","typography_font_family":"Rubik","typography_font_size":{"unit":"px","size":24,"sizes":[]},"typography_font_weight":"400","_margin":{"unit":"px","top":"0","right":"0","bottom":"30","left":"0","isLinked":false}},"elements":[],"widgetType":"heading"},{"id":"fc07ad2","elType":"section","settings":{"structure":"50","border_border":"solid","border_width":{"unit":"px","top":"0","right":"0","bottom":"1","left":"0","isLinked":false},"border_color":"#E4E4E4","padding":{"unit":"px","top":"0","right":"0","bottom":"80","left":"0","isLinked":false},"padding_tablet":{"unit":"px","top":"0","right":"0","bottom":"70","left":"0","isLinked":false},"padding_mobile":{"unit":"px","top":"0","right":"0","bottom":"45","left":"0","isLinked":false}},"elements":[{"id":"4e5d71c","elType":"column","settings":{"_column_size":20,"_inline_size":18.83899999999999863575794734060764312744140625},"elements":[{"id":"a4c4397","elType":"widget","settings":{"image":{"url":"https:\/\/finestdevs.com\/demos\/wp\/shadepro\/wp-content\/uploads\/2020\/12\/shade-logo-5.png","id":5992},"image_size":"full","align":"center","css_filters_css_filter":"custom","css_filters_brightness":{"unit":"px","size":82,"sizes":[]},"css_filters_saturate":{"unit":"px","size":0,"sizes":[]}},"elements":[],"widgetType":"image"}],"isInner":true},{"id":"be2b181","elType":"column","settings":{"_column_size":20,"_inline_size":22.5},"elements":[{"id":"598db67","elType":"widget","settings":{"image":{"url":"https:\/\/finestdevs.com\/demos\/wp\/shadepro\/wp-content\/uploads\/2020\/12\/shade-logo-4.png","id":5991},"image_size":"full","align":"center","css_filters_css_filter":"custom","css_filters_brightness":{"unit":"px","size":82,"sizes":[]},"css_filters_saturate":{"unit":"px","size":0,"sizes":[]}},"elements":[],"widgetType":"image"}],"isInner":true},{"id":"8b051b3","elType":"column","settings":{"_column_size":20,"_inline_size":18.643000000000000682121026329696178436279296875},"elements":[{"id":"2a32d5d","elType":"widget","settings":{"image":{"url":"https:\/\/finestdevs.com\/demos\/wp\/shadepro\/wp-content\/uploads\/2020\/12\/shade-logo-3.png","id":5990},"image_size":"full","align":"center","css_filters_css_filter":"custom","css_filters_brightness":{"unit":"px","size":82,"sizes":[]},"css_filters_saturate":{"unit":"px","size":0,"sizes":[]}},"elements":[],"widgetType":"image"}],"isInner":true},{"id":"09037c9","elType":"column","settings":{"_column_size":20,"_inline_size":null},"elements":[{"id":"baadbdb","elType":"widget","settings":{"image":{"url":"https:\/\/finestdevs.com\/demos\/wp\/shadepro\/wp-content\/uploads\/2020\/12\/shade-logo-2.png","id":5994},"image_size":"full","align":"center","css_filters_css_filter":"custom","css_filters_brightness":{"unit":"px","size":82,"sizes":[]},"css_filters_saturate":{"unit":"px","size":0,"sizes":[]}},"elements":[],"widgetType":"image"}],"isInner":true},{"id":"25c7bee","elType":"column","settings":{"_column_size":20,"_inline_size":null},"elements":[{"id":"bd0fbee","elType":"widget","settings":{"image":{"url":"https:\/\/finestdevs.com\/demos\/wp\/shadepro\/wp-content\/uploads\/2020\/12\/shade-logo-1.png","id":5993},"image_size":"full","align":"center","css_filters_css_filter":"custom","css_filters_brightness":{"unit":"px","size":82,"sizes":[]},"css_filters_saturate":{"unit":"px","size":0,"sizes":[]}},"elements":[],"widgetType":"image"}],"isInner":true}],"isInner":true}],"isInner":false}],"isInner":false},{"id":"33cace9","elType":"section","settings":{"structure":"20","padding":{"unit":"px","top":"110","right":"0","bottom":"0","left":"0","isLinked":false},"padding_tablet":{"unit":"px","top":"60","right":"0","bottom":"0","left":"0","isLinked":false},"padding_mobile":{"unit":"px","top":"40","right":"0","bottom":"0","left":"0","isLinked":false},"reverse_order_mobile":"reverse-mobile"},"elements":[{"id":"dd3c228","elType":"column","settings":{"_column_size":50,"_inline_size":37.5439999999999969304553815163671970367431640625,"_inline_size_tablet":50,"margin":{"unit":"px","top":"60","right":"0","bottom":"0","left":"0","isLinked":false}},"elements":[{"id":"d3babf5","elType":"widget","settings":{"title":"Build your website fast.","title_color":"#000000","typography_typography":"custom","typography_font_family":"Rubik","typography_font_size":{"unit":"px","size":60,"sizes":[]},"typography_font_weight":"400","typography_line_height":{"unit":"em","size":1.233000000000000095923269327613525092601776123046875,"sizes":[]},"typography_letter_spacing":{"unit":"px","size":-3.160000000000000142108547152020037174224853515625,"sizes":[]},"_margin":{"unit":"px","top":"0","right":"0","bottom":"25","left":"0","isLinked":false},"typography_font_size_tablet":{"unit":"px","size":50,"sizes":[]}},"elements":[],"widgetType":"heading"},{"id":"a486348","elType":"widget","settings":{"editor":"<p>Create custom landing pages with Shades that convert more visitors than any website\u2014no coding required.<\/p>","text_color":"#222F3F","typography_typography":"custom","typography_font_family":"Karla","typography_font_size":{"unit":"px","size":21,"sizes":[]},"typography_font_weight":"400","typography_line_height":{"unit":"em","size":1.713999999999999968025576890795491635799407958984375,"sizes":[]},"typography_letter_spacing":{"unit":"px","size":-0.40000000000000002220446049250313080847263336181640625,"sizes":[]},"_margin":{"unit":"px","top":"0","right":"0","bottom":"60","left":"0","isLinked":false},"_margin_tablet":{"unit":"px","top":"0","right":"0","bottom":"30","left":"0","isLinked":false}},"elements":[],"widgetType":"text-editor"},{"id":"19a9369","elType":"widget","settings":{"button_label":"Get started now","icon":{"value":"fas fa-chevron-right","library":"fa-solid"},"icon_size":{"unit":"px","size":13,"sizes":[]},"icon_gap":{"unit":"px","size":13,"sizes":[]},"icon_color":"#0C39F8","heading_typography_typography":"custom","heading_typography_font_family":"Karla","heading_typography_font_size":{"unit":"px","size":19,"sizes":[]},"heading_typography_font_weight":"700","heading_typography_letter_spacing":{"unit":"px","size":-0.40000000000000002220446049250313080847263336181640625,"sizes":[]},"inline_btn_color":"#0C39F8"},"elements":[],"widgetType":"shadepro-btn"}],"isInner":false},{"id":"ec74ddb","elType":"column","settings":{"_column_size":50,"_inline_size":62.4560000000000030695446184836328029632568359375,"_inline_size_tablet":50,"margin_mobile":{"unit":"px","top":"0","right":"0","bottom":"47","left":"0","isLinked":false}},"elements":[{"id":"8e07958","elType":"widget","settings":{"image":{"url":"https:\/\/finestdevs.com\/demos\/wp\/shadepro\/wp-content\/uploads\/2020\/12\/shade-landing-4-4.png","id":6382},"image_size":"full","_element_width":"initial","_element_custom_width":{"unit":"px","size":313},"_position":"absolute","_offset_x":{"size":90,"unit":"px"},"_offset_y":{"size":191,"unit":"px"},"_animation":"pulse","_animation_delay":400,"_element_width_tablet":"initial","_element_custom_width_tablet":{"unit":"px","size":169,"sizes":[]},"_offset_x_tablet":{"size":1,"unit":"px"},"_offset_y_tablet":{"size":102,"unit":"px"}},"elements":[],"widgetType":"image"},{"id":"ea20c89","elType":"widget","settings":{"image":{"url":"https:\/\/finestdevs.com\/demos\/wp\/shadepro\/wp-content\/uploads\/2020\/12\/shade-landing-4-3.png","id":6381},"image_size":"full","align":"right","width":{"unit":"px","size":"","sizes":[]},"_margin":{"unit":"px","top":"0","right":"-89","bottom":"0","left":"100","isLinked":false},"_margin_tablet":{"unit":"px","top":"0","right":"-55","bottom":"0","left":"0","isLinked":false},"_animation":"fadeInRight"},"elements":[],"widgetType":"image"}],"isInner":false}],"isInner":false},{"id":"8031f5d","elType":"section","settings":{"structure":"20","padding":{"unit":"px","top":"190","right":"0","bottom":"0","left":"0","isLinked":false},"padding_tablet":{"unit":"px","top":"60","right":"0","bottom":"0","left":"0","isLinked":false},"padding_mobile":{"unit":"px","top":"40","right":"0","bottom":"45","left":"0","isLinked":false}},"elements":[{"id":"5ed1a6d","elType":"column","settings":{"_column_size":50,"_inline_size":62.4560000000000030695446184836328029632568359375,"_inline_size_tablet":50},"elements":[{"id":"c62aefd","elType":"widget","settings":{"image":{"url":"https:\/\/finestdevs.com\/demos\/wp\/shadepro\/wp-content\/uploads\/2020\/12\/content-img-2.png","id":6358},"image_size":"full","align":"left","width":{"unit":"px","size":"","sizes":[]},"_margin":{"unit":"px","top":"-16","right":"0","bottom":"0","left":"0","isLinked":false},"_animation":"fadeInLeft"},"elements":[],"widgetType":"image"}],"isInner":false},{"id":"cc2c4f5","elType":"column","settings":{"_column_size":50,"_inline_size":37.5439999999999969304553815163671970367431640625,"_inline_size_tablet":50,"margin":{"unit":"px","top":"60","right":"0","bottom":"0","left":"0","isLinked":false}},"elements":[{"id":"3682aaf","elType":"widget","settings":{"title":"Manage from a single platform.","title_color":"#000000","typography_typography":"custom","typography_font_family":"Rubik","typography_font_size":{"unit":"px","size":60,"sizes":[]},"typography_font_weight":"400","typography_line_height":{"unit":"em","size":1.233000000000000095923269327613525092601776123046875,"sizes":[]},"typography_letter_spacing":{"unit":"px","size":-3.160000000000000142108547152020037174224853515625,"sizes":[]},"_margin":{"unit":"px","top":"0","right":"0","bottom":"25","left":"0","isLinked":false},"typography_font_size_tablet":{"unit":"px","size":50,"sizes":[]}},"elements":[],"widgetType":"heading"},{"id":"0ea895e","elType":"widget","settings":{"editor":"<p>Create custom landing pages with Shades that convert more visitors than any website\u2014no coding required.<\/p>","text_color":"#222F3F","typography_typography":"custom","typography_font_family":"Karla","typography_font_size":{"unit":"px","size":21,"sizes":[]},"typography_font_weight":"400","typography_line_height":{"unit":"em","size":1.713999999999999968025576890795491635799407958984375,"sizes":[]},"typography_letter_spacing":{"unit":"px","size":-0.40000000000000002220446049250313080847263336181640625,"sizes":[]},"_margin":{"unit":"px","top":"0","right":"0","bottom":"60","left":"0","isLinked":false},"_margin_mobile":{"unit":"px","top":"0","right":"0","bottom":"30","left":"0","isLinked":false}},"elements":[],"widgetType":"text-editor"},{"id":"3b1e480","elType":"widget","settings":{"button_label":"Get started now","icon":{"value":"fas fa-chevron-right","library":"fa-solid"},"icon_size":{"unit":"px","size":13,"sizes":[]},"icon_gap":{"unit":"px","size":13,"sizes":[]},"icon_color":"#0C39F8","heading_typography_typography":"custom","heading_typography_font_family":"Karla","heading_typography_font_size":{"unit":"px","size":19,"sizes":[]},"heading_typography_font_weight":"700","heading_typography_letter_spacing":{"unit":"px","size":-0.40000000000000002220446049250313080847263336181640625,"sizes":[]},"inline_btn_color":"#0C39F8"},"elements":[],"widgetType":"shadepro-btn"}],"isInner":false}],"isInner":false},{"id":"51c1558","elType":"section","settings":{"background_background":"classic","background_image":{"url":"https:\/\/finestdevs.com\/demos\/wp\/shadepro\/wp-content\/uploads\/2020\/12\/features-bg.png","id":6359},"background_position":"center center","background_repeat":"no-repeat","padding":{"unit":"px","top":"200","right":"0","bottom":"134","left":"0","isLinked":false},"background_position_mobile":"center center","background_size_mobile":"initial","background_bg_width_mobile":{"unit":"%","size":1000,"sizes":[]},"padding_mobile":{"unit":"px","top":"40","right":"0","bottom":"45","left":"0","isLinked":false},"__globals__":{"background_color":""}},"elements":[{"id":"59f9940","elType":"column","settings":{"_column_size":100,"_inline_size":null},"elements":[{"id":"c88f47b","elType":"section","settings":{"content_width":{"unit":"px","size":968,"sizes":[]},"gap":"extended","structure":"20","background_image":{"url":"https:\/\/finestdevs.com\/demos\/wp\/shadepro\/wp-content\/uploads\/2020\/12\/features-bg.png","id":6359},"background_position":"center center","background_repeat":"no-repeat"},"elements":[{"id":"2f5f913","elType":"column","settings":{"_column_size":50,"_inline_size":50},"elements":[{"id":"8c74aa2","elType":"widget","settings":{"icon":{"value":"fas fa-pencil-alt","library":"fa-solid"},"title":"Easy to use","description":"Event is not like most tech conferences. We want our presentations to engage the audience, spark discussion.","change_icon_color":"yes","icon_color":"#A247F0","icon_size":{"unit":"px","size":30,"sizes":[]},"icon_box_size":{"unit":"px","size":85,"sizes":[]},"icon_border_radius":{"unit":"%","top":"50","right":"50","bottom":"50","left":"50","isLinked":true},"space_between_icon":{"unit":"px","size":35,"sizes":[]},"title_gap":{"unit":"px","size":14,"sizes":[]},"heading_typography_typography":"custom","heading_typography_font_family":"Rubik","heading_typography_font_size":{"unit":"px","size":28,"sizes":[]},"heading_typography_font_weight":"400","heading_typography_line_height":{"unit":"em","size":1.141999999999999904076730672386474907398223876953125,"sizes":[]},"heading_typography_letter_spacing":{"unit":"px","size":-1.3300000000000000710542735760100185871124267578125,"sizes":[]},"title_color":"#FFFFFF","description_typography_typography":"custom","description_typography_font_family":"Karla","description_typography_font_size":{"unit":"px","size":17,"sizes":[]},"description_typography_font_weight":"400","description_typography_line_height":{"unit":"em","size":1.6470000000000000195399252334027551114559173583984375,"sizes":[]},"description_typography_letter_spacing":{"unit":"px","size":-0.40000000000000002220446049250313080847263336181640625,"sizes":[]},"description_color":"#E4E4E4","_margin":{"unit":"px","top":"0","right":"0","bottom":"65","left":"0","isLinked":false},"__globals__":{"icon_color":""},"icon_size_mobile":{"unit":"px","size":20,"sizes":[]},"icon_box_size_mobile":{"unit":"px","size":40,"sizes":[]},"space_between_icon_mobile":{"unit":"px","size":20,"sizes":[]},"_margin_mobile":{"unit":"px","top":"0","right":"0","bottom":"30","left":"0","isLinked":false},"_animation":"fadeIn","_animation_delay":200},"elements":[],"widgetType":"shadepro-inline-icon-box"},{"id":"2f612b5","elType":"widget","settings":{"icon":{"value":"fas fa-mobile-alt","library":"fa-solid"},"title":"Responsive Design","description":"Event is not like most tech conferences. We want our presentations to engage the audience, spark discussion.","change_icon_color":"yes","icon_color":"#5175F8","icon_size":{"unit":"px","size":30,"sizes":[]},"icon_box_size":{"unit":"px","size":85,"sizes":[]},"icon_border_radius":{"unit":"%","top":"50","right":"50","bottom":"50","left":"50","isLinked":true},"space_between_icon":{"unit":"px","size":35,"sizes":[]},"title_gap":{"unit":"px","size":14,"sizes":[]},"heading_typography_typography":"custom","heading_typography_font_family":"Rubik","heading_typography_font_size":{"unit":"px","size":28,"sizes":[]},"heading_typography_font_weight":"400","heading_typography_line_height":{"unit":"em","size":1.141999999999999904076730672386474907398223876953125,"sizes":[]},"heading_typography_letter_spacing":{"unit":"px","size":-1.3300000000000000710542735760100185871124267578125,"sizes":[]},"title_color":"#FFFFFF","description_typography_typography":"custom","description_typography_font_family":"Karla","description_typography_font_size":{"unit":"px","size":17,"sizes":[]},"description_typography_font_weight":"400","description_typography_line_height":{"unit":"em","size":1.6470000000000000195399252334027551114559173583984375,"sizes":[]},"description_typography_letter_spacing":{"unit":"px","size":-0.40000000000000002220446049250313080847263336181640625,"sizes":[]},"description_color":"#E4E4E4","__globals__":{"icon_color":""},"icon_size_mobile":{"unit":"px","size":20,"sizes":[]},"icon_box_size_mobile":{"unit":"px","size":40,"sizes":[]},"space_between_icon_mobile":{"unit":"px","size":20,"sizes":[]},"_animation":"fadeIn","_animation_delay":200,"_margin":{"unit":"px","top":"0","right":"0","bottom":"50","left":"0","isLinked":false},"_margin_mobile":{"unit":"px","top":"0","right":"0","bottom":"30","left":"0","isLinked":false}},"elements":[],"widgetType":"shadepro-inline-icon-box"}],"isInner":true},{"id":"b0f6a2a","elType":"column","settings":{"_column_size":50,"_inline_size":49.9500000000000028421709430404007434844970703125},"elements":[{"id":"4a2fd14","elType":"widget","settings":{"icon":{"value":"fas fa-tools","library":"fa-solid"},"title":"Quick Setup","description":"Event is not like most tech conferences. We want our presentations to engage the audience, spark discussion.","change_icon_color":"yes","icon_color":"#F36D28","icon_size":{"unit":"px","size":30,"sizes":[]},"icon_box_size":{"unit":"px","size":85,"sizes":[]},"icon_border_radius":{"unit":"%","top":"50","right":"50","bottom":"50","left":"50","isLinked":true},"space_between_icon":{"unit":"px","size":35,"sizes":[]},"title_gap":{"unit":"px","size":14,"sizes":[]},"heading_typography_typography":"custom","heading_typography_font_family":"Rubik","heading_typography_font_size":{"unit":"px","size":28,"sizes":[]},"heading_typography_font_weight":"400","heading_typography_line_height":{"unit":"em","size":1.141999999999999904076730672386474907398223876953125,"sizes":[]},"heading_typography_letter_spacing":{"unit":"px","size":-1.3300000000000000710542735760100185871124267578125,"sizes":[]},"title_color":"#FFFFFF","description_typography_typography":"custom","description_typography_font_family":"Karla","description_typography_font_size":{"unit":"px","size":17,"sizes":[]},"description_typography_font_weight":"400","description_typography_line_height":{"unit":"em","size":1.6470000000000000195399252334027551114559173583984375,"sizes":[]},"description_typography_letter_spacing":{"unit":"px","size":-0.40000000000000002220446049250313080847263336181640625,"sizes":[]},"description_color":"#E4E4E4","_margin":{"unit":"px","top":"0","right":"0","bottom":"65","left":"0","isLinked":false},"icon_size_mobile":{"unit":"px","size":20,"sizes":[]},"icon_box_size_mobile":{"unit":"px","size":40,"sizes":[]},"space_between_icon_mobile":{"unit":"px","size":20,"sizes":[]},"_margin_mobile":{"unit":"px","top":"0","right":"0","bottom":"30","left":"0","isLinked":false},"_animation":"fadeIn","_animation_delay":200},"elements":[],"widgetType":"shadepro-inline-icon-box"},{"id":"a810f4e","elType":"widget","settings":{"icon":{"value":"fas fa-seedling","library":"fa-solid"},"title":"Grow Faste","description":"Event is not like most tech conferences. We want our presentations to engage the audience, spark discussion.","change_icon_color":"yes","icon_color":"#3FC218","icon_size":{"unit":"px","size":30,"sizes":[]},"icon_box_size":{"unit":"px","size":85,"sizes":[]},"icon_border_radius":{"unit":"%","top":"50","right":"50","bottom":"50","left":"50","isLinked":true},"space_between_icon":{"unit":"px","size":35,"sizes":[]},"title_gap":{"unit":"px","size":14,"sizes":[]},"heading_typography_typography":"custom","heading_typography_font_family":"Rubik","heading_typography_font_size":{"unit":"px","size":28,"sizes":[]},"heading_typography_font_weight":"400","heading_typography_line_height":{"unit":"em","size":1.141999999999999904076730672386474907398223876953125,"sizes":[]},"heading_typography_letter_spacing":{"unit":"px","size":-1.3300000000000000710542735760100185871124267578125,"sizes":[]},"title_color":"#FFFFFF","description_typography_typography":"custom","description_typography_font_family":"Karla","description_typography_font_size":{"unit":"px","size":17,"sizes":[]},"description_typography_font_weight":"400","description_typography_line_height":{"unit":"em","size":1.6470000000000000195399252334027551114559173583984375,"sizes":[]},"description_typography_letter_spacing":{"unit":"px","size":-0.40000000000000002220446049250313080847263336181640625,"sizes":[]},"description_color":"#E4E4E4","__globals__":{"icon_color":""},"icon_size_mobile":{"unit":"px","size":20,"sizes":[]},"icon_box_size_mobile":{"unit":"px","size":40,"sizes":[]},"space_between_icon_mobile":{"unit":"px","size":20,"sizes":[]},"_animation":"fadeIn","_animation_delay":200,"_margin":{"unit":"px","top":"0","right":"0","bottom":"50","left":"0","isLinked":false},"_margin_mobile":{"unit":"px","top":"0","right":"0","bottom":"30","left":"0","isLinked":false}},"elements":[],"widgetType":"shadepro-inline-icon-box"}],"isInner":true}],"isInner":true}],"isInner":false}],"isInner":false},{"id":"9227bdd","elType":"section","settings":{"padding":{"unit":"px","top":"50","right":"0","bottom":"60","left":"0","isLinked":false},"padding_tablet":{"unit":"px","top":"0","right":"0","bottom":"0","left":"0","isLinked":false},"padding_mobile":{"unit":"px","top":"30","right":"0","bottom":"0","left":"0","isLinked":false}},"elements":[{"id":"b9b242a","elType":"column","settings":{"_column_size":100,"_inline_size":null},"elements":[{"id":"6a7db09","elType":"section","settings":{"content_width":{"unit":"px","size":632,"sizes":[]},"padding_tablet":{"unit":"px","top":"0","right":"80","bottom":"0","left":"80","isLinked":false},"padding_mobile":{"unit":"px","top":"0","right":"0","bottom":"0","left":"0","isLinked":false}},"elements":[{"id":"d294f3e","elType":"column","settings":{"_column_size":100,"_inline_size":null},"elements":[{"id":"eeaebd3","elType":"widget","settings":{"title":"Pricing &amp; Plans","align":"center","title_color":"#000000","typography_typography":"custom","typography_font_family":"Rubik","typography_font_size":{"unit":"px","size":60,"sizes":[]},"typography_font_weight":"400","typography_line_height":{"unit":"em","size":1.233000000000000095923269327613525092601776123046875,"sizes":[]},"typography_letter_spacing":{"unit":"px","size":-3.160000000000000142108547152020037174224853515625,"sizes":[]},"_margin":{"unit":"px","top":"0","right":"0","bottom":"20","left":"0","isLinked":false},"typography_font_size_tablet":{"unit":"px","size":50,"sizes":[]}},"elements":[],"widgetType":"heading"},{"id":"d4c8d37","elType":"widget","settings":{"editor":"<p>Create custom landing pages with Shades that convert more visitors than any website\u2014no coding required.<\/p>","align":"center","text_color":"#222F3F","typography_typography":"custom","typography_font_family":"Karla","typography_font_size":{"unit":"px","size":21,"sizes":[]},"typography_font_weight":"400","typography_line_height":{"unit":"em","size":1.713999999999999968025576890795491635799407958984375,"sizes":[]},"typography_letter_spacing":{"unit":"px","size":-0.40000000000000002220446049250313080847263336181640625,"sizes":[]},"_margin":{"unit":"px","top":"0","right":"0","bottom":"40","left":"0","isLinked":false}},"elements":[],"widgetType":"text-editor"}],"isInner":true}],"isInner":true},{"id":"681a839","elType":"section","settings":{"animation":"fadeInUp"},"elements":[{"id":"4e1143b","elType":"column","settings":{"_column_size":100,"_inline_size":null},"elements":[{"id":"5fcb0df","elType":"widget","settings":{"first_tab_title":"Monthly ","second_tab_title":"Yearly","price_offer":"","pricing_list":[{"only_features":"","title":"Basic","price_currency":"$","price_monthly":"19","price_duration_monthly":"","price_subtitle_monthly":"Per  month","price_yearly":"180","price_duration_yearly":"","price_subtitle_yearly":"Per year","button_label":"Get started now","bottom_info":"","features":"<p>\u00a0Unlimited Blocks<\/p><p>5GB Clould Storages<\/p><p>Custom Domain Names<\/p><p><strong>Unlimited Emails<\/strong><\/p>","_id":"bd6c2ce"},{"only_features":"","title":"PRO","price_currency":"$","price_monthly":"29","price_duration_monthly":"","price_subtitle_monthly":"Per month","price_yearly":"180","price_duration_yearly":"","price_subtitle_yearly":"Per year","button_label":"Get started now","bottom_info":"","features":"<p>\u00a0Unlimited Blocks<\/p><p>5GB Clould Storages<\/p><p>Custom Domain Names<\/p><p>Unlimited Emails\u00a0<\/p>","_id":"717467e","focused":"focused"},{"only_features":"","title":"Smart","price_currency":"$","price_monthly":"49","price_duration_monthly":"","price_subtitle_monthly":"Per month","price_yearly":"180","price_duration_yearly":"","price_subtitle_yearly":"Per year","button_label":"Get started now","bottom_info":"","features":"<p>\u00a0Unlimited Blocks<\/p><p>5GB Clould Storages<\/p><p>Custom Domain Names<\/p><p>Unlimited Emails<\/p>","_id":"41b3358"},{"only_features":"","title":"Exclusive","price_currency":"$","price_monthly":"99","price_duration_monthly":"","price_subtitle_monthly":"Per month","price_yearly":"180","price_duration_yearly":"","price_subtitle_yearly":"Per year","button_label":"Get started now","bottom_info":"","features":"<p>\u00a0Unlimited Blocks<\/p><p>5GB Clould Storages<\/p><p>Custom Domain Names<\/p><p>Unlimited Emails<\/p>","_id":"40667b0"}],"tabs_title_typo_typography":"custom","tabs_title_typo_font_family":"Karla","tabs_title_typo_font_size":{"unit":"px","size":13,"sizes":[]},"tabs_title_typo_letter_spacing":{"unit":"px","size":-0.40000000000000002220446049250313080847263336181640625,"sizes":[]},"tabs_title_color":"#666666","badge_typo_typography":"custom","badge_typo_font_family":"Karla","badge_typo_font_size":{"unit":"px","size":12,"sizes":[]},"badge_typo_letter_spacing":{"unit":"px","size":-0.5100000000000000088817841970012523233890533447265625,"sizes":[]},"badge_color":"#FFFFFF","badge_bg_color":"#F46F7C","badge_radius":{"unit":"px","top":"13","right":"13","bottom":"13","left":"13","isLinked":true},"badge_padding":{"unit":"px","top":"0","right":"15","bottom":"0","left":"15","isLinked":false},"badge_x_postion":{"unit":"px","size":46,"sizes":[]},"badge_y_postion":{"unit":"px","size":33,"sizes":[]},"title_typo_typography":"custom","title_typo_font_family":"Karla","title_typo_font_size":{"unit":"px","size":13,"sizes":[]},"title_typo_font_weight":"700","title_typo_line_height":{"unit":"em","size":2.460999999999999854338739169179461896419525146484375,"sizes":[]},"title_typo_letter_spacing":{"unit":"px","size":0.429999999999999993338661852249060757458209991455078125,"sizes":[]},"title_color":"#666666","price_typo_typography":"custom","price_typo_font_family":"Rubik","price_typo_font_size":{"unit":"px","size":58,"sizes":[]},"price_typo_line_height":{"unit":"em","size":1,"sizes":[]},"price_typo_letter_spacing":{"unit":"px","size":-2,"sizes":[]},"price_color":"#1F1F1F","price_dur_typo_typography":"custom","price_dur_typo_font_family":"Karla","price_dur_typo_font_size":{"unit":"px","size":17,"sizes":[]},"price_dur_typo_font_weight":"700","price_dur_typo_letter_spacing":{"unit":"px","size":-0.68000000000000004884981308350688777863979339599609375,"sizes":[]},"features_typo_typography":"custom","features_typo_font_family":"Rubik","features_typo_font_size":{"unit":"px","size":16,"sizes":[]},"features_typo_font_weight":"400","features_color":"#1F1F1F","features_strong_color":"#8F8F8F","features_strong_typo_typography":"custom","features_strong_typo_font_family":"Rubik","features_strong_typo_font_weight":"400","button_typo_typography":"custom","button_typo_font_family":"Karla","button_typo_font_size":{"unit":"px","size":18,"sizes":[]},"button_typo_font_weight":"700","button_typo_letter_spacing":{"unit":"px","size":-1.060000000000000053290705182007513940334320068359375,"sizes":[]},"btn_color":"#FFFFFF","btn_bg_color":"#333333","button_padding":{"unit":"px","top":"15","right":"40","bottom":"15","left":"40","isLinked":false},"bottom_typo_typography":"custom","bottom_typo_font_family":"Karla","bottom_typo_font_size":{"unit":"px","size":14,"sizes":[]},"bottom_typo_line_height":{"unit":"em","size":2,"sizes":[]},"bottom_typo_letter_spacing":{"unit":"px","size":-0.40000000000000002220446049250313080847263336181640625,"sizes":[]},"bottom_info_olor":"#666666","box_radius":{"unit":"px","top":"0","right":"0","bottom":"0","left":"0","isLinked":true},"box_padding":{"unit":"px","top":"30","right":"0","bottom":"30","left":"0","isLinked":false},"switcher_bg_color":"#F8F8F8","switcher_bg_active_color":"#F8F8F8","switcher_circle_color":"#1290A4","button_radius":{"unit":"px","top":"5","right":"5","bottom":"5","left":"5","isLinked":true},"box_active_border_border":"solid","box_active_border_width":{"unit":"px","top":"3","right":"0","bottom":"1","left":"0","isLinked":false},"box_active_border_color":"#14EE80","features_typo_line_height":{"unit":"em","size":1.8819999999999998951949464753852225840091705322265625,"sizes":[]},"feature_item_gap":{"unit":"px","size":20,"sizes":[]},"feature_gap":{"unit":"px","top":"0","right":"50","bottom":"50","left":"50","isLinked":false},"price_wrap_gap":{"unit":"px","top":"0","right":"0","bottom":"32","left":"0","isLinked":false},"price_subtitle_gap":{"unit":"px","top":"0","right":"0","bottom":"0","left":"0","isLinked":false},"_margin":{"unit":"px","top":"0","right":"0","bottom":"35","left":"0","isLinked":false},"price_currency_typo_typography":"custom","price_currency_typo_font_size":{"unit":"px","size":58,"sizes":[]},"price_currency_typo_letter_spacing":{"unit":"px","size":-1.1999999999999999555910790149937383830547332763671875,"sizes":[]},"switcher_style":"style-2","tabs_title_typo_font_weight":"700","tabs_title_typo_text_transform":"uppercase","tabs_title_active_color":"#FFFFFF","column_gap":{"unit":"px","size":0,"sizes":[]},"feature_border_border":"solid","feature_border_width":{"unit":"px","top":"0","right":"0","bottom":"1","left":"0","isLinked":false},"pricing_border_border":"solid","pricing_border_width":{"unit":"px","top":"0","right":"0","bottom":"1","left":"0","isLinked":false},"pricing_grid":"col-lg-3 col-md-6","content_align":"center","price_typo_font_weight":"400","price_currency_typo_font_family":"Rubik","price_subtitle_typo_typography":"custom","price_subtitle_typo_font_family":"Karla","price_subtitle_typo_font_size":{"unit":"px","size":15,"sizes":[]},"price_subtitle_typo_letter_spacing":{"unit":"px","size":-0.429999999999999993338661852249060757458209991455078125,"sizes":[]},"pricing_border_color":"#E5E5E5","pricing_padding":{"unit":"px","top":"0","right":"0","bottom":"25","left":"0","isLinked":false},"features_typo_letter_spacing":{"unit":"px","size":-0.7600000000000000088817841970012523233890533447265625,"sizes":[]},"features_strong_typo_text_decoration":"line-through","feature_border_color":"#E3E3E3","feature_padding":{"unit":"px","top":"0","right":"0","bottom":"15","left":"0","isLinked":false},"box_border_width":{"unit":"px","top":"1","right":"1","bottom":"1","left":"1","isLinked":false},"box_border_color":"#E5E5E5","btn_active_color":"#333333","btn_active_bg_color":"#14EE80","box_active_radius":{"unit":"px","top":"0","right":"0","bottom":"0","left":"0","isLinked":false}},"elements":[],"widgetType":"shadepro-price-table"}],"isInner":true}],"isInner":true}],"isInner":false}],"isInner":false},{"id":"dcc47da","elType":"section","settings":{"background_background":"classic","background_image":{"url":"https:\/\/finestdevs.com\/demos\/wp\/shadepro\/wp-content\/uploads\/2020\/12\/cta-bg.png","id":6360},"background_position":"bottom center","background_repeat":"no-repeat","padding":{"unit":"px","top":"100","right":"0","bottom":"65","left":"0","isLinked":false},"background_position_mobile":"center center","background_size_mobile":"initial","background_bg_width_mobile":{"unit":"%","size":500,"sizes":[]},"padding_tablet":{"unit":"px","top":"40","right":"0","bottom":"50","left":"0","isLinked":false},"padding_mobile":{"unit":"px","top":"45","right":"0","bottom":"36","left":"0","isLinked":false}},"elements":[{"id":"00dbede","elType":"column","settings":{"_column_size":100,"_inline_size":null},"elements":[{"id":"dbbc6a9","elType":"section","settings":{"content_width":{"unit":"px","size":924,"sizes":[]},"content_position":"middle","structure":"20"},"elements":[{"id":"bdca111","elType":"column","settings":{"_column_size":50,"_inline_size":null,"_inline_size_tablet":60},"elements":[{"id":"894ab57","elType":"widget","settings":{"title":"Ready to get started?","title_color":"#FFFFFF","typography_typography":"custom","typography_font_family":"Rubik","typography_font_size":{"unit":"px","size":48,"sizes":[]},"typography_font_weight":"400","typography_letter_spacing":{"unit":"px","size":-2.529999999999999804600747665972448885440826416015625,"sizes":[]},"typography_font_size_tablet":{"unit":"px","size":46,"sizes":[]}},"elements":[],"widgetType":"heading"}],"isInner":true},{"id":"fc33939","elType":"column","settings":{"_column_size":50,"_inline_size":null,"_inline_size_tablet":40},"elements":[{"id":"8a35910","elType":"widget","settings":{"button_label":"Get started now","button_type":"boxed","boxed_btn_background":"#14EE80","button_align":"right","heading_typography_typography":"custom","heading_typography_font_family":"Karla","heading_typography_font_size":{"unit":"px","size":20,"sizes":[]},"heading_typography_font_weight":"700","heading_typography_line_height":{"unit":"em","size":1,"sizes":[]},"heading_typography_letter_spacing":{"unit":"px","size":-0.40000000000000002220446049250313080847263336181640625,"sizes":[]},"button_padding":{"unit":"px","top":"18","right":"24","bottom":"18","left":"24","isLinked":false},"_margin_tablet":{"unit":"px","top":"0","right":"0","bottom":"0","left":"20","isLinked":false},"button_radius":{"unit":"px","top":"3","right":"3","bottom":"3","left":"3","isLinked":true},"boxed_btn_color":"#333333","button_align_mobile":"left","_margin_mobile":{"unit":"px","top":"0","right":"0","bottom":"0","left":"0","isLinked":false}},"elements":[],"widgetType":"shadepro-btn"}],"isInner":true}],"isInner":true}],"isInner":false}],"isInner":false},{"id":"87c0d05","elType":"section","settings":{"structure":"20","padding":{"unit":"px","top":"150","right":"0","bottom":"90","left":"0","isLinked":false},"padding_tablet":{"unit":"px","top":"60","right":"0","bottom":"70","left":"0","isLinked":false}},"elements":[{"id":"d85148c","elType":"column","settings":{"_column_size":50,"_inline_size":61.57900000000000062527760746888816356658935546875},"elements":[{"id":"7fba9a6","elType":"section","settings":{"_ob_glider_nav_pos_y_alt":"50% - 25px","_ob_glider_nav_pos_x_prev_alt":"0%","_ob_glider_nav_pos_x_next_alt":"0%","structure":"30"},"elements":[{"id":"88452cd","elType":"column","settings":{"_column_size":33,"_inline_size":null,"margin_mobile":{"unit":"px","top":"0","right":"0","bottom":"15","left":"0","isLinked":false}},"elements":[{"id":"35a1cd8","elType":"widget","settings":{"title":"Help menu","header_size":"span","title_color":"#666666","typography_typography":"custom","typography_font_family":"Rubik","typography_font_size":{"unit":"px","size":15,"sizes":[]},"typography_font_weight":"400","typography_letter_spacing":{"unit":"px","size":-0.320000000000000006661338147750939242541790008544921875,"sizes":[]},"_margin":{"unit":"px","top":"0","right":"0","bottom":"40","left":"0","isLinked":false},"_margin_mobile":{"unit":"px","top":"0","right":"0","bottom":"25","left":"0","isLinked":false}},"elements":[],"widgetType":"heading"},{"id":"2d777b2","elType":"widget","settings":{"icon_list":[{"text":"About","selected_icon":{"value":"","library":""},"_id":"aed051a","link":{"url":"#","is_external":"","nofollow":"","custom_attributes":""}},{"text":"Features","selected_icon":{"value":"","library":""},"_id":"cd6942b","link":{"url":"#","is_external":"","nofollow":"","custom_attributes":""}},{"text":"Works","selected_icon":{"value":"","library":""},"_id":"a80aaf9","link":{"url":"#","is_external":"","nofollow":"","custom_attributes":""}}],"space_between":{"unit":"px","size":20,"sizes":[]},"text_color":"#1F1F1F","icon_typography_typography":"custom","icon_typography_font_family":"Karla","icon_typography_font_size":{"unit":"px","size":15,"sizes":[]},"icon_typography_font_weight":"700","icon_typography_line_height":{"unit":"px","size":"","sizes":[]},"icon_typography_letter_spacing":{"unit":"px","size":-0.40000000000000002220446049250313080847263336181640625,"sizes":[]},"text_color_hover":"#14EE80"},"elements":[],"widgetType":"icon-list"}],"isInner":true},{"id":"4ce7e0a","elType":"column","settings":{"_column_size":33,"_inline_size":null,"margin_mobile":{"unit":"px","top":"0","right":"0","bottom":"15","left":"0","isLinked":false}},"elements":[{"id":"eab3498","elType":"widget","settings":{"space_tablet":{"unit":"px","size":68,"sizes":[]},"space_mobile":{"unit":"px","size":0,"sizes":[]}},"elements":[],"widgetType":"spacer"},{"id":"177f8f5","elType":"widget","settings":{"icon_list":[{"text":"Contact","selected_icon":{"value":"","library":""},"_id":"aed051a","link":{"url":"#","is_external":"","nofollow":"","custom_attributes":""}},{"text":"Help & Support","selected_icon":{"value":"","library":""},"_id":"cd6942b","link":{"url":"#","is_external":"","nofollow":"","custom_attributes":""}},{"text":"Privacy Policy","selected_icon":{"value":"","library":""},"_id":"a80aaf9","link":{"url":"#","is_external":"","nofollow":"","custom_attributes":""}}],"space_between":{"unit":"px","size":20,"sizes":[]},"text_color":"#1F1F1F","icon_typography_typography":"custom","icon_typography_font_family":"Karla","icon_typography_font_size":{"unit":"px","size":15,"sizes":[]},"icon_typography_font_weight":"700","icon_typography_line_height":{"unit":"px","size":"","sizes":[]},"icon_typography_letter_spacing":{"unit":"px","size":-0.40000000000000002220446049250313080847263336181640625,"sizes":[]},"text_color_hover":"#14EE80"},"elements":[],"widgetType":"icon-list"}],"isInner":true},{"id":"4f8a535","elType":"column","settings":{"_column_size":33,"_inline_size":null},"elements":[{"id":"a5533ff","elType":"widget","settings":{"title":"Products","header_size":"span","title_color":"#666666","typography_typography":"custom","typography_font_family":"Rubik","typography_font_size":{"unit":"px","size":15,"sizes":[]},"typography_font_weight":"400","typography_letter_spacing":{"unit":"px","size":-0.320000000000000006661338147750939242541790008544921875,"sizes":[]},"_margin":{"unit":"px","top":"0","right":"0","bottom":"40","left":"0","isLinked":false},"_margin_mobile":{"unit":"px","top":"0","right":"0","bottom":"25","left":"0","isLinked":false}},"elements":[],"widgetType":"heading"},{"id":"88a678c","elType":"widget","settings":{"icon_list":[{"text":"Shades Pro","selected_icon":{"value":"","library":""},"_id":"aed051a","link":{"url":"#","is_external":"","nofollow":"","custom_attributes":""}},{"text":"Essential Blocks","selected_icon":{"value":"","library":""},"_id":"cd6942b","link":{"url":"#","is_external":"","nofollow":"","custom_attributes":""}},{"text":"Avasta Dash","selected_icon":{"value":"","library":""},"_id":"a80aaf9","link":{"url":"#","is_external":"","nofollow":"","custom_attributes":""}}],"space_between":{"unit":"px","size":20,"sizes":[]},"text_color":"#1F1F1F","icon_typography_typography":"custom","icon_typography_font_family":"Karla","icon_typography_font_size":{"unit":"px","size":15,"sizes":[]},"icon_typography_font_weight":"700","icon_typography_line_height":{"unit":"px","size":"","sizes":[]},"icon_typography_letter_spacing":{"unit":"px","size":-0.40000000000000002220446049250313080847263336181640625,"sizes":[]},"text_color_hover":"#14EE80"},"elements":[],"widgetType":"icon-list"}],"isInner":true}],"isInner":true}],"isInner":false},{"id":"746fd31","elType":"column","settings":{"_column_size":50,"_inline_size":38.37700000000000244426701101474463939666748046875},"elements":[{"id":"1b67307","elType":"section","settings":{"gap":"no","background_background":"classic","background_color":"#E7F4ED","border_radius":{"unit":"px","top":"5","right":"5","bottom":"5","left":"5","isLinked":true},"padding":{"unit":"px","top":"20","right":"30","bottom":"40","left":"30","isLinked":false},"padding_mobile":{"unit":"px","top":"30","right":"10","bottom":"40","left":"10","isLinked":false}},"elements":[{"id":"0658c4f","elType":"column","settings":{"_column_size":100,"_inline_size":null},"elements":[{"id":"6ef88cb","elType":"widget","settings":{"title":"Subscribe to our newsletter","header_size":"span","title_color":"#666666","typography_typography":"custom","typography_font_family":"Rubik","typography_font_size":{"unit":"px","size":15,"sizes":[]},"typography_font_weight":"400","typography_letter_spacing":{"unit":"px","size":-0.320000000000000006661338147750939242541790008544921875,"sizes":[]},"_margin":{"unit":"px","top":"0","right":"0","bottom":"10","left":"0","isLinked":false},"_margin_mobile":{"unit":"px","top":"0","right":"0","bottom":"25","left":"0","isLinked":false}},"elements":[],"widgetType":"heading"},{"id":"bd98b0a","elType":"widget","settings":{"title":"Subscribe to get lastest offers, news and events announcements. No spam in your inbox.","title_color":"#000000","typography_typography":"custom","typography_font_family":"Rubik","typography_font_size":{"unit":"px","size":16,"sizes":[]},"typography_font_weight":"400","typography_line_height":{"unit":"em","size":1.75,"sizes":[]},"_margin":{"unit":"px","top":"0","right":"0","bottom":"21","left":"0","isLinked":false}},"elements":[],"widgetType":"heading"},{"id":"ed464bb","elType":"widget","settings":{"subscribe_form_style":"style--two","subscribe_shortecode":"[contact-form-7 id=\"6505\" title=\"Subscriber Form Only Icon\"]","subscribe_input_text_typography":"custom","subscribe_input_text_font_family":"Karla","subscribe_input_text_font_weight":"400","subscribe_form_margin":{"unit":"px","top":"0","right":"0","bottom":"0","left":"0","isLinked":true},"subscribe_button_color":"#14EE80","subscribe_btn_margin":{"unit":"px","top":"0","right":"0","bottom":"0","left":"0","isLinked":false},"button_width":{"unit":"px","size":60,"sizes":[]},"subscribe_button_border_radius":{"unit":"px","top":"0","right":"5","bottom":"5","left":"0","isLinked":false}},"elements":[],"widgetType":"ama-subscribe-form"}],"isInner":true}],"isInner":true}],"isInner":false}],"isInner":false}] ]]></wp:meta_value>
										</wp:postmeta>
																				<wp:postmeta>
											<wp:meta_key>_oembed_ecf5870d5d246de6f2998d79f20c957a</wp:meta_key>
											<wp:meta_value><![CDATA[{{unknown}}]]></wp:meta_value>
										</wp:postmeta>
																				<wp:postmeta>
											<wp:meta_key>_elementor_controls_usage</wp:meta_key>
											<wp:meta_value><![CDATA[a:13:{s:8:"ama-logo";a:3:{s:5:"count";i:1;s:15:"control_percent";i:1;s:8:"controls";a:1:{s:7:"content";a:1:{s:14:"section_layout";a:1:{s:11:"image_width";i:1;}}}}s:6:"column";a:3:{s:5:"count";i:30;s:15:"control_percent";i:0;s:8:"controls";a:2:{s:6:"layout";a:1:{s:6:"layout";a:6:{s:12:"_inline_size";i:30;s:19:"_inline_size_mobile";i:2;s:19:"_inline_size_tablet";i:10;s:5:"align";i:1;s:16:"content_position";i:1;s:23:"content_position_tablet";i:1;}}s:8:"advanced";a:2:{s:16:"section_advanced";a:3:{s:6:"margin";i:4;s:13:"margin_tablet";i:2;s:13:"margin_mobile";i:4;}s:15:"section_effects";a:1:{s:9:"animation";i:1;}}}}s:18:"shadepro-main-menu";a:3:{s:5:"count";i:1;s:15:"control_percent";i:8;s:8:"controls";a:3:{s:7:"content";a:1:{s:7:"general";a:2:{s:12:"primary_menu";i:1;s:10:"menu_align";i:1;}}s:5:"style";a:3:{s:10:"menu_style";a:6:{s:10:"menu_color";i:1;s:16:"menu_hover_color";i:1;s:26:"menu_typography_typography";i:1;s:27:"menu_typography_font_family";i:1;s:25:"menu_typography_font_size";i:1;s:27:"menu_typography_font_weight";i:1;}s:14:"megamenu_style";a:8:{s:20:"megamenu_panel_width";i:1;s:35:"megamenu_title_typography_font_size";i:1;s:19:"megamenu_width_type";i:1;s:36:"megamenu_title_typography_typography";i:1;s:40:"megamenu_title_typography_text_transform";i:1;s:40:"megamenu_title_typography_letter_spacing";i:1;s:20:"megamenu_title_color";i:1;s:16:"megamenu_padding";i:1;}s:14:"dropdown_style";a:4:{s:30:"dripdown_typography_typography";i:1;s:31:"dripdown_typography_font_family";i:1;s:29:"dripdown_typography_font_size";i:1;s:31:"dripdown_typography_font_weight";i:1;}}s:8:"advanced";a:2:{s:14:"_section_style";a:1:{s:8:"_z_index";i:1;}s:17:"_section_position";a:1:{s:14:"_element_width";i:1;}}}}s:12:"shadepro-btn";a:3:{s:5:"count";i:5;s:15:"control_percent";i:7;s:8:"controls";a:3:{s:7:"content";a:1:{s:6:"button";a:5:{s:12:"button_label";i:5;s:11:"button_type";i:3;s:12:"button_align";i:3;s:4:"icon";i:2;s:19:"button_align_mobile";i:1;}}s:5:"style";a:2:{s:12:"button_style";a:11:{s:20:"boxed_btn_background";i:3;s:29:"heading_typography_typography";i:5;s:30:"heading_typography_font_family";i:5;s:28:"heading_typography_font_size";i:5;s:30:"heading_typography_font_weight";i:5;s:30:"heading_typography_line_height";i:3;s:33:"heading_typography_letter_spacing";i:5;s:14:"button_padding";i:3;s:13:"button_radius";i:3;s:15:"boxed_btn_color";i:2;s:16:"inline_btn_color";i:2;}s:10:"icon_style";a:3:{s:9:"icon_size";i:2;s:8:"icon_gap";i:2;s:10:"icon_color";i:2;}}s:8:"advanced";a:3:{s:14:"_section_style";a:3:{s:7:"_margin";i:1;s:14:"_margin_tablet";i:2;s:14:"_margin_mobile";i:1;}s:17:"_section_position";a:1:{s:14:"_element_width";i:1;}s:19:"_section_responsive";a:1:{s:11:"hide_mobile";i:1;}}}}s:7:"section";a:3:{s:5:"count";i:17;s:15:"control_percent";i:1;s:8:"controls";a:3:{s:6:"layout";a:2:{s:14:"section_layout";a:5:{s:16:"content_position";i:2;s:8:"overflow";i:1;s:3:"gap";i:3;s:15:"stretch_section";i:1;s:13:"content_width";i:3;}s:17:"section_structure";a:1:{s:9:"structure";i:9;}}s:8:"advanced";a:3:{s:16:"section_advanced";a:4:{s:7:"z_index";i:1;s:7:"padding";i:11;s:14:"padding_mobile";i:10;s:14:"padding_tablet";i:7;}s:19:"_section_responsive";a:1:{s:20:"reverse_order_mobile";i:2;}s:15:"section_effects";a:1:{s:9:"animation";i:1;}}s:5:"style";a:3:{s:18:"section_background";a:11:{s:21:"background_background";i:4;s:16:"background_image";i:4;s:19:"background_position";i:4;s:17:"background_repeat";i:4;s:15:"background_size";i:1;s:19:"background_bg_width";i:1;s:22:"background_size_tablet";i:1;s:22:"background_size_mobile";i:3;s:26:"background_position_mobile";i:2;s:26:"background_bg_width_mobile";i:2;s:16:"background_color";i:1;}s:21:"section_shape_divider";a:7:{s:26:"shape_divider_bottom_color";i:1;s:26:"shape_divider_bottom_width";i:1;s:33:"shape_divider_bottom_width_tablet";i:1;s:27:"shape_divider_bottom_height";i:1;s:34:"shape_divider_bottom_height_tablet";i:1;s:25:"shape_divider_bottom_flip";i:1;s:29:"shape_divider_bottom_negative";i:1;}s:14:"section_border";a:4:{s:13:"border_border";i:1;s:12:"border_width";i:1;s:12:"border_color";i:1;s:13:"border_radius";i:1;}}}}s:7:"heading";a:3:{s:5:"count";i:10;s:15:"control_percent";i:4;s:8:"controls";a:3:{s:7:"content";a:1:{s:13:"section_title";a:3:{s:5:"title";i:10;s:5:"align";i:2;s:11:"header_size";i:3;}}s:5:"style";a:1:{s:19:"section_title_style";a:9:{s:11:"title_color";i:10;s:21:"typography_typography";i:10;s:22:"typography_font_family";i:10;s:20:"typography_font_size";i:10;s:22:"typography_font_weight";i:10;s:22:"typography_line_height";i:5;s:25:"typography_letter_spacing";i:8;s:27:"typography_font_size_tablet";i:5;s:27:"typography_font_size_mobile";i:1;}}s:8:"advanced";a:1:{s:14:"_section_style";a:2:{s:7:"_margin";i:9;s:14:"_margin_mobile";i:3;}}}}s:11:"text-editor";a:3:{s:5:"count";i:4;s:15:"control_percent";i:4;s:8:"controls";a:3:{s:7:"content";a:1:{s:14:"section_editor";a:1:{s:6:"editor";i:4;}}s:5:"style";a:1:{s:13:"section_style";a:8:{s:10:"text_color";i:4;s:21:"typography_typography";i:4;s:22:"typography_font_family";i:4;s:20:"typography_font_size";i:4;s:22:"typography_font_weight";i:4;s:22:"typography_line_height";i:4;s:25:"typography_letter_spacing";i:4;s:5:"align";i:1;}}s:8:"advanced";a:1:{s:14:"_section_style";a:3:{s:7:"_margin";i:4;s:14:"_margin_tablet";i:1;s:14:"_margin_mobile";i:1;}}}}s:5:"image";a:3:{s:5:"count";i:9;s:15:"control_percent";i:2;s:8:"controls";a:3:{s:7:"content";a:1:{s:13:"section_image";a:3:{s:5:"image";i:9;s:10:"image_size";i:9;s:5:"align";i:7;}}s:8:"advanced";a:3:{s:14:"_section_style";a:2:{s:7:"_margin";i:3;s:14:"_margin_tablet";i:1;}s:15:"section_effects";a:2:{s:10:"_animation";i:4;s:16:"_animation_delay";i:1;}s:17:"_section_position";a:9:{s:14:"_element_width";i:1;s:21:"_element_custom_width";i:1;s:9:"_position";i:1;s:9:"_offset_x";i:1;s:9:"_offset_y";i:1;s:21:"_element_width_tablet";i:1;s:28:"_element_custom_width_tablet";i:1;s:16:"_offset_x_tablet";i:1;s:16:"_offset_y_tablet";i:1;}}s:5:"style";a:1:{s:19:"section_style_image";a:4:{s:22:"css_filters_css_filter";i:5;s:22:"css_filters_brightness";i:5;s:20:"css_filters_saturate";i:5;s:5:"width";i:2;}}}}s:24:"shadepro-inline-icon-box";a:3:{s:5:"count";i:4;s:15:"control_percent";i:11;s:8:"controls";a:3:{s:7:"content";a:1:{s:15:"content_section";a:3:{s:4:"icon";i:4;s:5:"title";i:4;s:11:"description";i:4;}}s:5:"style";a:2:{s:10:"icon_style";a:9:{s:17:"change_icon_color";i:4;s:10:"icon_color";i:4;s:9:"icon_size";i:4;s:13:"icon_box_size";i:4;s:18:"icon_border_radius";i:4;s:18:"space_between_icon";i:4;s:16:"icon_size_mobile";i:4;s:20:"icon_box_size_mobile";i:4;s:25:"space_between_icon_mobile";i:4;}s:13:"content_style";a:15:{s:9:"title_gap";i:4;s:29:"heading_typography_typography";i:4;s:30:"heading_typography_font_family";i:4;s:28:"heading_typography_font_size";i:4;s:30:"heading_typography_font_weight";i:4;s:30:"heading_typography_line_height";i:4;s:33:"heading_typography_letter_spacing";i:4;s:11:"title_color";i:4;s:33:"description_typography_typography";i:4;s:34:"description_typography_font_family";i:4;s:32:"description_typography_font_size";i:4;s:34:"description_typography_font_weight";i:4;s:34:"description_typography_line_height";i:4;s:37:"description_typography_letter_spacing";i:4;s:17:"description_color";i:4;}}s:8:"advanced";a:2:{s:14:"_section_style";a:2:{s:7:"_margin";i:4;s:14:"_margin_mobile";i:4;}s:15:"section_effects";a:2:{s:10:"_animation";i:4;s:16:"_animation_delay";i:4;}}}}s:20:"shadepro-price-table";a:3:{s:5:"count";i:1;s:15:"control_percent";i:21;s:8:"controls";a:3:{s:7:"content";a:2:{s:10:"price_tabs";a:3:{s:16:"second_tab_title";i:1;s:11:"price_offer";i:1;s:14:"switcher_style";i:1;}s:12:"price_tables";a:4:{s:12:"pricing_list";i:1;s:10:"column_gap";i:1;s:12:"pricing_grid";i:1;s:13:"content_align";i:1;}}s:5:"style";a:8:{s:17:"pricing_tabs_tyle";a:11:{s:26:"tabs_title_typo_typography";i:1;s:27:"tabs_title_typo_font_family";i:1;s:25:"tabs_title_typo_font_size";i:1;s:30:"tabs_title_typo_letter_spacing";i:1;s:16:"tabs_title_color";i:1;s:17:"switcher_bg_color";i:1;s:24:"switcher_bg_active_color";i:1;s:21:"switcher_circle_color";i:1;s:27:"tabs_title_typo_font_weight";i:1;s:30:"tabs_title_typo_text_transform";i:1;s:23:"tabs_title_active_color";i:1;}s:11:"Price Badge";a:10:{s:21:"badge_typo_typography";i:1;s:22:"badge_typo_font_family";i:1;s:20:"badge_typo_font_size";i:1;s:25:"badge_typo_letter_spacing";i:1;s:11:"badge_color";i:1;s:14:"badge_bg_color";i:1;s:12:"badge_radius";i:1;s:13:"badge_padding";i:1;s:15:"badge_x_postion";i:1;s:15:"badge_y_postion";i:1;}s:11:"Title_style";a:7:{s:21:"title_typo_typography";i:1;s:22:"title_typo_font_family";i:1;s:20:"title_typo_font_size";i:1;s:22:"title_typo_font_weight";i:1;s:22:"title_typo_line_height";i:1;s:25:"title_typo_letter_spacing";i:1;s:11:"title_color";i:1;}s:11:"price_style";a:26:{s:21:"price_typo_typography";i:1;s:22:"price_typo_font_family";i:1;s:20:"price_typo_font_size";i:1;s:22:"price_typo_line_height";i:1;s:25:"price_typo_letter_spacing";i:1;s:11:"price_color";i:1;s:25:"price_dur_typo_typography";i:1;s:26:"price_dur_typo_font_family";i:1;s:24:"price_dur_typo_font_size";i:1;s:26:"price_dur_typo_font_weight";i:1;s:29:"price_dur_typo_letter_spacing";i:1;s:14:"price_wrap_gap";i:1;s:18:"price_subtitle_gap";i:1;s:30:"price_currency_typo_typography";i:1;s:29:"price_currency_typo_font_size";i:1;s:34:"price_currency_typo_letter_spacing";i:1;s:21:"pricing_border_border";i:1;s:20:"pricing_border_width";i:1;s:22:"price_typo_font_weight";i:1;s:31:"price_currency_typo_font_family";i:1;s:30:"price_subtitle_typo_typography";i:1;s:31:"price_subtitle_typo_font_family";i:1;s:29:"price_subtitle_typo_font_size";i:1;s:34:"price_subtitle_typo_letter_spacing";i:1;s:20:"pricing_border_color";i:1;s:15:"pricing_padding";i:1;}s:13:"feature_style";a:18:{s:24:"features_typo_typography";i:1;s:25:"features_typo_font_family";i:1;s:23:"features_typo_font_size";i:1;s:25:"features_typo_font_weight";i:1;s:14:"features_color";i:1;s:21:"features_strong_color";i:1;s:31:"features_strong_typo_typography";i:1;s:32:"features_strong_typo_font_family";i:1;s:32:"features_strong_typo_font_weight";i:1;s:25:"features_typo_line_height";i:1;s:16:"feature_item_gap";i:1;s:11:"feature_gap";i:1;s:21:"feature_border_border";i:1;s:20:"feature_border_width";i:1;s:28:"features_typo_letter_spacing";i:1;s:36:"features_strong_typo_text_decoration";i:1;s:20:"feature_border_color";i:1;s:15:"feature_padding";i:1;}s:12:"button_style";a:11:{s:22:"button_typo_typography";i:1;s:23:"button_typo_font_family";i:1;s:21:"button_typo_font_size";i:1;s:23:"button_typo_font_weight";i:1;s:26:"button_typo_letter_spacing";i:1;s:9:"btn_color";i:1;s:12:"btn_bg_color";i:1;s:14:"button_padding";i:1;s:13:"button_radius";i:1;s:16:"btn_active_color";i:1;s:19:"btn_active_bg_color";i:1;}s:11:"bottom_text";a:6:{s:22:"bottom_typo_typography";i:1;s:23:"bottom_typo_font_family";i:1;s:21:"bottom_typo_font_size";i:1;s:23:"bottom_typo_line_height";i:1;s:26:"bottom_typo_letter_spacing";i:1;s:16:"bottom_info_olor";i:1;}s:3:"Box";a:8:{s:10:"box_radius";i:1;s:11:"box_padding";i:1;s:24:"box_active_border_border";i:1;s:23:"box_active_border_width";i:1;s:23:"box_active_border_color";i:1;s:16:"box_border_width";i:1;s:16:"box_border_color";i:1;s:17:"box_active_radius";i:1;}}s:8:"advanced";a:1:{s:14:"_section_style";a:1:{s:7:"_margin";i:1;}}}}s:9:"icon-list";a:3:{s:5:"count";i:3;s:15:"control_percent";i:4;s:8:"controls";a:2:{s:7:"content";a:1:{s:12:"section_icon";a:1:{s:9:"icon_list";i:3;}}s:5:"style";a:2:{s:17:"section_icon_list";a:1:{s:13:"space_between";i:3;}s:18:"section_text_style";a:8:{s:10:"text_color";i:3;s:26:"icon_typography_typography";i:3;s:27:"icon_typography_font_family";i:3;s:25:"icon_typography_font_size";i:3;s:27:"icon_typography_font_weight";i:3;s:27:"icon_typography_line_height";i:3;s:30:"icon_typography_letter_spacing";i:3;s:16:"text_color_hover";i:3;}}}}s:6:"spacer";a:3:{s:5:"count";i:1;s:15:"control_percent";i:1;s:8:"controls";a:1:{s:7:"content";a:1:{s:14:"section_spacer";a:2:{s:12:"space_tablet";i:1;s:12:"space_mobile";i:1;}}}}s:18:"ama-subscribe-form";a:3:{s:5:"count";i:1;s:15:"control_percent";i:4;s:8:"controls";a:1:{s:7:"content";a:3:{s:14:"section_layout";a:2:{s:20:"subscribe_form_style";i:1;s:20:"subscribe_shortecode";i:1;}s:19:"section_layout_form";a:4:{s:31:"subscribe_input_text_typography";i:1;s:32:"subscribe_input_text_font_family";i:1;s:32:"subscribe_input_text_font_weight";i:1;s:21:"subscribe_form_margin";i:1;}s:21:"section_layout_button";a:4:{s:22:"subscribe_button_color";i:1;s:20:"subscribe_btn_margin";i:1;s:12:"button_width";i:1;s:30:"subscribe_button_border_radius";i:1;}}}}}]]></wp:meta_value>
										</wp:postmeta>
																				<wp:postmeta>
											<wp:meta_key>_elementor_css</wp:meta_key>
											<wp:meta_value><![CDATA[a:6:{s:4:"time";i:1612446805;s:5:"fonts";a:2:{i:0;s:5:"Rubik";i:2;s:5:"Karla";}s:5:"icons";a:2:{i:0;s:0:"";i:2;s:8:"fa-solid";}s:20:"dynamic_elements_ids";a:0:{}s:6:"status";s:4:"file";i:0;s:0:"";}]]></wp:meta_value>
										</wp:postmeta>
																						</item>
							</channel>
</rss>
			