{"last_tab":"1","enable_preloader":"1","custom_accent_color":"#473BF0","heading_color":"#161C2D","text_color":"#6E727D","logo":{"url":"https:\/\/finestdevs.com\/demos\/wp\/shadepro\/wp-content\/uploads\/2020\/11\/logo.svg","id":"4853","height":"","width":"","thumbnail":"https:\/\/finestdevs.com\/demos\/wp\/shadepro\/wp-content\/uploads\/2020\/11\/logo.svg"},"white_logo":{"url":"https:\/\/finestdevs.com\/demos\/wp\/shadepro\/wp-content\/uploads\/2020\/08\/shadepro-logo-white.png","id":"146","height":"26","width":"131","thumbnail":"https:\/\/finestdevs.com\/demos\/wp\/shadepro\/wp-content\/uploads\/2020\/08\/shadepro-logo-white.png"},"logo_max_width_desktop":"120","logo_max_width_mobile":"120","body_typography":{"font-family":"Circular Std","font-options":"","google":"1","font-backup":"","font-weight":"","font-style":"","subsets":"","text-align":"","font-size":"","line-height":"","letter-spacing":"","color":""},"heading_typography":{"font-family":"Circular Std","font-options":"","google":"1","font-backup":"","font-weight":"700","font-style":"","subsets":"","text-align":"","font-size":"","line-height":"","letter-spacing":"","color":""},"breadcrumb_on":"1","breadcrumb_sep":"-","breadcrumb_background":{"background-color":"transparent","background-repeat":"","background-size":"","background-attachment":"","background-position":"","background-image":"","media":{"id":"","height":"","width":"","thumbnail":""}},"breadcrumb_spacing":{"units":"","padding-top":"","padding-right":"","padding-bottom":"","padding-left":""},"breadcrumb_typography":{"font-family":"Circular Std","font-options":"","google":"1","font-backup":"","font-weight":"","font-style":"","subsets":"","text-align":"","font-size":"","line-height":"","letter-spacing":"","color":""},"bp_title":"Our Blog","blog_hero_caption":"Read our latest blog posts","blog_layout":"right-sidebar","blog_grid":"two-column","continue_reading_title":"Continue reading","sp_title":"Blog Details","single_page_layout":"fullpage","shop_title":"Our Shop","shop_bread_caption":"By accessing and placing an order with Finestdevs, you confirm that you are in agreement with and bound by the terms and conditions.","job_title":"Current job openings","job_hero_caption":"With lots of unique blocks, you can easily build a page without coding. Build your next consultancy website within few minutes.","portfolio":"1","service":"1","team":"1","job":"1","redux-backup":1}